
===============================================================================
Notice: Errors in script loaded from Ride.st
===============================================================================
THERE_BE_DRAGONS_HERE
OCCodeError:OCSyntaxErrorNotice ???>>#DoIt 164:Variable or expression expected->
2 October 2026 9:48:24.865592 pm

VM: Mac OS - arm64 - 1000 - CoInterpreter VMMaker-tonel.1 uuid: 80e43a52-2018-0e00-bce4-820906d86bc4 Sep 18 2026
StackToRegisterMappingCogit VMMaker-tonel.1 uuid: 80e43a52-2018-0e00-bce4-820906d86bc4 Sep 18 2026
v10.3.11+0.a585304b1 - Commit: a585304b1 - Date: 2026-09-16 09:19:54 +0200

Image: Pharo13.1.0SNAPSHOT [Build information: Pharo-13.1.0+SNAPSHOT.build.749.sha.d7c6f761d5445e8b04a0aa5137e0d546ad9bcd89 (64 Bit)]

OCSyntaxErrorNotice(OCNotice)>>signalError
	Receiver: OCSyntaxErrorNotice(164:Variable or expression expected)
	Arguments and temporary variables: 
x
	Receiver's instance variables: 
		messageText: 	nil
		node: 	OCParseErrorNode()


OCSequenceNode(OCProgramNode)>>checkFaulty:
	Receiver: OCSequenceNode(Object
	subclass: #Ride
	instanceVariableNames:
	'rideID pickupLocation[..]
	Arguments and temporary variables: 
		aBlock: 	nil
		errorNotice: 	OCSyntaxErrorNotice(164:Variable or expression expected)
	Receiver's instance variables: 
		parent: 	DoIt

	Object
		subclass: #Ride
		instanceVariableNames:
		'rideID [..]
		properties: 	nil
		leftBar: 	nil
		rightBar: 	nil
		statements: 	an OrderedCollection(OCMessageNode(Object
	subclass: #Ride
	ins[..]
		periods: 	an OrderedCollection(153 259 290 323 350 362 392 438 486 520 567 785)
		temporaries: 	an OrderedCollection()


OCParser class>>parseExpression:onError:
	Receiver: OCParser
	Arguments and temporary variables: 
		aString: 	'Object subclass: #Ride
    instanceVariableNames: ''rideID pickup[..]
		aBlock: 	nil
	Receiver's instance variables: 
		superclass: 	Object
		methodDict: 	a MethodDictionary(#addCommentsTo:->OCParser>>#addCommentsTo: #[..]
		format: 	65542
		layout: 	a FixedLayout
		protocols: 	an Array(Protocol (private - classes) - 17 selector(s) Protocol [..]
		subclasses: 	{RBParser. OCPatternParser. OCTargetCompilerParser}
		name: 	#OCParser
		classPool: 	nil
		sharedPools: 	an OrderedCollection()
		environment: 	a SystemEnvironment(lots of globals)
		commentSourcePointer: 	40132064
		packageTag: 	a PackageTag(Parser)


OCParser class>>parseExpression:
	Receiver: OCParser
	Arguments and temporary variables: 
		aString: 	'Object subclass: #Ride
    instanceVariableNames: ''rideID pickup[..]
	Receiver's instance variables: 
		superclass: 	Object
		methodDict: 	a MethodDictionary(#addCommentsTo:->OCParser>>#addCommentsTo: #[..]
		format: 	65542
		layout: 	a FixedLayout
		protocols: 	an Array(Protocol (private - classes) - 17 selector(s) Protocol [..]
		subclasses: 	{RBParser. OCPatternParser. OCTargetCompilerParser}
		name: 	#OCParser
		classPool: 	nil
		sharedPools: 	an OrderedCollection()
		environment: 	a SystemEnvironment(lots of globals)
		commentSourcePointer: 	40132064
		packageTag: 	a PackageTag(Parser)


DoItChunk>>importFor:logSource:
	Receiver: a DoItChunk(Object subclass: #Ride
    instanceVariableNames: 'rideID pickupLocation d[..]
	Arguments and temporary variables: 
		requestor: 	nil
		logSource: 	true
		ast: 	nil
	Receiver's instance variables: 
		contents: 	'Object subclass: #Ride
    instanceVariableNames: ''rideID picku[..]


[ :declaration |
		value := declaration importFor: nil logSource: logSource  ] in CodeImporter>>evaluate
	Receiver: a CodeImporter
	Arguments and temporary variables: 
		value: 	nil
		declaration: 	a DoItChunk(Object subclass: #Ride
    instanceVariableNames: [..]
	Receiver's instance variables: 
		readStream: 	a ZnCharacterReadStream
		codeDeclarations: 	an OrderedCollection(a DoItChunk(Object subclass: #Ride
 [..]
		parserClass: 	ChunkFileFormatParser
		logSource: 	true


OrderedCollection>>do:
	Receiver: an OrderedCollection(a DoItChunk(Object subclass: #Ride
    instanceVariableNames: 'ri[..]
	Arguments and temporary variables: 
		aBlock: 	[ :declaration |
		value := declaration importFor: nil logSource: l[..]
		index: 	1
	Receiver's instance variables: 
		array: 	an Array(a DoItChunk(Object subclass: #Ride
    instanceVariableName[..]
		firstIndex: 	1
		lastIndex: 	1


CodeImporter>>evaluate
	Receiver: a CodeImporter
	Arguments and temporary variables: 
		value: 	nil
	Receiver's instance variables: 
		readStream: 	a ZnCharacterReadStream
		codeDeclarations: 	an OrderedCollection(a DoItChunk(Object subclass: #Ride
 [..]
		parserClass: 	ChunkFileFormatParser
		logSource: 	true


[ codeImporter evaluate ] in STCommandLineHandler>>installSourceFile:
	Receiver: a STCommandLineHandler
	Arguments and temporary variables: 
		aReference: 	a File
		codeImporter: 	a CodeImporter
	Receiver's instance variables: 
		commandLine: 	a CommandLineArguments
		session: 	a WorkingSession
		stdout: 	a VTermOutputDriver
		stderr: 	a VTermOutputDriver
		sourceFiles: 	an OrderedCollection(a File)


FullBlockClosure(BlockClosure)>>on:do:
	Receiver: [ codeImporter evaluate ]
	Arguments and temporary variables: 
		exception: 	Error
		handlerAction: 	[ :e | self handleError: e reference: aReference ]
	Receiver's instance variables: 
		outerContext: 	STCommandLineHandler>>installSourceFile:
		compiledBlock: 	a CompiledBlock: [ codeImporter evaluate ]
		numArgs: 	0
		receiver: 	a STCommandLineHandler


STCommandLineHandler>>handleErrorsDuring:reference:
	Receiver: a STCommandLineHandler
	Arguments and temporary variables: 
		aBlock: 	[ codeImporter evaluate ]
		aReference: 	a File
	Receiver's instance variables: 
		commandLine: 	a CommandLineArguments
		session: 	a WorkingSession
		stdout: 	a VTermOutputDriver
		stderr: 	a VTermOutputDriver
		sourceFiles: 	an OrderedCollection(a File)


STCommandLineHandler>>installSourceFile:
	Receiver: a STCommandLineHandler
	Arguments and temporary variables: 
		codeImporter: 	a CodeImporter
		aReference: 	a File
	Receiver's instance variables: 
		commandLine: 	a CommandLineArguments
		session: 	a WorkingSession
		stdout: 	a VTermOutputDriver
		stderr: 	a VTermOutputDriver
		sourceFiles: 	an OrderedCollection(a File)


[ :reference |
		self installSourceFile: reference ] in [ sourceFiles do: [ :reference |
		self installSourceFile: reference ]
	] in STCommandLineHandler>>installSourceFiles
	Receiver: a STCommandLineHandler
	Arguments and temporary variables: 
		reference: 	a File
	Receiver's instance variables: 
		commandLine: 	a CommandLineArguments
		session: 	a WorkingSession
		stdout: 	a VTermOutputDriver
		stderr: 	a VTermOutputDriver
		sourceFiles: 	an OrderedCollection(a File)


OrderedCollection>>do:
	Receiver: an OrderedCollection(a File)
	Arguments and temporary variables: 
		aBlock: 	[ :reference |
		self installSourceFile: reference ]
		index: 	1
	Receiver's instance variables: 
		array: 	an Array(a File)
		firstIndex: 	1
		lastIndex: 	1


[ sourceFiles do: [ :reference |
		self installSourceFile: reference ]
	] in STCommandLineHandler>>installSourceFiles
	Receiver: a STCommandLineHandler
	Arguments and temporary variables: 
x
	Receiver's instance variables: 
		commandLine: 	a CommandLineArguments
		session: 	a WorkingSession
		stdout: 	a VTermOutputDriver
		stderr: 	a VTermOutputDriver
		sourceFiles: 	an OrderedCollection(a File)


FullBlockClosure(BlockClosure)>>ensure:
	Receiver: [ sourceFiles do: [ :reference |
		self installSourceFile: reference ]
	]
	Arguments and temporary variables: 
		aBlock: 	[ sourceFiles := nil ]
		handler: 	[ sourceFiles := nil ]
		complete: 	nil
		returnValue: 	nil
	Receiver's instance variables: 
		outerContext: 	STCommandLineHandler>>installSourceFiles
		compiledBlock: 	a CompiledBlock: [ sourceFiles do: [ :reference |
		self ins[..]
		numArgs: 	0
		receiver: 	a STCommandLineHandler


STCommandLineHandler>>installSourceFiles
	Receiver: a STCommandLineHandler
	Arguments and temporary variables: 
x
	Receiver's instance variables: 
		commandLine: 	a CommandLineArguments
		session: 	a WorkingSession
		stdout: 	a VTermOutputDriver
		stderr: 	a VTermOutputDriver
		sourceFiles: 	an OrderedCollection(a File)


STCommandLineHandler>>activate
	Receiver: a STCommandLineHandler
	Arguments and temporary variables: 
x
	Receiver's instance variables: 
		commandLine: 	a CommandLineArguments
		session: 	a WorkingSession
		stdout: 	a VTermOutputDriver
		stderr: 	a VTermOutputDriver
		sourceFiles: 	an OrderedCollection(a File)


STCommandLineHandler class(CommandLineHandler class)>>activateWith:
	Receiver: STCommandLineHandler
	Arguments and temporary variables: 
		aCommandLine: 	a CommandLineArguments
	Receiver's instance variables: 
		superclass: 	CommandLineHandler
		methodDict: 	a MethodDictionary(#activate->STCommandLineHandler>>#activate #[..]
		format: 	65541
		layout: 	a FixedLayout
		protocols: 	an Array(Protocol (private) - 3 selector(s) Protocol (installing[..]
		subclasses: 	{EvaluateCommandLineHandler}
		name: 	#STCommandLineHandler
		classPool: 	nil
		sharedPools: 	an OrderedCollection()
		environment: 	a SystemEnvironment(lots of globals)
		commentSourcePointer: 	60986524
		packageTag: 	a PackageTag(Base)


[ aCommandLinehandler activateWith: commandLine ] in PharoCommandLineHandler(BasicCommandLineHandler)>>activateSubCommand:
	Receiver: a PharoCommandLineHandler
	Arguments and temporary variables: 
		aCommandLinehandler: 	STCommandLineHandler
	Receiver's instance variables: 
		commandLine: 	a CommandLineArguments
		session: 	a WorkingSession
		stdout: 	a VTermOutputDriver
		stderr: 	a VTermOutputDriver


FullBlockClosure(BlockClosure)>>on:do:
	Receiver: [ aCommandLinehandler activateWith: commandLine ]
	Arguments and temporary variables: 
		exception: 	Exit
		handlerAction: 	[ :exit |
		^ self handleExit: exit for: aCommandLinehandler ]
	Receiver's instance variables: 
		outerContext: 	PharoCommandLineHandler(BasicCommandLineHandler)>>activateSub[..]
		compiledBlock: 	a CompiledBlock: [ aCommandLinehandler activateWith: command[..]
		numArgs: 	0
		receiver: 	a PharoCommandLineHandler


PharoCommandLineHandler(BasicCommandLineHandler)>>activateSubCommand:
	Receiver: a PharoCommandLineHandler
	Arguments and temporary variables: 
		aCommandLinehandler: 	STCommandLineHandler
	Receiver's instance variables: 
		commandLine: 	a CommandLineArguments
		session: 	a WorkingSession
		stdout: 	a VTermOutputDriver
		stderr: 	a VTermOutputDriver


PharoCommandLineHandler(BasicCommandLineHandler)>>handleSubcommand
	Receiver: a PharoCommandLineHandler
	Arguments and temporary variables: 
		handlers: 	an OrderedCollection(STCommandLineHandler)
	Receiver's instance variables: 
		commandLine: 	a CommandLineArguments
		session: 	a WorkingSession
		stdout: 	a VTermOutputDriver
		stderr: 	a VTermOutputDriver


PharoCommandLineHandler(BasicCommandLineHandler)>>handleArgument:
	Receiver: a PharoCommandLineHandler
	Arguments and temporary variables: 
		aString: 	'st'
	Receiver's instance variables: 
		commandLine: 	a CommandLineArguments
		session: 	a WorkingSession
		stdout: 	a VTermOutputDriver
		stderr: 	a VTermOutputDriver


[ self handleArgument: self firstArgument ] in [ [ self handleArgument: self firstArgument ]
		on: Exit
		do: [ :exit |
			"If the command line is protected by password, we just exit the image because in non-headless mode the handleExit will let the image open. If the password protection is enabled, it is to avoid to let the access to the image."
			self class commandLinePasswordManager hasPasswordSet
				ifTrue: [ Smalltalk snapshot: false andQuit: true ].
			self handleExit: exit ] ] in PharoCommandLineHandler(BasicCommandLineHandler)>>activate
	Receiver: a PharoCommandLineHandler
	Arguments and temporary variables: 
x
	Receiver's instance variables: 
		commandLine: 	a CommandLineArguments
		session: 	a WorkingSession
		stdout: 	a VTermOutputDriver
		stderr: 	a VTermOutputDriver


FullBlockClosure(BlockClosure)>>on:do:
	Receiver: [ self handleArgument: self firstArgument ]
	Arguments and temporary variables: 
		exception: 	Exit
		handlerAction: 	[ :exit |
			"If the command line is protected by password, [..]
	Receiver's instance variables: 
		outerContext: 	[ [ self handleArgument: self firstArgument ]
		on: Exit
		do[..]
		compiledBlock: 	a CompiledBlock: [ self handleArgument: self firstArgument ]
		numArgs: 	0
		receiver: 	a PharoCommandLineHandler


[ [ self handleArgument: self firstArgument ]
		on: Exit
		do: [ :exit |
			"If the command line is protected by password, we just exit the image because in non-headless mode the handleExit will let the image open. If the password protection is enabled, it is to avoid to let the access to the image."
			self class commandLinePasswordManager hasPasswordSet
				ifTrue: [ Smalltalk snapshot: false andQuit: true ].
			self handleExit: exit ] ] in PharoCommandLineHandler(BasicCommandLineHandler)>>activate
	Receiver: a PharoCommandLineHandler
	Arguments and temporary variables: 
x
	Receiver's instance variables: 
		commandLine: 	a CommandLineArguments
		session: 	a WorkingSession
		stdout: 	a VTermOutputDriver
		stderr: 	a VTermOutputDriver


[self value.
			"IMPORTANT: Do not step over next line of code. See method comments for details"
			Processor terminateRealActive] in FullBlockClosure(BlockClosure)>>newProcess
	Receiver: [ [ self handleArgument: self firstArgument ]
		on: Exit
		do: [ :exit |
			"If the co[..]
	Arguments and temporary variables: 
x
	Receiver's instance variables: 
		outerContext: 	PharoCommandLineHandler(BasicCommandLineHandler)>>activate
		compiledBlock: 	a CompiledBlock: [ [ self handleArgument: self firstArgument[..]
		numArgs: 	0
		receiver: 	a PharoCommandLineHandler



--- The full stack ---
OCSyntaxErrorNotice(OCNotice)>>signalError
OCSequenceNode(OCProgramNode)>>checkFaulty:
OCParser class>>parseExpression:onError:
OCParser class>>parseExpression:
DoItChunk>>importFor:logSource:
[ :declaration |
		value := declaration importFor: nil logSource: logSource  ] in CodeImporter>>evaluate
OrderedCollection>>do:
CodeImporter>>evaluate
[ codeImporter evaluate ] in STCommandLineHandler>>installSourceFile:
FullBlockClosure(BlockClosure)>>on:do:
STCommandLineHandler>>handleErrorsDuring:reference:
STCommandLineHandler>>installSourceFile:
[ :reference |
		self installSourceFile: reference ] in [ sourceFiles do: [ :reference |
		self installSourceFile: reference ]
	] in STCommandLineHandler>>installSourceFiles
OrderedCollection>>do:
[ sourceFiles do: [ :reference |
		self installSourceFile: reference ]
	] in STCommandLineHandler>>installSourceFiles
FullBlockClosure(BlockClosure)>>ensure:
STCommandLineHandler>>installSourceFiles
STCommandLineHandler>>activate
STCommandLineHandler class(CommandLineHandler class)>>activateWith:
[ aCommandLinehandler activateWith: commandLine ] in PharoCommandLineHandler(BasicCommandLineHandler)>>activateSubCommand:
FullBlockClosure(BlockClosure)>>on:do:
PharoCommandLineHandler(BasicCommandLineHandler)>>activateSubCommand:
PharoCommandLineHandler(BasicCommandLineHandler)>>handleSubcommand
PharoCommandLineHandler(BasicCommandLineHandler)>>handleArgument:
[ self handleArgument: self firstArgument ] in [ [ self handleArgument: self firstArgument ]
		on: Exit
		do: [ :exit |
			"If the command line is protected by password, we just exit the image because in non-headless mode the handleExit will let the image open. If the password protection is enabled, it is to avoid to let the access to the image."
			self class commandLinePasswordManager hasPasswordSet
				ifTrue: [ Smalltalk snapshot: false andQuit: true ].
			self handleExit: exit ] ] in PharoCommandLineHandler(BasicCommandLineHandler)>>activate
FullBlockClosure(BlockClosure)>>on:do:
[ [ self handleArgument: self firstArgument ]
		on: Exit
		do: [ :exit |
			"If the command line is protected by password, we just exit the image because in non-headless mode the handleExit will let the image open. If the password protection is enabled, it is to avoid to let the access to the image."
			self class commandLinePasswordManager hasPasswordSet
				ifTrue: [ Smalltalk snapshot: false andQuit: true ].
			self handleExit: exit ] ] in PharoCommandLineHandler(BasicCommandLineHandler)>>activate
[self value.
			"IMPORTANT: Do not step over next line of code. See method comments for details"
			Processor terminateRealActive] in FullBlockClosure(BlockClosure)>>newProcess
-------------------------------------------------------------------------------

Processes and their stacks: 
Process: a Process in AtomicSharedQueue>>waitForNewItems
  stack:

AtomicSharedQueue>>waitForNewItems
AtomicSharedQueue>>next
TKTWorkerProcess>>privateNextTask
TKTWorkerProcess>>workerLoop
MessageSend>>value
[ aValuable value ] in TKTPharoProcessProvider>>createProcessDoing:named:
[self value.
			"IMPORTANT: Do not step over next line of code. See method comments for details"
			Processor terminateRealActive] in FullBlockClosure(BlockClosure)>>newProcess
------------------------------

Process: a Process in AtomicSharedQueue>>waitForNewItems
  stack:

AtomicSharedQueue>>waitForNewItems
AtomicSharedQueue>>next
TKTWorkerProcess>>privateNextTask
TKTWorkerProcess>>workerLoop
MessageSend>>value
[ aValuable value ] in TKTPharoProcessProvider>>createProcessDoing:named:
[self value.
			"IMPORTANT: Do not step over next line of code. See method comments for details"
			Processor terminateRealActive] in FullBlockClosure(BlockClosure)>>newProcess
------------------------------

Process: a Process in DelayMicrosecondTicker>>waitForUserSignalled:orExpired:
  stack:

DelayMicrosecondTicker>>waitForUserSignalled:orExpired:
[  [runTimerEventLoop] whileTrue:
		[	|nowTick|
			"Warning! Stepping <Over> the following line may lock the Image. Use <Into> or <Proceed>."
		 	ticker waitForUserSignalled: timingSemaphore orExpired: activeDelay.

			"Invoke the api back-ends, which set the transfer-variable to nil"
			suspendSemaphore ifNotNil: [ self suspendAtTimingPriority    ].
			delayToStart     ifNotNil: [ self scheduleAtTimingPriority   ].
			delayToStop      ifNotNil: [ self unscheduleAtTimingPriority ].

			"Signal any expired delays"
			nowTick := ticker nowTick.
			[ 	activeDelay isNotNil and: [nowTick >= activeDelay resumptionTick] ]
					whileTrue: [
						activeDelay timingPrioritySignalExpired.
						activeDelay := suspendedDelays removeFirstOrNil ].
		]
	] in DelaySemaphoreScheduler(DelayBasicScheduler)>>runBackendLoopAtTimingPriority
FullBlockClosure(BlockClosure)>>ensure:
DelaySemaphoreScheduler(DelayBasicScheduler)>>runBackendLoopAtTimingPriority
[ self runBackendLoopAtTimingPriority ] in DelaySemaphoreScheduler(DelayBasicScheduler)>>startTimerEventLoopPriority:
[self value.
			"IMPORTANT: Do not step over next line of code. See method comments for details"
			Processor terminateRealActive] in FullBlockClosure(BlockClosure)>>newProcess
------------------------------

Process: a Process in MorphicRenderLoop>>doOneCycleWhile:
  stack:

MorphicRenderLoop>>doOneCycleWhile:
[ MorphicRenderLoop new doOneCycleWhile: [ true ] ] in MorphicUIManager>>spawnNewProcess
[self value.
			"IMPORTANT: Do not step over next line of code. See method comments for details"
			Processor terminateRealActive] in FullBlockClosure(BlockClosure)>>newProcess
------------------------------

Process: a Process in Process>>endProcess
  stack:

Process>>endProcess
------------------------------

Process: a Process in Process>>endProcess
  stack:

Process>>endProcess
------------------------------

Process: a Process in Process>>endProcess
  stack:

Process>>endProcess
------------------------------

Process: a Process in Process>>endProcess
  stack:

Process>>endProcess
------------------------------

Process: a Process in Process>>endProcess
  stack:

Process>>endProcess
------------------------------

Process: a Process in SmalltalkImage>>lowSpaceWatcher
  stack:

SmalltalkImage>>lowSpaceWatcher
[ self lowSpaceWatcher ] in SmalltalkImage>>installLowSpaceWatcher
[self value.
			"IMPORTANT: Do not step over next line of code. See method comments for details"
			Processor terminateRealActive] in FullBlockClosure(BlockClosure)>>newProcess
------------------------------

Process: a Process in [self value.
			"IMPORTANT: Do not step over next line of code. See method comments for details"
			Processor terminateRealActive] in FullBlockClosure(BlockClosure)>>newProcess
  stack:

[self value.
			"IMPORTANT: Do not step over next line of code. See method comments for details"
			Processor terminateRealActive] in FullBlockClosure(BlockClosure)>>newProcess
------------------------------

Process: a Process in FinalizationProcess class>>finalizationProcess
  stack:

FinalizationProcess class>>finalizationProcess
[self finalizationProcess] in FinalizationProcess class>>restartFinalizationProcess
[self value.
			"IMPORTANT: Do not step over next line of code. See method comments for details"
			Processor terminateRealActive] in FullBlockClosure(BlockClosure)>>newProcess
------------------------------

Process: a Process in nil
  stack:

Array(SequenceableCollection)>>do:
[:logger |
		logger nextPutAll: 'Processes and their stacks: ';cr.

		Process allInstances do: [:each | | ctx |
			logger nextPutAll: 'Process: '; print: each; cr; nextPutAll: '  stack:'; cr; cr.

			ctx := each isActive ifTrue: [ thisContext sender ] ifFalse: [ each suspendedContext ].
			ctx ifNotNil: [
				(ctx stackOfSize: 20) do: [:s | logger print: s; cr ]].
			logger nextPutAll: '------------------------------'; cr; cr.
		]] in [ Smalltalk
		logError: aString
		inContext: aContext.

	" Print stacks of all current processes "

	Smalltalk logDuring: [:logger |
		logger nextPutAll: 'Processes and their stacks: ';cr.

		Process allInstances do: [:each | | ctx |
			logger nextPutAll: 'Process: '; print: each; cr; nextPutAll: '  stack:'; cr; cr.

			ctx := each isActive ifTrue: [ thisContext sender ] ifFalse: [ each suspendedContext ].
			ctx ifNotNil: [
				(ctx stackOfSize: 20) do: [:s | logger print: s; cr ]].
			logger nextPutAll: '------------------------------'; cr; cr.
		]].
	] in NonInteractiveUIManager(CommandLineUIManager)>>quitFrom:withMessage:
[
		logStream := self openLog.
		aMonadicBlock value: logStream.
	] in SmalltalkImage>>logDuring:
FullBlockClosure(BlockClosure)>>ensure:
SmalltalkImage>>logDuring:
[ Smalltalk
		logError: aString
		inContext: aContext.

	" Print stacks of all current processes "

	Smalltalk logDuring: [:logger |
		logger nextPutAll: 'Processes and their stacks: ';cr.

		Process allInstances do: [:each | | ctx |
			logger nextPutAll: 'Process: '; print: each; cr; nextPutAll: '  stack:'; cr; cr.

			ctx := each isActive ifTrue: [ thisContext sender ] ifFalse: [ each suspendedContext ].
			ctx ifNotNil: [
				(ctx stackOfSize: 20) do: [:s | logger print: s; cr ]].
			logger nextPutAll: '------------------------------'; cr; cr.
		]].
	] in NonInteractiveUIManager(CommandLineUIManager)>>quitFrom:withMessage:
FullBlockClosure(BlockClosure)>>ensure:
NonInteractiveUIManager(CommandLineUIManager)>>quitFrom:withMessage:
NonInteractiveUIManager(CommandLineUIManager)>>handleError:log:
NonInteractiveUIManager(UIManager)>>handleError:
Process>>handleError:
OCCodeError(Exception)>>unhandledErrorAction
UnhandledError>>defaultAction
UndefinedObject>>handleSignal:
Context>>handleSignal:
Context>>handleSignal:
Context>>handleSignal:
UnhandledError(Exception)>>signal
UnhandledError class>>signalForException:
OCCodeError(Exception)>>raiseUnhandledError
------------------------------

Process: a Process in Process>>endProcess
  stack:

Process>>endProcess
------------------------------

Process: a Process in Process>>endProcess
  stack:

Process>>endProcess
------------------------------

Process: a Process in [
		[ true ] whileTrue: [
			semaphore wait.
			[self executeCallback: self nextPendingCallback]
				on: Exception fork:  [:ex | ex pass ] ] ] in TFCallbackQueue>>forkCallbackProcess
  stack:

[
		[ true ] whileTrue: [
			semaphore wait.
			[self executeCallback: self nextPendingCallback]
				on: Exception fork:  [:ex | ex pass ] ] ] in TFCallbackQueue>>forkCallbackProcess
[self value.
			"IMPORTANT: Do not step over next line of code. See method comments for details"
			Processor terminateRealActive] in FullBlockClosure(BlockClosure)>>newProcess
------------------------------

Process: a Process in Process>>endProcess
  stack:

Process>>endProcess
------------------------------


===============================================================================
Notice: Errors in script loaded from StandardRide.st
===============================================================================
THERE_BE_DRAGONS_HERE
OCCodeError:OCSyntaxErrorNotice ???>>#DoIt 141:End of statement expected->StandardRide >> fare
2 October 2026 9:48:25.089525 pm

VM: Mac OS - arm64 - 1000 - CoInterpreter VMMaker-tonel.1 uuid: 80e43a52-2018-0e00-bce4-820906d86bc4 Sep 18 2026
StackToRegisterMappingCogit VMMaker-tonel.1 uuid: 80e43a52-2018-0e00-bce4-820906d86bc4 Sep 18 2026
v10.3.11+0.a585304b1 - Commit: a585304b1 - Date: 2026-09-16 09:19:54 +0200

Image: Pharo13.1.0SNAPSHOT [Build information: Pharo-13.1.0+SNAPSHOT.build.749.sha.d7c6f761d5445e8b04a0aa5137e0d546ad9bcd89 (64 Bit)]

OCSyntaxErrorNotice(OCNotice)>>signalError
	Receiver: OCSyntaxErrorNotice(141:End of statement expected)
	Arguments and temporary variables: 
x
	Receiver's instance variables: 
		messageText: 	nil
		node: 	OCUnfinishedStatementErrorNode(StandardRide >> fare)


OCSequenceNode(OCProgramNode)>>checkFaulty:
	Receiver: OCSequenceNode(Ride
	subclass: #StandardRide
	instanceVariableNames: ''
	classVariable[..]
	Arguments and temporary variables: 
		aBlock: 	nil
		errorNotice: 	OCSyntaxErrorNotice(141:End of statement expected)
	Receiver's instance variables: 
		parent: 	DoIt

	Ride
		subclass: #StandardRide
		instanceVariableNames: ''
	[..]
		properties: 	nil
		leftBar: 	nil
		rightBar: 	nil
		statements: 	an OrderedCollection(OCMessageNode(Ride
	subclass: #StandardRid[..]
		periods: 	an OrderedCollection(113 160 500)
		temporaries: 	an OrderedCollection()


OCParser class>>parseExpression:onError:
	Receiver: OCParser
	Arguments and temporary variables: 
		aString: 	'Ride subclass: #StandardRide
    instanceVariableNames: ''''
    [..]
		aBlock: 	nil
	Receiver's instance variables: 
		superclass: 	Object
		methodDict: 	a MethodDictionary(#addCommentsTo:->OCParser>>#addCommentsTo: #[..]
		format: 	65542
		layout: 	a FixedLayout
		protocols: 	an Array(Protocol (private - classes) - 17 selector(s) Protocol [..]
		subclasses: 	{RBParser. OCPatternParser. OCTargetCompilerParser}
		name: 	#OCParser
		classPool: 	nil
		sharedPools: 	an OrderedCollection()
		environment: 	a SystemEnvironment(lots of globals)
		commentSourcePointer: 	40132064
		packageTag: 	a PackageTag(Parser)


OCParser class>>parseExpression:
	Receiver: OCParser
	Arguments and temporary variables: 
		aString: 	'Ride subclass: #StandardRide
    instanceVariableNames: ''''
    [..]
	Receiver's instance variables: 
		superclass: 	Object
		methodDict: 	a MethodDictionary(#addCommentsTo:->OCParser>>#addCommentsTo: #[..]
		format: 	65542
		layout: 	a FixedLayout
		protocols: 	an Array(Protocol (private - classes) - 17 selector(s) Protocol [..]
		subclasses: 	{RBParser. OCPatternParser. OCTargetCompilerParser}
		name: 	#OCParser
		classPool: 	nil
		sharedPools: 	an OrderedCollection()
		environment: 	a SystemEnvironment(lots of globals)
		commentSourcePointer: 	40132064
		packageTag: 	a PackageTag(Parser)


DoItChunk>>importFor:logSource:
	Receiver: a DoItChunk(Ride subclass: #StandardRide
    instanceVariableNames: ''
    classVariab[..]
	Arguments and temporary variables: 
		requestor: 	nil
		logSource: 	true
		ast: 	nil
	Receiver's instance variables: 
		contents: 	'Ride subclass: #StandardRide
    instanceVariableNames: ''''
   [..]


[ :declaration |
		value := declaration importFor: nil logSource: logSource  ] in CodeImporter>>evaluate
	Receiver: a CodeImporter
	Arguments and temporary variables: 
		value: 	nil
		declaration: 	a DoItChunk(Ride subclass: #StandardRide
    instanceVariableN[..]
	Receiver's instance variables: 
		readStream: 	a ZnCharacterReadStream
		codeDeclarations: 	an OrderedCollection(a DoItChunk(Ride subclass: #Standard[..]
		parserClass: 	ChunkFileFormatParser
		logSource: 	true


OrderedCollection>>do:
	Receiver: an OrderedCollection(a DoItChunk(Ride subclass: #StandardRide
    instanceVariableName[..]
	Arguments and temporary variables: 
		aBlock: 	[ :declaration |
		value := declaration importFor: nil logSource: l[..]
		index: 	1
	Receiver's instance variables: 
		array: 	an Array(a DoItChunk(Ride subclass: #StandardRide
    instanceVariab[..]
		firstIndex: 	1
		lastIndex: 	1


CodeImporter>>evaluate
	Receiver: a CodeImporter
	Arguments and temporary variables: 
		value: 	nil
	Receiver's instance variables: 
		readStream: 	a ZnCharacterReadStream
		codeDeclarations: 	an OrderedCollection(a DoItChunk(Ride subclass: #Standard[..]
		parserClass: 	ChunkFileFormatParser
		logSource: 	true


[ codeImporter evaluate ] in STCommandLineHandler>>installSourceFile:
	Receiver: a STCommandLineHandler
	Arguments and temporary variables: 
		aReference: 	a File
		codeImporter: 	a CodeImporter
	Receiver's instance variables: 
		commandLine: 	a CommandLineArguments
		session: 	a WorkingSession
		stdout: 	a VTermOutputDriver
		stderr: 	a VTermOutputDriver
		sourceFiles: 	an OrderedCollection(a File)


FullBlockClosure(BlockClosure)>>on:do:
	Receiver: [ codeImporter evaluate ]
	Arguments and temporary variables: 
		exception: 	Error
		handlerAction: 	[ :e | self handleError: e reference: aReference ]
	Receiver's instance variables: 
		outerContext: 	STCommandLineHandler>>installSourceFile:
		compiledBlock: 	a CompiledBlock: [ codeImporter evaluate ]
		numArgs: 	0
		receiver: 	a STCommandLineHandler


STCommandLineHandler>>handleErrorsDuring:reference:
	Receiver: a STCommandLineHandler
	Arguments and temporary variables: 
		aBlock: 	[ codeImporter evaluate ]
		aReference: 	a File
	Receiver's instance variables: 
		commandLine: 	a CommandLineArguments
		session: 	a WorkingSession
		stdout: 	a VTermOutputDriver
		stderr: 	a VTermOutputDriver
		sourceFiles: 	an OrderedCollection(a File)


STCommandLineHandler>>installSourceFile:
	Receiver: a STCommandLineHandler
	Arguments and temporary variables: 
		codeImporter: 	a CodeImporter
		aReference: 	a File
	Receiver's instance variables: 
		commandLine: 	a CommandLineArguments
		session: 	a WorkingSession
		stdout: 	a VTermOutputDriver
		stderr: 	a VTermOutputDriver
		sourceFiles: 	an OrderedCollection(a File)


[ :reference |
		self installSourceFile: reference ] in [ sourceFiles do: [ :reference |
		self installSourceFile: reference ]
	] in STCommandLineHandler>>installSourceFiles
	Receiver: a STCommandLineHandler
	Arguments and temporary variables: 
		reference: 	a File
	Receiver's instance variables: 
		commandLine: 	a CommandLineArguments
		session: 	a WorkingSession
		stdout: 	a VTermOutputDriver
		stderr: 	a VTermOutputDriver
		sourceFiles: 	an OrderedCollection(a File)


OrderedCollection>>do:
	Receiver: an OrderedCollection(a File)
	Arguments and temporary variables: 
		aBlock: 	[ :reference |
		self installSourceFile: reference ]
		index: 	1
	Receiver's instance variables: 
		array: 	an Array(a File)
		firstIndex: 	1
		lastIndex: 	1


[ sourceFiles do: [ :reference |
		self installSourceFile: reference ]
	] in STCommandLineHandler>>installSourceFiles
	Receiver: a STCommandLineHandler
	Arguments and temporary variables: 
x
	Receiver's instance variables: 
		commandLine: 	a CommandLineArguments
		session: 	a WorkingSession
		stdout: 	a VTermOutputDriver
		stderr: 	a VTermOutputDriver
		sourceFiles: 	an OrderedCollection(a File)


FullBlockClosure(BlockClosure)>>ensure:
	Receiver: [ sourceFiles do: [ :reference |
		self installSourceFile: reference ]
	]
	Arguments and temporary variables: 
		aBlock: 	[ sourceFiles := nil ]
		handler: 	[ sourceFiles := nil ]
		complete: 	nil
		returnValue: 	nil
	Receiver's instance variables: 
		outerContext: 	STCommandLineHandler>>installSourceFiles
		compiledBlock: 	a CompiledBlock: [ sourceFiles do: [ :reference |
		self ins[..]
		numArgs: 	0
		receiver: 	a STCommandLineHandler


STCommandLineHandler>>installSourceFiles
	Receiver: a STCommandLineHandler
	Arguments and temporary variables: 
x
	Receiver's instance variables: 
		commandLine: 	a CommandLineArguments
		session: 	a WorkingSession
		stdout: 	a VTermOutputDriver
		stderr: 	a VTermOutputDriver
		sourceFiles: 	an OrderedCollection(a File)


STCommandLineHandler>>activate
	Receiver: a STCommandLineHandler
	Arguments and temporary variables: 
x
	Receiver's instance variables: 
		commandLine: 	a CommandLineArguments
		session: 	a WorkingSession
		stdout: 	a VTermOutputDriver
		stderr: 	a VTermOutputDriver
		sourceFiles: 	an OrderedCollection(a File)


STCommandLineHandler class(CommandLineHandler class)>>activateWith:
	Receiver: STCommandLineHandler
	Arguments and temporary variables: 
		aCommandLine: 	a CommandLineArguments
	Receiver's instance variables: 
		superclass: 	CommandLineHandler
		methodDict: 	a MethodDictionary(#activate->STCommandLineHandler>>#activate #[..]
		format: 	65541
		layout: 	a FixedLayout
		protocols: 	an Array(Protocol (private) - 3 selector(s) Protocol (installing[..]
		subclasses: 	{EvaluateCommandLineHandler}
		name: 	#STCommandLineHandler
		classPool: 	nil
		sharedPools: 	an OrderedCollection()
		environment: 	a SystemEnvironment(lots of globals)
		commentSourcePointer: 	60986524
		packageTag: 	a PackageTag(Base)


[ aCommandLinehandler activateWith: commandLine ] in PharoCommandLineHandler(BasicCommandLineHandler)>>activateSubCommand:
	Receiver: a PharoCommandLineHandler
	Arguments and temporary variables: 
		aCommandLinehandler: 	STCommandLineHandler
	Receiver's instance variables: 
		commandLine: 	a CommandLineArguments
		session: 	a WorkingSession
		stdout: 	a VTermOutputDriver
		stderr: 	a VTermOutputDriver


FullBlockClosure(BlockClosure)>>on:do:
	Receiver: [ aCommandLinehandler activateWith: commandLine ]
	Arguments and temporary variables: 
		exception: 	Exit
		handlerAction: 	[ :exit |
		^ self handleExit: exit for: aCommandLinehandler ]
	Receiver's instance variables: 
		outerContext: 	PharoCommandLineHandler(BasicCommandLineHandler)>>activateSub[..]
		compiledBlock: 	a CompiledBlock: [ aCommandLinehandler activateWith: command[..]
		numArgs: 	0
		receiver: 	a PharoCommandLineHandler


PharoCommandLineHandler(BasicCommandLineHandler)>>activateSubCommand:
	Receiver: a PharoCommandLineHandler
	Arguments and temporary variables: 
		aCommandLinehandler: 	STCommandLineHandler
	Receiver's instance variables: 
		commandLine: 	a CommandLineArguments
		session: 	a WorkingSession
		stdout: 	a VTermOutputDriver
		stderr: 	a VTermOutputDriver


PharoCommandLineHandler(BasicCommandLineHandler)>>handleSubcommand
	Receiver: a PharoCommandLineHandler
	Arguments and temporary variables: 
		handlers: 	an OrderedCollection(STCommandLineHandler)
	Receiver's instance variables: 
		commandLine: 	a CommandLineArguments
		session: 	a WorkingSession
		stdout: 	a VTermOutputDriver
		stderr: 	a VTermOutputDriver


PharoCommandLineHandler(BasicCommandLineHandler)>>handleArgument:
	Receiver: a PharoCommandLineHandler
	Arguments and temporary variables: 
		aString: 	'st'
	Receiver's instance variables: 
		commandLine: 	a CommandLineArguments
		session: 	a WorkingSession
		stdout: 	a VTermOutputDriver
		stderr: 	a VTermOutputDriver


[ self handleArgument: self firstArgument ] in [ [ self handleArgument: self firstArgument ]
		on: Exit
		do: [ :exit |
			"If the command line is protected by password, we just exit the image because in non-headless mode the handleExit will let the image open. If the password protection is enabled, it is to avoid to let the access to the image."
			self class commandLinePasswordManager hasPasswordSet
				ifTrue: [ Smalltalk snapshot: false andQuit: true ].
			self handleExit: exit ] ] in PharoCommandLineHandler(BasicCommandLineHandler)>>activate
	Receiver: a PharoCommandLineHandler
	Arguments and temporary variables: 
x
	Receiver's instance variables: 
		commandLine: 	a CommandLineArguments
		session: 	a WorkingSession
		stdout: 	a VTermOutputDriver
		stderr: 	a VTermOutputDriver


FullBlockClosure(BlockClosure)>>on:do:
	Receiver: [ self handleArgument: self firstArgument ]
	Arguments and temporary variables: 
		exception: 	Exit
		handlerAction: 	[ :exit |
			"If the command line is protected by password, [..]
	Receiver's instance variables: 
		outerContext: 	[ [ self handleArgument: self firstArgument ]
		on: Exit
		do[..]
		compiledBlock: 	a CompiledBlock: [ self handleArgument: self firstArgument ]
		numArgs: 	0
		receiver: 	a PharoCommandLineHandler


[ [ self handleArgument: self firstArgument ]
		on: Exit
		do: [ :exit |
			"If the command line is protected by password, we just exit the image because in non-headless mode the handleExit will let the image open. If the password protection is enabled, it is to avoid to let the access to the image."
			self class commandLinePasswordManager hasPasswordSet
				ifTrue: [ Smalltalk snapshot: false andQuit: true ].
			self handleExit: exit ] ] in PharoCommandLineHandler(BasicCommandLineHandler)>>activate
	Receiver: a PharoCommandLineHandler
	Arguments and temporary variables: 
x
	Receiver's instance variables: 
		commandLine: 	a CommandLineArguments
		session: 	a WorkingSession
		stdout: 	a VTermOutputDriver
		stderr: 	a VTermOutputDriver


[self value.
			"IMPORTANT: Do not step over next line of code. See method comments for details"
			Processor terminateRealActive] in FullBlockClosure(BlockClosure)>>newProcess
	Receiver: [ [ self handleArgument: self firstArgument ]
		on: Exit
		do: [ :exit |
			"If the co[..]
	Arguments and temporary variables: 
x
	Receiver's instance variables: 
		outerContext: 	PharoCommandLineHandler(BasicCommandLineHandler)>>activate
		compiledBlock: 	a CompiledBlock: [ [ self handleArgument: self firstArgument[..]
		numArgs: 	0
		receiver: 	a PharoCommandLineHandler



--- The full stack ---
OCSyntaxErrorNotice(OCNotice)>>signalError
OCSequenceNode(OCProgramNode)>>checkFaulty:
OCParser class>>parseExpression:onError:
OCParser class>>parseExpression:
DoItChunk>>importFor:logSource:
[ :declaration |
		value := declaration importFor: nil logSource: logSource  ] in CodeImporter>>evaluate
OrderedCollection>>do:
CodeImporter>>evaluate
[ codeImporter evaluate ] in STCommandLineHandler>>installSourceFile:
FullBlockClosure(BlockClosure)>>on:do:
STCommandLineHandler>>handleErrorsDuring:reference:
STCommandLineHandler>>installSourceFile:
[ :reference |
		self installSourceFile: reference ] in [ sourceFiles do: [ :reference |
		self installSourceFile: reference ]
	] in STCommandLineHandler>>installSourceFiles
OrderedCollection>>do:
[ sourceFiles do: [ :reference |
		self installSourceFile: reference ]
	] in STCommandLineHandler>>installSourceFiles
FullBlockClosure(BlockClosure)>>ensure:
STCommandLineHandler>>installSourceFiles
STCommandLineHandler>>activate
STCommandLineHandler class(CommandLineHandler class)>>activateWith:
[ aCommandLinehandler activateWith: commandLine ] in PharoCommandLineHandler(BasicCommandLineHandler)>>activateSubCommand:
FullBlockClosure(BlockClosure)>>on:do:
PharoCommandLineHandler(BasicCommandLineHandler)>>activateSubCommand:
PharoCommandLineHandler(BasicCommandLineHandler)>>handleSubcommand
PharoCommandLineHandler(BasicCommandLineHandler)>>handleArgument:
[ self handleArgument: self firstArgument ] in [ [ self handleArgument: self firstArgument ]
		on: Exit
		do: [ :exit |
			"If the command line is protected by password, we just exit the image because in non-headless mode the handleExit will let the image open. If the password protection is enabled, it is to avoid to let the access to the image."
			self class commandLinePasswordManager hasPasswordSet
				ifTrue: [ Smalltalk snapshot: false andQuit: true ].
			self handleExit: exit ] ] in PharoCommandLineHandler(BasicCommandLineHandler)>>activate
FullBlockClosure(BlockClosure)>>on:do:
[ [ self handleArgument: self firstArgument ]
		on: Exit
		do: [ :exit |
			"If the command line is protected by password, we just exit the image because in non-headless mode the handleExit will let the image open. If the password protection is enabled, it is to avoid to let the access to the image."
			self class commandLinePasswordManager hasPasswordSet
				ifTrue: [ Smalltalk snapshot: false andQuit: true ].
			self handleExit: exit ] ] in PharoCommandLineHandler(BasicCommandLineHandler)>>activate
[self value.
			"IMPORTANT: Do not step over next line of code. See method comments for details"
			Processor terminateRealActive] in FullBlockClosure(BlockClosure)>>newProcess
-------------------------------------------------------------------------------

Processes and their stacks: 
Process: a Process in AtomicSharedQueue>>waitForNewItems
  stack:

AtomicSharedQueue>>waitForNewItems
AtomicSharedQueue>>next
TKTWorkerProcess>>privateNextTask
TKTWorkerProcess>>workerLoop
MessageSend>>value
[ aValuable value ] in TKTPharoProcessProvider>>createProcessDoing:named:
[self value.
			"IMPORTANT: Do not step over next line of code. See method comments for details"
			Processor terminateRealActive] in FullBlockClosure(BlockClosure)>>newProcess
------------------------------

Process: a Process in AtomicSharedQueue>>waitForNewItems
  stack:

AtomicSharedQueue>>waitForNewItems
AtomicSharedQueue>>next
TKTWorkerProcess>>privateNextTask
TKTWorkerProcess>>workerLoop
MessageSend>>value
[ aValuable value ] in TKTPharoProcessProvider>>createProcessDoing:named:
[self value.
			"IMPORTANT: Do not step over next line of code. See method comments for details"
			Processor terminateRealActive] in FullBlockClosure(BlockClosure)>>newProcess
------------------------------

Process: a Process in DelayMicrosecondTicker>>waitForUserSignalled:orExpired:
  stack:

DelayMicrosecondTicker>>waitForUserSignalled:orExpired:
[  [runTimerEventLoop] whileTrue:
		[	|nowTick|
			"Warning! Stepping <Over> the following line may lock the Image. Use <Into> or <Proceed>."
		 	ticker waitForUserSignalled: timingSemaphore orExpired: activeDelay.

			"Invoke the api back-ends, which set the transfer-variable to nil"
			suspendSemaphore ifNotNil: [ self suspendAtTimingPriority    ].
			delayToStart     ifNotNil: [ self scheduleAtTimingPriority   ].
			delayToStop      ifNotNil: [ self unscheduleAtTimingPriority ].

			"Signal any expired delays"
			nowTick := ticker nowTick.
			[ 	activeDelay isNotNil and: [nowTick >= activeDelay resumptionTick] ]
					whileTrue: [
						activeDelay timingPrioritySignalExpired.
						activeDelay := suspendedDelays removeFirstOrNil ].
		]
	] in DelaySemaphoreScheduler(DelayBasicScheduler)>>runBackendLoopAtTimingPriority
FullBlockClosure(BlockClosure)>>ensure:
DelaySemaphoreScheduler(DelayBasicScheduler)>>runBackendLoopAtTimingPriority
[ self runBackendLoopAtTimingPriority ] in DelaySemaphoreScheduler(DelayBasicScheduler)>>startTimerEventLoopPriority:
[self value.
			"IMPORTANT: Do not step over next line of code. See method comments for details"
			Processor terminateRealActive] in FullBlockClosure(BlockClosure)>>newProcess
------------------------------

Process: a Process in MorphicRenderLoop>>doOneCycleWhile:
  stack:

MorphicRenderLoop>>doOneCycleWhile:
[ MorphicRenderLoop new doOneCycleWhile: [ true ] ] in MorphicUIManager>>spawnNewProcess
[self value.
			"IMPORTANT: Do not step over next line of code. See method comments for details"
			Processor terminateRealActive] in FullBlockClosure(BlockClosure)>>newProcess
------------------------------

Process: a Process in Process>>endProcess
  stack:

Process>>endProcess
------------------------------

Process: a Process in Process>>endProcess
  stack:

Process>>endProcess
------------------------------

Process: a Process in Process>>endProcess
  stack:

Process>>endProcess
------------------------------

Process: a Process in Process>>endProcess
  stack:

Process>>endProcess
------------------------------

Process: a Process in Process>>endProcess
  stack:

Process>>endProcess
------------------------------

Process: a Process in SmalltalkImage>>lowSpaceWatcher
  stack:

SmalltalkImage>>lowSpaceWatcher
[ self lowSpaceWatcher ] in SmalltalkImage>>installLowSpaceWatcher
[self value.
			"IMPORTANT: Do not step over next line of code. See method comments for details"
			Processor terminateRealActive] in FullBlockClosure(BlockClosure)>>newProcess
------------------------------

Process: a Process in [self value.
			"IMPORTANT: Do not step over next line of code. See method comments for details"
			Processor terminateRealActive] in FullBlockClosure(BlockClosure)>>newProcess
  stack:

[self value.
			"IMPORTANT: Do not step over next line of code. See method comments for details"
			Processor terminateRealActive] in FullBlockClosure(BlockClosure)>>newProcess
------------------------------

Process: a Process in FinalizationProcess class>>finalizationProcess
  stack:

FinalizationProcess class>>finalizationProcess
[self finalizationProcess] in FinalizationProcess class>>restartFinalizationProcess
[self value.
			"IMPORTANT: Do not step over next line of code. See method comments for details"
			Processor terminateRealActive] in FullBlockClosure(BlockClosure)>>newProcess
------------------------------

Process: a Process in nil
  stack:

Array(SequenceableCollection)>>do:
[:logger |
		logger nextPutAll: 'Processes and their stacks: ';cr.

		Process allInstances do: [:each | | ctx |
			logger nextPutAll: 'Process: '; print: each; cr; nextPutAll: '  stack:'; cr; cr.

			ctx := each isActive ifTrue: [ thisContext sender ] ifFalse: [ each suspendedContext ].
			ctx ifNotNil: [
				(ctx stackOfSize: 20) do: [:s | logger print: s; cr ]].
			logger nextPutAll: '------------------------------'; cr; cr.
		]] in [ Smalltalk
		logError: aString
		inContext: aContext.

	" Print stacks of all current processes "

	Smalltalk logDuring: [:logger |
		logger nextPutAll: 'Processes and their stacks: ';cr.

		Process allInstances do: [:each | | ctx |
			logger nextPutAll: 'Process: '; print: each; cr; nextPutAll: '  stack:'; cr; cr.

			ctx := each isActive ifTrue: [ thisContext sender ] ifFalse: [ each suspendedContext ].
			ctx ifNotNil: [
				(ctx stackOfSize: 20) do: [:s | logger print: s; cr ]].
			logger nextPutAll: '------------------------------'; cr; cr.
		]].
	] in NonInteractiveUIManager(CommandLineUIManager)>>quitFrom:withMessage:
[
		logStream := self openLog.
		aMonadicBlock value: logStream.
	] in SmalltalkImage>>logDuring:
FullBlockClosure(BlockClosure)>>ensure:
SmalltalkImage>>logDuring:
[ Smalltalk
		logError: aString
		inContext: aContext.

	" Print stacks of all current processes "

	Smalltalk logDuring: [:logger |
		logger nextPutAll: 'Processes and their stacks: ';cr.

		Process allInstances do: [:each | | ctx |
			logger nextPutAll: 'Process: '; print: each; cr; nextPutAll: '  stack:'; cr; cr.

			ctx := each isActive ifTrue: [ thisContext sender ] ifFalse: [ each suspendedContext ].
			ctx ifNotNil: [
				(ctx stackOfSize: 20) do: [:s | logger print: s; cr ]].
			logger nextPutAll: '------------------------------'; cr; cr.
		]].
	] in NonInteractiveUIManager(CommandLineUIManager)>>quitFrom:withMessage:
FullBlockClosure(BlockClosure)>>ensure:
NonInteractiveUIManager(CommandLineUIManager)>>quitFrom:withMessage:
NonInteractiveUIManager(CommandLineUIManager)>>handleError:log:
NonInteractiveUIManager(UIManager)>>handleError:
Process>>handleError:
OCCodeError(Exception)>>unhandledErrorAction
UnhandledError>>defaultAction
UndefinedObject>>handleSignal:
Context>>handleSignal:
Context>>handleSignal:
Context>>handleSignal:
UnhandledError(Exception)>>signal
UnhandledError class>>signalForException:
OCCodeError(Exception)>>raiseUnhandledError
------------------------------

Process: a Process in Process>>endProcess
  stack:

Process>>endProcess
------------------------------

Process: a Process in Process>>endProcess
  stack:

Process>>endProcess
------------------------------

Process: a Process in [
		[ true ] whileTrue: [
			semaphore wait.
			[self executeCallback: self nextPendingCallback]
				on: Exception fork:  [:ex | ex pass ] ] ] in TFCallbackQueue>>forkCallbackProcess
  stack:

[
		[ true ] whileTrue: [
			semaphore wait.
			[self executeCallback: self nextPendingCallback]
				on: Exception fork:  [:ex | ex pass ] ] ] in TFCallbackQueue>>forkCallbackProcess
[self value.
			"IMPORTANT: Do not step over next line of code. See method comments for details"
			Processor terminateRealActive] in FullBlockClosure(BlockClosure)>>newProcess
------------------------------

Process: a Process in Process>>endProcess
  stack:

Process>>endProcess
------------------------------


===============================================================================
Notice: Errors in script loaded from PremiumRide.st
===============================================================================
THERE_BE_DRAGONS_HERE
OCCodeError:OCSyntaxErrorNotice ???>>#DoIt 139:End of statement expected->PremiumRide >> fare
2 October 2026 9:48:25.301687 pm

VM: Mac OS - arm64 - 1000 - CoInterpreter VMMaker-tonel.1 uuid: 80e43a52-2018-0e00-bce4-820906d86bc4 Sep 18 2026
StackToRegisterMappingCogit VMMaker-tonel.1 uuid: 80e43a52-2018-0e00-bce4-820906d86bc4 Sep 18 2026
v10.3.11+0.a585304b1 - Commit: a585304b1 - Date: 2026-09-16 09:19:54 +0200

Image: Pharo13.1.0SNAPSHOT [Build information: Pharo-13.1.0+SNAPSHOT.build.749.sha.d7c6f761d5445e8b04a0aa5137e0d546ad9bcd89 (64 Bit)]

OCSyntaxErrorNotice(OCNotice)>>signalError
	Receiver: OCSyntaxErrorNotice(139:End of statement expected)
	Arguments and temporary variables: 
x
	Receiver's instance variables: 
		messageText: 	nil
		node: 	OCUnfinishedStatementErrorNode(PremiumRide >> fare)


OCSequenceNode(OCProgramNode)>>checkFaulty:
	Receiver: OCSequenceNode(Ride
	subclass: #PremiumRide
	instanceVariableNames: ''
	classVariableN[..]
	Arguments and temporary variables: 
		aBlock: 	nil
		errorNotice: 	OCSyntaxErrorNotice(139:End of statement expected)
	Receiver's instance variables: 
		parent: 	DoIt

	Ride
		subclass: #PremiumRide
		instanceVariableNames: ''
		[..]
		properties: 	nil
		leftBar: 	nil
		rightBar: 	nil
		statements: 	an OrderedCollection(OCMessageNode(Ride
	subclass: #PremiumRide[..]
		periods: 	an OrderedCollection(112 158 496)
		temporaries: 	an OrderedCollection()


OCParser class>>parseExpression:onError:
	Receiver: OCParser
	Arguments and temporary variables: 
		aString: 	'Ride subclass: #PremiumRide
    instanceVariableNames: ''''
    c[..]
		aBlock: 	nil
	Receiver's instance variables: 
		superclass: 	Object
		methodDict: 	a MethodDictionary(#addCommentsTo:->OCParser>>#addCommentsTo: #[..]
		format: 	65542
		layout: 	a FixedLayout
		protocols: 	an Array(Protocol (private - classes) - 17 selector(s) Protocol [..]
		subclasses: 	{RBParser. OCPatternParser. OCTargetCompilerParser}
		name: 	#OCParser
		classPool: 	nil
		sharedPools: 	an OrderedCollection()
		environment: 	a SystemEnvironment(lots of globals)
		commentSourcePointer: 	40132064
		packageTag: 	a PackageTag(Parser)


OCParser class>>parseExpression:
	Receiver: OCParser
	Arguments and temporary variables: 
		aString: 	'Ride subclass: #PremiumRide
    instanceVariableNames: ''''
    c[..]
	Receiver's instance variables: 
		superclass: 	Object
		methodDict: 	a MethodDictionary(#addCommentsTo:->OCParser>>#addCommentsTo: #[..]
		format: 	65542
		layout: 	a FixedLayout
		protocols: 	an Array(Protocol (private - classes) - 17 selector(s) Protocol [..]
		subclasses: 	{RBParser. OCPatternParser. OCTargetCompilerParser}
		name: 	#OCParser
		classPool: 	nil
		sharedPools: 	an OrderedCollection()
		environment: 	a SystemEnvironment(lots of globals)
		commentSourcePointer: 	40132064
		packageTag: 	a PackageTag(Parser)


DoItChunk>>importFor:logSource:
	Receiver: a DoItChunk(Ride subclass: #PremiumRide
    instanceVariableNames: ''
    classVariabl[..]
	Arguments and temporary variables: 
		requestor: 	nil
		logSource: 	true
		ast: 	nil
	Receiver's instance variables: 
		contents: 	'Ride subclass: #PremiumRide
    instanceVariableNames: ''''
    [..]


[ :declaration |
		value := declaration importFor: nil logSource: logSource  ] in CodeImporter>>evaluate
	Receiver: a CodeImporter
	Arguments and temporary variables: 
		value: 	nil
		declaration: 	a DoItChunk(Ride subclass: #PremiumRide
    instanceVariableNa[..]
	Receiver's instance variables: 
		readStream: 	a ZnCharacterReadStream
		codeDeclarations: 	an OrderedCollection(a DoItChunk(Ride subclass: #PremiumR[..]
		parserClass: 	ChunkFileFormatParser
		logSource: 	true


OrderedCollection>>do:
	Receiver: an OrderedCollection(a DoItChunk(Ride subclass: #PremiumRide
    instanceVariableNames[..]
	Arguments and temporary variables: 
		aBlock: 	[ :declaration |
		value := declaration importFor: nil logSource: l[..]
		index: 	1
	Receiver's instance variables: 
		array: 	an Array(a DoItChunk(Ride subclass: #PremiumRide
    instanceVariabl[..]
		firstIndex: 	1
		lastIndex: 	1


CodeImporter>>evaluate
	Receiver: a CodeImporter
	Arguments and temporary variables: 
		value: 	nil
	Receiver's instance variables: 
		readStream: 	a ZnCharacterReadStream
		codeDeclarations: 	an OrderedCollection(a DoItChunk(Ride subclass: #PremiumR[..]
		parserClass: 	ChunkFileFormatParser
		logSource: 	true


[ codeImporter evaluate ] in STCommandLineHandler>>installSourceFile:
	Receiver: a STCommandLineHandler
	Arguments and temporary variables: 
		aReference: 	a File
		codeImporter: 	a CodeImporter
	Receiver's instance variables: 
		commandLine: 	a CommandLineArguments
		session: 	a WorkingSession
		stdout: 	a VTermOutputDriver
		stderr: 	a VTermOutputDriver
		sourceFiles: 	an OrderedCollection(a File)


FullBlockClosure(BlockClosure)>>on:do:
	Receiver: [ codeImporter evaluate ]
	Arguments and temporary variables: 
		exception: 	Error
		handlerAction: 	[ :e | self handleError: e reference: aReference ]
	Receiver's instance variables: 
		outerContext: 	STCommandLineHandler>>installSourceFile:
		compiledBlock: 	a CompiledBlock: [ codeImporter evaluate ]
		numArgs: 	0
		receiver: 	a STCommandLineHandler


STCommandLineHandler>>handleErrorsDuring:reference:
	Receiver: a STCommandLineHandler
	Arguments and temporary variables: 
		aBlock: 	[ codeImporter evaluate ]
		aReference: 	a File
	Receiver's instance variables: 
		commandLine: 	a CommandLineArguments
		session: 	a WorkingSession
		stdout: 	a VTermOutputDriver
		stderr: 	a VTermOutputDriver
		sourceFiles: 	an OrderedCollection(a File)


STCommandLineHandler>>installSourceFile:
	Receiver: a STCommandLineHandler
	Arguments and temporary variables: 
		codeImporter: 	a CodeImporter
		aReference: 	a File
	Receiver's instance variables: 
		commandLine: 	a CommandLineArguments
		session: 	a WorkingSession
		stdout: 	a VTermOutputDriver
		stderr: 	a VTermOutputDriver
		sourceFiles: 	an OrderedCollection(a File)


[ :reference |
		self installSourceFile: reference ] in [ sourceFiles do: [ :reference |
		self installSourceFile: reference ]
	] in STCommandLineHandler>>installSourceFiles
	Receiver: a STCommandLineHandler
	Arguments and temporary variables: 
		reference: 	a File
	Receiver's instance variables: 
		commandLine: 	a CommandLineArguments
		session: 	a WorkingSession
		stdout: 	a VTermOutputDriver
		stderr: 	a VTermOutputDriver
		sourceFiles: 	an OrderedCollection(a File)


OrderedCollection>>do:
	Receiver: an OrderedCollection(a File)
	Arguments and temporary variables: 
		aBlock: 	[ :reference |
		self installSourceFile: reference ]
		index: 	1
	Receiver's instance variables: 
		array: 	an Array(a File)
		firstIndex: 	1
		lastIndex: 	1


[ sourceFiles do: [ :reference |
		self installSourceFile: reference ]
	] in STCommandLineHandler>>installSourceFiles
	Receiver: a STCommandLineHandler
	Arguments and temporary variables: 
x
	Receiver's instance variables: 
		commandLine: 	a CommandLineArguments
		session: 	a WorkingSession
		stdout: 	a VTermOutputDriver
		stderr: 	a VTermOutputDriver
		sourceFiles: 	an OrderedCollection(a File)


FullBlockClosure(BlockClosure)>>ensure:
	Receiver: [ sourceFiles do: [ :reference |
		self installSourceFile: reference ]
	]
	Arguments and temporary variables: 
		aBlock: 	[ sourceFiles := nil ]
		handler: 	[ sourceFiles := nil ]
		complete: 	nil
		returnValue: 	nil
	Receiver's instance variables: 
		outerContext: 	STCommandLineHandler>>installSourceFiles
		compiledBlock: 	a CompiledBlock: [ sourceFiles do: [ :reference |
		self ins[..]
		numArgs: 	0
		receiver: 	a STCommandLineHandler


STCommandLineHandler>>installSourceFiles
	Receiver: a STCommandLineHandler
	Arguments and temporary variables: 
x
	Receiver's instance variables: 
		commandLine: 	a CommandLineArguments
		session: 	a WorkingSession
		stdout: 	a VTermOutputDriver
		stderr: 	a VTermOutputDriver
		sourceFiles: 	an OrderedCollection(a File)


STCommandLineHandler>>activate
	Receiver: a STCommandLineHandler
	Arguments and temporary variables: 
x
	Receiver's instance variables: 
		commandLine: 	a CommandLineArguments
		session: 	a WorkingSession
		stdout: 	a VTermOutputDriver
		stderr: 	a VTermOutputDriver
		sourceFiles: 	an OrderedCollection(a File)


STCommandLineHandler class(CommandLineHandler class)>>activateWith:
	Receiver: STCommandLineHandler
	Arguments and temporary variables: 
		aCommandLine: 	a CommandLineArguments
	Receiver's instance variables: 
		superclass: 	CommandLineHandler
		methodDict: 	a MethodDictionary(#activate->STCommandLineHandler>>#activate #[..]
		format: 	65541
		layout: 	a FixedLayout
		protocols: 	an Array(Protocol (private) - 3 selector(s) Protocol (installing[..]
		subclasses: 	{EvaluateCommandLineHandler}
		name: 	#STCommandLineHandler
		classPool: 	nil
		sharedPools: 	an OrderedCollection()
		environment: 	a SystemEnvironment(lots of globals)
		commentSourcePointer: 	60986524
		packageTag: 	a PackageTag(Base)


[ aCommandLinehandler activateWith: commandLine ] in PharoCommandLineHandler(BasicCommandLineHandler)>>activateSubCommand:
	Receiver: a PharoCommandLineHandler
	Arguments and temporary variables: 
		aCommandLinehandler: 	STCommandLineHandler
	Receiver's instance variables: 
		commandLine: 	a CommandLineArguments
		session: 	a WorkingSession
		stdout: 	a VTermOutputDriver
		stderr: 	a VTermOutputDriver


FullBlockClosure(BlockClosure)>>on:do:
	Receiver: [ aCommandLinehandler activateWith: commandLine ]
	Arguments and temporary variables: 
		exception: 	Exit
		handlerAction: 	[ :exit |
		^ self handleExit: exit for: aCommandLinehandler ]
	Receiver's instance variables: 
		outerContext: 	PharoCommandLineHandler(BasicCommandLineHandler)>>activateSub[..]
		compiledBlock: 	a CompiledBlock: [ aCommandLinehandler activateWith: command[..]
		numArgs: 	0
		receiver: 	a PharoCommandLineHandler


PharoCommandLineHandler(BasicCommandLineHandler)>>activateSubCommand:
	Receiver: a PharoCommandLineHandler
	Arguments and temporary variables: 
		aCommandLinehandler: 	STCommandLineHandler
	Receiver's instance variables: 
		commandLine: 	a CommandLineArguments
		session: 	a WorkingSession
		stdout: 	a VTermOutputDriver
		stderr: 	a VTermOutputDriver


PharoCommandLineHandler(BasicCommandLineHandler)>>handleSubcommand
	Receiver: a PharoCommandLineHandler
	Arguments and temporary variables: 
		handlers: 	an OrderedCollection(STCommandLineHandler)
	Receiver's instance variables: 
		commandLine: 	a CommandLineArguments
		session: 	a WorkingSession
		stdout: 	a VTermOutputDriver
		stderr: 	a VTermOutputDriver


PharoCommandLineHandler(BasicCommandLineHandler)>>handleArgument:
	Receiver: a PharoCommandLineHandler
	Arguments and temporary variables: 
		aString: 	'st'
	Receiver's instance variables: 
		commandLine: 	a CommandLineArguments
		session: 	a WorkingSession
		stdout: 	a VTermOutputDriver
		stderr: 	a VTermOutputDriver


[ self handleArgument: self firstArgument ] in [ [ self handleArgument: self firstArgument ]
		on: Exit
		do: [ :exit |
			"If the command line is protected by password, we just exit the image because in non-headless mode the handleExit will let the image open. If the password protection is enabled, it is to avoid to let the access to the image."
			self class commandLinePasswordManager hasPasswordSet
				ifTrue: [ Smalltalk snapshot: false andQuit: true ].
			self handleExit: exit ] ] in PharoCommandLineHandler(BasicCommandLineHandler)>>activate
	Receiver: a PharoCommandLineHandler
	Arguments and temporary variables: 
x
	Receiver's instance variables: 
		commandLine: 	a CommandLineArguments
		session: 	a WorkingSession
		stdout: 	a VTermOutputDriver
		stderr: 	a VTermOutputDriver


FullBlockClosure(BlockClosure)>>on:do:
	Receiver: [ self handleArgument: self firstArgument ]
	Arguments and temporary variables: 
		exception: 	Exit
		handlerAction: 	[ :exit |
			"If the command line is protected by password, [..]
	Receiver's instance variables: 
		outerContext: 	[ [ self handleArgument: self firstArgument ]
		on: Exit
		do[..]
		compiledBlock: 	a CompiledBlock: [ self handleArgument: self firstArgument ]
		numArgs: 	0
		receiver: 	a PharoCommandLineHandler


[ [ self handleArgument: self firstArgument ]
		on: Exit
		do: [ :exit |
			"If the command line is protected by password, we just exit the image because in non-headless mode the handleExit will let the image open. If the password protection is enabled, it is to avoid to let the access to the image."
			self class commandLinePasswordManager hasPasswordSet
				ifTrue: [ Smalltalk snapshot: false andQuit: true ].
			self handleExit: exit ] ] in PharoCommandLineHandler(BasicCommandLineHandler)>>activate
	Receiver: a PharoCommandLineHandler
	Arguments and temporary variables: 
x
	Receiver's instance variables: 
		commandLine: 	a CommandLineArguments
		session: 	a WorkingSession
		stdout: 	a VTermOutputDriver
		stderr: 	a VTermOutputDriver


[self value.
			"IMPORTANT: Do not step over next line of code. See method comments for details"
			Processor terminateRealActive] in FullBlockClosure(BlockClosure)>>newProcess
	Receiver: [ [ self handleArgument: self firstArgument ]
		on: Exit
		do: [ :exit |
			"If the co[..]
	Arguments and temporary variables: 
x
	Receiver's instance variables: 
		outerContext: 	PharoCommandLineHandler(BasicCommandLineHandler)>>activate
		compiledBlock: 	a CompiledBlock: [ [ self handleArgument: self firstArgument[..]
		numArgs: 	0
		receiver: 	a PharoCommandLineHandler



--- The full stack ---
OCSyntaxErrorNotice(OCNotice)>>signalError
OCSequenceNode(OCProgramNode)>>checkFaulty:
OCParser class>>parseExpression:onError:
OCParser class>>parseExpression:
DoItChunk>>importFor:logSource:
[ :declaration |
		value := declaration importFor: nil logSource: logSource  ] in CodeImporter>>evaluate
OrderedCollection>>do:
CodeImporter>>evaluate
[ codeImporter evaluate ] in STCommandLineHandler>>installSourceFile:
FullBlockClosure(BlockClosure)>>on:do:
STCommandLineHandler>>handleErrorsDuring:reference:
STCommandLineHandler>>installSourceFile:
[ :reference |
		self installSourceFile: reference ] in [ sourceFiles do: [ :reference |
		self installSourceFile: reference ]
	] in STCommandLineHandler>>installSourceFiles
OrderedCollection>>do:
[ sourceFiles do: [ :reference |
		self installSourceFile: reference ]
	] in STCommandLineHandler>>installSourceFiles
FullBlockClosure(BlockClosure)>>ensure:
STCommandLineHandler>>installSourceFiles
STCommandLineHandler>>activate
STCommandLineHandler class(CommandLineHandler class)>>activateWith:
[ aCommandLinehandler activateWith: commandLine ] in PharoCommandLineHandler(BasicCommandLineHandler)>>activateSubCommand:
FullBlockClosure(BlockClosure)>>on:do:
PharoCommandLineHandler(BasicCommandLineHandler)>>activateSubCommand:
PharoCommandLineHandler(BasicCommandLineHandler)>>handleSubcommand
PharoCommandLineHandler(BasicCommandLineHandler)>>handleArgument:
[ self handleArgument: self firstArgument ] in [ [ self handleArgument: self firstArgument ]
		on: Exit
		do: [ :exit |
			"If the command line is protected by password, we just exit the image because in non-headless mode the handleExit will let the image open. If the password protection is enabled, it is to avoid to let the access to the image."
			self class commandLinePasswordManager hasPasswordSet
				ifTrue: [ Smalltalk snapshot: false andQuit: true ].
			self handleExit: exit ] ] in PharoCommandLineHandler(BasicCommandLineHandler)>>activate
FullBlockClosure(BlockClosure)>>on:do:
[ [ self handleArgument: self firstArgument ]
		on: Exit
		do: [ :exit |
			"If the command line is protected by password, we just exit the image because in non-headless mode the handleExit will let the image open. If the password protection is enabled, it is to avoid to let the access to the image."
			self class commandLinePasswordManager hasPasswordSet
				ifTrue: [ Smalltalk snapshot: false andQuit: true ].
			self handleExit: exit ] ] in PharoCommandLineHandler(BasicCommandLineHandler)>>activate
[self value.
			"IMPORTANT: Do not step over next line of code. See method comments for details"
			Processor terminateRealActive] in FullBlockClosure(BlockClosure)>>newProcess
-------------------------------------------------------------------------------

Processes and their stacks: 
Process: a Process in AtomicSharedQueue>>waitForNewItems
  stack:

AtomicSharedQueue>>waitForNewItems
AtomicSharedQueue>>next
TKTWorkerProcess>>privateNextTask
TKTWorkerProcess>>workerLoop
MessageSend>>value
[ aValuable value ] in TKTPharoProcessProvider>>createProcessDoing:named:
[self value.
			"IMPORTANT: Do not step over next line of code. See method comments for details"
			Processor terminateRealActive] in FullBlockClosure(BlockClosure)>>newProcess
------------------------------

Process: a Process in AtomicSharedQueue>>waitForNewItems
  stack:

AtomicSharedQueue>>waitForNewItems
AtomicSharedQueue>>next
TKTWorkerProcess>>privateNextTask
TKTWorkerProcess>>workerLoop
MessageSend>>value
[ aValuable value ] in TKTPharoProcessProvider>>createProcessDoing:named:
[self value.
			"IMPORTANT: Do not step over next line of code. See method comments for details"
			Processor terminateRealActive] in FullBlockClosure(BlockClosure)>>newProcess
------------------------------

Process: a Process in DelayMicrosecondTicker>>waitForUserSignalled:orExpired:
  stack:

DelayMicrosecondTicker>>waitForUserSignalled:orExpired:
[  [runTimerEventLoop] whileTrue:
		[	|nowTick|
			"Warning! Stepping <Over> the following line may lock the Image. Use <Into> or <Proceed>."
		 	ticker waitForUserSignalled: timingSemaphore orExpired: activeDelay.

			"Invoke the api back-ends, which set the transfer-variable to nil"
			suspendSemaphore ifNotNil: [ self suspendAtTimingPriority    ].
			delayToStart     ifNotNil: [ self scheduleAtTimingPriority   ].
			delayToStop      ifNotNil: [ self unscheduleAtTimingPriority ].

			"Signal any expired delays"
			nowTick := ticker nowTick.
			[ 	activeDelay isNotNil and: [nowTick >= activeDelay resumptionTick] ]
					whileTrue: [
						activeDelay timingPrioritySignalExpired.
						activeDelay := suspendedDelays removeFirstOrNil ].
		]
	] in DelaySemaphoreScheduler(DelayBasicScheduler)>>runBackendLoopAtTimingPriority
FullBlockClosure(BlockClosure)>>ensure:
DelaySemaphoreScheduler(DelayBasicScheduler)>>runBackendLoopAtTimingPriority
[ self runBackendLoopAtTimingPriority ] in DelaySemaphoreScheduler(DelayBasicScheduler)>>startTimerEventLoopPriority:
[self value.
			"IMPORTANT: Do not step over next line of code. See method comments for details"
			Processor terminateRealActive] in FullBlockClosure(BlockClosure)>>newProcess
------------------------------

Process: a Process in MorphicRenderLoop>>doOneCycleWhile:
  stack:

MorphicRenderLoop>>doOneCycleWhile:
[ MorphicRenderLoop new doOneCycleWhile: [ true ] ] in MorphicUIManager>>spawnNewProcess
[self value.
			"IMPORTANT: Do not step over next line of code. See method comments for details"
			Processor terminateRealActive] in FullBlockClosure(BlockClosure)>>newProcess
------------------------------

Process: a Process in Process>>endProcess
  stack:

Process>>endProcess
------------------------------

Process: a Process in Process>>endProcess
  stack:

Process>>endProcess
------------------------------

Process: a Process in Process>>endProcess
  stack:

Process>>endProcess
------------------------------

Process: a Process in Process>>endProcess
  stack:

Process>>endProcess
------------------------------

Process: a Process in Process>>endProcess
  stack:

Process>>endProcess
------------------------------

Process: a Process in SmalltalkImage>>lowSpaceWatcher
  stack:

SmalltalkImage>>lowSpaceWatcher
[ self lowSpaceWatcher ] in SmalltalkImage>>installLowSpaceWatcher
[self value.
			"IMPORTANT: Do not step over next line of code. See method comments for details"
			Processor terminateRealActive] in FullBlockClosure(BlockClosure)>>newProcess
------------------------------

Process: a Process in [self value.
			"IMPORTANT: Do not step over next line of code. See method comments for details"
			Processor terminateRealActive] in FullBlockClosure(BlockClosure)>>newProcess
  stack:

[self value.
			"IMPORTANT: Do not step over next line of code. See method comments for details"
			Processor terminateRealActive] in FullBlockClosure(BlockClosure)>>newProcess
------------------------------

Process: a Process in FinalizationProcess class>>finalizationProcess
  stack:

FinalizationProcess class>>finalizationProcess
[self finalizationProcess] in FinalizationProcess class>>restartFinalizationProcess
[self value.
			"IMPORTANT: Do not step over next line of code. See method comments for details"
			Processor terminateRealActive] in FullBlockClosure(BlockClosure)>>newProcess
------------------------------

Process: a Process in nil
  stack:

Array(SequenceableCollection)>>do:
[:logger |
		logger nextPutAll: 'Processes and their stacks: ';cr.

		Process allInstances do: [:each | | ctx |
			logger nextPutAll: 'Process: '; print: each; cr; nextPutAll: '  stack:'; cr; cr.

			ctx := each isActive ifTrue: [ thisContext sender ] ifFalse: [ each suspendedContext ].
			ctx ifNotNil: [
				(ctx stackOfSize: 20) do: [:s | logger print: s; cr ]].
			logger nextPutAll: '------------------------------'; cr; cr.
		]] in [ Smalltalk
		logError: aString
		inContext: aContext.

	" Print stacks of all current processes "

	Smalltalk logDuring: [:logger |
		logger nextPutAll: 'Processes and their stacks: ';cr.

		Process allInstances do: [:each | | ctx |
			logger nextPutAll: 'Process: '; print: each; cr; nextPutAll: '  stack:'; cr; cr.

			ctx := each isActive ifTrue: [ thisContext sender ] ifFalse: [ each suspendedContext ].
			ctx ifNotNil: [
				(ctx stackOfSize: 20) do: [:s | logger print: s; cr ]].
			logger nextPutAll: '------------------------------'; cr; cr.
		]].
	] in NonInteractiveUIManager(CommandLineUIManager)>>quitFrom:withMessage:
[
		logStream := self openLog.
		aMonadicBlock value: logStream.
	] in SmalltalkImage>>logDuring:
FullBlockClosure(BlockClosure)>>ensure:
SmalltalkImage>>logDuring:
[ Smalltalk
		logError: aString
		inContext: aContext.

	" Print stacks of all current processes "

	Smalltalk logDuring: [:logger |
		logger nextPutAll: 'Processes and their stacks: ';cr.

		Process allInstances do: [:each | | ctx |
			logger nextPutAll: 'Process: '; print: each; cr; nextPutAll: '  stack:'; cr; cr.

			ctx := each isActive ifTrue: [ thisContext sender ] ifFalse: [ each suspendedContext ].
			ctx ifNotNil: [
				(ctx stackOfSize: 20) do: [:s | logger print: s; cr ]].
			logger nextPutAll: '------------------------------'; cr; cr.
		]].
	] in NonInteractiveUIManager(CommandLineUIManager)>>quitFrom:withMessage:
FullBlockClosure(BlockClosure)>>ensure:
NonInteractiveUIManager(CommandLineUIManager)>>quitFrom:withMessage:
NonInteractiveUIManager(CommandLineUIManager)>>handleError:log:
NonInteractiveUIManager(UIManager)>>handleError:
Process>>handleError:
OCCodeError(Exception)>>unhandledErrorAction
UnhandledError>>defaultAction
UndefinedObject>>handleSignal:
Context>>handleSignal:
Context>>handleSignal:
Context>>handleSignal:
UnhandledError(Exception)>>signal
UnhandledError class>>signalForException:
OCCodeError(Exception)>>raiseUnhandledError
------------------------------

Process: a Process in Process>>endProcess
  stack:

Process>>endProcess
------------------------------

Process: a Process in Process>>endProcess
  stack:

Process>>endProcess
------------------------------

Process: a Process in [
		[ true ] whileTrue: [
			semaphore wait.
			[self executeCallback: self nextPendingCallback]
				on: Exception fork:  [:ex | ex pass ] ] ] in TFCallbackQueue>>forkCallbackProcess
  stack:

[
		[ true ] whileTrue: [
			semaphore wait.
			[self executeCallback: self nextPendingCallback]
				on: Exception fork:  [:ex | ex pass ] ] ] in TFCallbackQueue>>forkCallbackProcess
[self value.
			"IMPORTANT: Do not step over next line of code. See method comments for details"
			Processor terminateRealActive] in FullBlockClosure(BlockClosure)>>newProcess
------------------------------

Process: a Process in Process>>endProcess
  stack:

Process>>endProcess
------------------------------


===============================================================================
Notice: Errors in script loaded from Driver.st
===============================================================================
THERE_BE_DRAGONS_HERE
OCCodeError:OCSyntaxErrorNotice ???>>#DoIt 156:Variable or expression expected->
2 October 2026 9:48:25.707482 pm

VM: Mac OS - arm64 - 1000 - CoInterpreter VMMaker-tonel.1 uuid: 80e43a52-2018-0e00-bce4-820906d86bc4 Sep 18 2026
StackToRegisterMappingCogit VMMaker-tonel.1 uuid: 80e43a52-2018-0e00-bce4-820906d86bc4 Sep 18 2026
v10.3.11+0.a585304b1 - Commit: a585304b1 - Date: 2026-09-16 09:19:54 +0200

Image: Pharo13.1.0SNAPSHOT [Build information: Pharo-13.1.0+SNAPSHOT.build.749.sha.d7c6f761d5445e8b04a0aa5137e0d546ad9bcd89 (64 Bit)]

OCSyntaxErrorNotice(OCNotice)>>signalError
	Receiver: OCSyntaxErrorNotice(156:Variable or expression expected)
	Arguments and temporary variables: 
x
	Receiver's instance variables: 
		messageText: 	nil
		node: 	OCParseErrorNode()


OCSequenceNode(OCProgramNode)>>checkFaulty:
	Receiver: OCSequenceNode(Object
	subclass: #Driver
	instanceVariableNames: 'driverID name rating[..]
	Arguments and temporary variables: 
		aBlock: 	nil
		errorNotice: 	OCSyntaxErrorNotice(156:Variable or expression expected)
	Receiver's instance variables: 
		parent: 	DoIt

	Object
		subclass: #Driver
		instanceVariableNames: 'driverI[..]
		properties: 	nil
		leftBar: 	nil
		rightBar: 	nil
		statements: 	an OrderedCollection(OCMessageNode(Object
	subclass: #Driver
	i[..]
		periods: 	an OrderedCollection(143 227 246 269 313 325 381 747 812)
		temporaries: 	an OrderedCollection()


OCParser class>>parseExpression:onError:
	Receiver: OCParser
	Arguments and temporary variables: 
		aString: 	'Object subclass: #Driver
    instanceVariableNames: ''driverID na[..]
		aBlock: 	nil
	Receiver's instance variables: 
		superclass: 	Object
		methodDict: 	a MethodDictionary(#addCommentsTo:->OCParser>>#addCommentsTo: #[..]
		format: 	65542
		layout: 	a FixedLayout
		protocols: 	an Array(Protocol (private - classes) - 17 selector(s) Protocol [..]
		subclasses: 	{RBParser. OCPatternParser. OCTargetCompilerParser}
		name: 	#OCParser
		classPool: 	nil
		sharedPools: 	an OrderedCollection()
		environment: 	a SystemEnvironment(lots of globals)
		commentSourcePointer: 	40132064
		packageTag: 	a PackageTag(Parser)


OCParser class>>parseExpression:
	Receiver: OCParser
	Arguments and temporary variables: 
		aString: 	'Object subclass: #Driver
    instanceVariableNames: ''driverID na[..]
	Receiver's instance variables: 
		superclass: 	Object
		methodDict: 	a MethodDictionary(#addCommentsTo:->OCParser>>#addCommentsTo: #[..]
		format: 	65542
		layout: 	a FixedLayout
		protocols: 	an Array(Protocol (private - classes) - 17 selector(s) Protocol [..]
		subclasses: 	{RBParser. OCPatternParser. OCTargetCompilerParser}
		name: 	#OCParser
		classPool: 	nil
		sharedPools: 	an OrderedCollection()
		environment: 	a SystemEnvironment(lots of globals)
		commentSourcePointer: 	40132064
		packageTag: 	a PackageTag(Parser)


DoItChunk>>importFor:logSource:
	Receiver: a DoItChunk(Object subclass: #Driver
    instanceVariableNames: 'driverID name rating [..]
	Arguments and temporary variables: 
		requestor: 	nil
		logSource: 	true
		ast: 	nil
	Receiver's instance variables: 
		contents: 	'Object subclass: #Driver
    instanceVariableNames: ''driverID n[..]


[ :declaration |
		value := declaration importFor: nil logSource: logSource  ] in CodeImporter>>evaluate
	Receiver: a CodeImporter
	Arguments and temporary variables: 
		value: 	nil
		declaration: 	a DoItChunk(Object subclass: #Driver
    instanceVariableNames[..]
	Receiver's instance variables: 
		readStream: 	a ZnCharacterReadStream
		codeDeclarations: 	an OrderedCollection(a DoItChunk(Object subclass: #Driver[..]
		parserClass: 	ChunkFileFormatParser
		logSource: 	true


OrderedCollection>>do:
	Receiver: an OrderedCollection(a DoItChunk(Object subclass: #Driver
    instanceVariableNames: '[..]
	Arguments and temporary variables: 
		aBlock: 	[ :declaration |
		value := declaration importFor: nil logSource: l[..]
		index: 	1
	Receiver's instance variables: 
		array: 	an Array(a DoItChunk(Object subclass: #Driver
    instanceVariableNa[..]
		firstIndex: 	1
		lastIndex: 	1


CodeImporter>>evaluate
	Receiver: a CodeImporter
	Arguments and temporary variables: 
		value: 	nil
	Receiver's instance variables: 
		readStream: 	a ZnCharacterReadStream
		codeDeclarations: 	an OrderedCollection(a DoItChunk(Object subclass: #Driver[..]
		parserClass: 	ChunkFileFormatParser
		logSource: 	true


[ codeImporter evaluate ] in STCommandLineHandler>>installSourceFile:
	Receiver: a STCommandLineHandler
	Arguments and temporary variables: 
		aReference: 	a File
		codeImporter: 	a CodeImporter
	Receiver's instance variables: 
		commandLine: 	a CommandLineArguments
		session: 	a WorkingSession
		stdout: 	a VTermOutputDriver
		stderr: 	a VTermOutputDriver
		sourceFiles: 	an OrderedCollection(a File)


FullBlockClosure(BlockClosure)>>on:do:
	Receiver: [ codeImporter evaluate ]
	Arguments and temporary variables: 
		exception: 	Error
		handlerAction: 	[ :e | self handleError: e reference: aReference ]
	Receiver's instance variables: 
		outerContext: 	STCommandLineHandler>>installSourceFile:
		compiledBlock: 	a CompiledBlock: [ codeImporter evaluate ]
		numArgs: 	0
		receiver: 	a STCommandLineHandler


STCommandLineHandler>>handleErrorsDuring:reference:
	Receiver: a STCommandLineHandler
	Arguments and temporary variables: 
		aBlock: 	[ codeImporter evaluate ]
		aReference: 	a File
	Receiver's instance variables: 
		commandLine: 	a CommandLineArguments
		session: 	a WorkingSession
		stdout: 	a VTermOutputDriver
		stderr: 	a VTermOutputDriver
		sourceFiles: 	an OrderedCollection(a File)


STCommandLineHandler>>installSourceFile:
	Receiver: a STCommandLineHandler
	Arguments and temporary variables: 
		codeImporter: 	a CodeImporter
		aReference: 	a File
	Receiver's instance variables: 
		commandLine: 	a CommandLineArguments
		session: 	a WorkingSession
		stdout: 	a VTermOutputDriver
		stderr: 	a VTermOutputDriver
		sourceFiles: 	an OrderedCollection(a File)


[ :reference |
		self installSourceFile: reference ] in [ sourceFiles do: [ :reference |
		self installSourceFile: reference ]
	] in STCommandLineHandler>>installSourceFiles
	Receiver: a STCommandLineHandler
	Arguments and temporary variables: 
		reference: 	a File
	Receiver's instance variables: 
		commandLine: 	a CommandLineArguments
		session: 	a WorkingSession
		stdout: 	a VTermOutputDriver
		stderr: 	a VTermOutputDriver
		sourceFiles: 	an OrderedCollection(a File)


OrderedCollection>>do:
	Receiver: an OrderedCollection(a File)
	Arguments and temporary variables: 
		aBlock: 	[ :reference |
		self installSourceFile: reference ]
		index: 	1
	Receiver's instance variables: 
		array: 	an Array(a File)
		firstIndex: 	1
		lastIndex: 	1


[ sourceFiles do: [ :reference |
		self installSourceFile: reference ]
	] in STCommandLineHandler>>installSourceFiles
	Receiver: a STCommandLineHandler
	Arguments and temporary variables: 
x
	Receiver's instance variables: 
		commandLine: 	a CommandLineArguments
		session: 	a WorkingSession
		stdout: 	a VTermOutputDriver
		stderr: 	a VTermOutputDriver
		sourceFiles: 	an OrderedCollection(a File)


FullBlockClosure(BlockClosure)>>ensure:
	Receiver: [ sourceFiles do: [ :reference |
		self installSourceFile: reference ]
	]
	Arguments and temporary variables: 
		aBlock: 	[ sourceFiles := nil ]
		handler: 	[ sourceFiles := nil ]
		complete: 	nil
		returnValue: 	nil
	Receiver's instance variables: 
		outerContext: 	STCommandLineHandler>>installSourceFiles
		compiledBlock: 	a CompiledBlock: [ sourceFiles do: [ :reference |
		self ins[..]
		numArgs: 	0
		receiver: 	a STCommandLineHandler


STCommandLineHandler>>installSourceFiles
	Receiver: a STCommandLineHandler
	Arguments and temporary variables: 
x
	Receiver's instance variables: 
		commandLine: 	a CommandLineArguments
		session: 	a WorkingSession
		stdout: 	a VTermOutputDriver
		stderr: 	a VTermOutputDriver
		sourceFiles: 	an OrderedCollection(a File)


STCommandLineHandler>>activate
	Receiver: a STCommandLineHandler
	Arguments and temporary variables: 
x
	Receiver's instance variables: 
		commandLine: 	a CommandLineArguments
		session: 	a WorkingSession
		stdout: 	a VTermOutputDriver
		stderr: 	a VTermOutputDriver
		sourceFiles: 	an OrderedCollection(a File)


STCommandLineHandler class(CommandLineHandler class)>>activateWith:
	Receiver: STCommandLineHandler
	Arguments and temporary variables: 
		aCommandLine: 	a CommandLineArguments
	Receiver's instance variables: 
		superclass: 	CommandLineHandler
		methodDict: 	a MethodDictionary(#activate->STCommandLineHandler>>#activate #[..]
		format: 	65541
		layout: 	a FixedLayout
		protocols: 	an Array(Protocol (private) - 3 selector(s) Protocol (installing[..]
		subclasses: 	{EvaluateCommandLineHandler}
		name: 	#STCommandLineHandler
		classPool: 	nil
		sharedPools: 	an OrderedCollection()
		environment: 	a SystemEnvironment(lots of globals)
		commentSourcePointer: 	60986524
		packageTag: 	a PackageTag(Base)


[ aCommandLinehandler activateWith: commandLine ] in PharoCommandLineHandler(BasicCommandLineHandler)>>activateSubCommand:
	Receiver: a PharoCommandLineHandler
	Arguments and temporary variables: 
		aCommandLinehandler: 	STCommandLineHandler
	Receiver's instance variables: 
		commandLine: 	a CommandLineArguments
		session: 	a WorkingSession
		stdout: 	a VTermOutputDriver
		stderr: 	a VTermOutputDriver


FullBlockClosure(BlockClosure)>>on:do:
	Receiver: [ aCommandLinehandler activateWith: commandLine ]
	Arguments and temporary variables: 
		exception: 	Exit
		handlerAction: 	[ :exit |
		^ self handleExit: exit for: aCommandLinehandler ]
	Receiver's instance variables: 
		outerContext: 	PharoCommandLineHandler(BasicCommandLineHandler)>>activateSub[..]
		compiledBlock: 	a CompiledBlock: [ aCommandLinehandler activateWith: command[..]
		numArgs: 	0
		receiver: 	a PharoCommandLineHandler


PharoCommandLineHandler(BasicCommandLineHandler)>>activateSubCommand:
	Receiver: a PharoCommandLineHandler
	Arguments and temporary variables: 
		aCommandLinehandler: 	STCommandLineHandler
	Receiver's instance variables: 
		commandLine: 	a CommandLineArguments
		session: 	a WorkingSession
		stdout: 	a VTermOutputDriver
		stderr: 	a VTermOutputDriver


PharoCommandLineHandler(BasicCommandLineHandler)>>handleSubcommand
	Receiver: a PharoCommandLineHandler
	Arguments and temporary variables: 
		handlers: 	an OrderedCollection(STCommandLineHandler)
	Receiver's instance variables: 
		commandLine: 	a CommandLineArguments
		session: 	a WorkingSession
		stdout: 	a VTermOutputDriver
		stderr: 	a VTermOutputDriver


PharoCommandLineHandler(BasicCommandLineHandler)>>handleArgument:
	Receiver: a PharoCommandLineHandler
	Arguments and temporary variables: 
		aString: 	'st'
	Receiver's instance variables: 
		commandLine: 	a CommandLineArguments
		session: 	a WorkingSession
		stdout: 	a VTermOutputDriver
		stderr: 	a VTermOutputDriver


[ self handleArgument: self firstArgument ] in [ [ self handleArgument: self firstArgument ]
		on: Exit
		do: [ :exit |
			"If the command line is protected by password, we just exit the image because in non-headless mode the handleExit will let the image open. If the password protection is enabled, it is to avoid to let the access to the image."
			self class commandLinePasswordManager hasPasswordSet
				ifTrue: [ Smalltalk snapshot: false andQuit: true ].
			self handleExit: exit ] ] in PharoCommandLineHandler(BasicCommandLineHandler)>>activate
	Receiver: a PharoCommandLineHandler
	Arguments and temporary variables: 
x
	Receiver's instance variables: 
		commandLine: 	a CommandLineArguments
		session: 	a WorkingSession
		stdout: 	a VTermOutputDriver
		stderr: 	a VTermOutputDriver


FullBlockClosure(BlockClosure)>>on:do:
	Receiver: [ self handleArgument: self firstArgument ]
	Arguments and temporary variables: 
		exception: 	Exit
		handlerAction: 	[ :exit |
			"If the command line is protected by password, [..]
	Receiver's instance variables: 
		outerContext: 	[ [ self handleArgument: self firstArgument ]
		on: Exit
		do[..]
		compiledBlock: 	a CompiledBlock: [ self handleArgument: self firstArgument ]
		numArgs: 	0
		receiver: 	a PharoCommandLineHandler


[ [ self handleArgument: self firstArgument ]
		on: Exit
		do: [ :exit |
			"If the command line is protected by password, we just exit the image because in non-headless mode the handleExit will let the image open. If the password protection is enabled, it is to avoid to let the access to the image."
			self class commandLinePasswordManager hasPasswordSet
				ifTrue: [ Smalltalk snapshot: false andQuit: true ].
			self handleExit: exit ] ] in PharoCommandLineHandler(BasicCommandLineHandler)>>activate
	Receiver: a PharoCommandLineHandler
	Arguments and temporary variables: 
x
	Receiver's instance variables: 
		commandLine: 	a CommandLineArguments
		session: 	a WorkingSession
		stdout: 	a VTermOutputDriver
		stderr: 	a VTermOutputDriver


[self value.
			"IMPORTANT: Do not step over next line of code. See method comments for details"
			Processor terminateRealActive] in FullBlockClosure(BlockClosure)>>newProcess
	Receiver: [ [ self handleArgument: self firstArgument ]
		on: Exit
		do: [ :exit |
			"If the co[..]
	Arguments and temporary variables: 
x
	Receiver's instance variables: 
		outerContext: 	PharoCommandLineHandler(BasicCommandLineHandler)>>activate
		compiledBlock: 	a CompiledBlock: [ [ self handleArgument: self firstArgument[..]
		numArgs: 	0
		receiver: 	a PharoCommandLineHandler



--- The full stack ---
OCSyntaxErrorNotice(OCNotice)>>signalError
OCSequenceNode(OCProgramNode)>>checkFaulty:
OCParser class>>parseExpression:onError:
OCParser class>>parseExpression:
DoItChunk>>importFor:logSource:
[ :declaration |
		value := declaration importFor: nil logSource: logSource  ] in CodeImporter>>evaluate
OrderedCollection>>do:
CodeImporter>>evaluate
[ codeImporter evaluate ] in STCommandLineHandler>>installSourceFile:
FullBlockClosure(BlockClosure)>>on:do:
STCommandLineHandler>>handleErrorsDuring:reference:
STCommandLineHandler>>installSourceFile:
[ :reference |
		self installSourceFile: reference ] in [ sourceFiles do: [ :reference |
		self installSourceFile: reference ]
	] in STCommandLineHandler>>installSourceFiles
OrderedCollection>>do:
[ sourceFiles do: [ :reference |
		self installSourceFile: reference ]
	] in STCommandLineHandler>>installSourceFiles
FullBlockClosure(BlockClosure)>>ensure:
STCommandLineHandler>>installSourceFiles
STCommandLineHandler>>activate
STCommandLineHandler class(CommandLineHandler class)>>activateWith:
[ aCommandLinehandler activateWith: commandLine ] in PharoCommandLineHandler(BasicCommandLineHandler)>>activateSubCommand:
FullBlockClosure(BlockClosure)>>on:do:
PharoCommandLineHandler(BasicCommandLineHandler)>>activateSubCommand:
PharoCommandLineHandler(BasicCommandLineHandler)>>handleSubcommand
PharoCommandLineHandler(BasicCommandLineHandler)>>handleArgument:
[ self handleArgument: self firstArgument ] in [ [ self handleArgument: self firstArgument ]
		on: Exit
		do: [ :exit |
			"If the command line is protected by password, we just exit the image because in non-headless mode the handleExit will let the image open. If the password protection is enabled, it is to avoid to let the access to the image."
			self class commandLinePasswordManager hasPasswordSet
				ifTrue: [ Smalltalk snapshot: false andQuit: true ].
			self handleExit: exit ] ] in PharoCommandLineHandler(BasicCommandLineHandler)>>activate
FullBlockClosure(BlockClosure)>>on:do:
[ [ self handleArgument: self firstArgument ]
		on: Exit
		do: [ :exit |
			"If the command line is protected by password, we just exit the image because in non-headless mode the handleExit will let the image open. If the password protection is enabled, it is to avoid to let the access to the image."
			self class commandLinePasswordManager hasPasswordSet
				ifTrue: [ Smalltalk snapshot: false andQuit: true ].
			self handleExit: exit ] ] in PharoCommandLineHandler(BasicCommandLineHandler)>>activate
[self value.
			"IMPORTANT: Do not step over next line of code. See method comments for details"
			Processor terminateRealActive] in FullBlockClosure(BlockClosure)>>newProcess
-------------------------------------------------------------------------------

Processes and their stacks: 
Process: a Process in AtomicSharedQueue>>waitForNewItems
  stack:

AtomicSharedQueue>>waitForNewItems
AtomicSharedQueue>>next
TKTWorkerProcess>>privateNextTask
TKTWorkerProcess>>workerLoop
MessageSend>>value
[ aValuable value ] in TKTPharoProcessProvider>>createProcessDoing:named:
[self value.
			"IMPORTANT: Do not step over next line of code. See method comments for details"
			Processor terminateRealActive] in FullBlockClosure(BlockClosure)>>newProcess
------------------------------

Process: a Process in AtomicSharedQueue>>waitForNewItems
  stack:

AtomicSharedQueue>>waitForNewItems
AtomicSharedQueue>>next
TKTWorkerProcess>>privateNextTask
TKTWorkerProcess>>workerLoop
MessageSend>>value
[ aValuable value ] in TKTPharoProcessProvider>>createProcessDoing:named:
[self value.
			"IMPORTANT: Do not step over next line of code. See method comments for details"
			Processor terminateRealActive] in FullBlockClosure(BlockClosure)>>newProcess
------------------------------

Process: a Process in DelayMicrosecondTicker>>waitForUserSignalled:orExpired:
  stack:

DelayMicrosecondTicker>>waitForUserSignalled:orExpired:
[  [runTimerEventLoop] whileTrue:
		[	|nowTick|
			"Warning! Stepping <Over> the following line may lock the Image. Use <Into> or <Proceed>."
		 	ticker waitForUserSignalled: timingSemaphore orExpired: activeDelay.

			"Invoke the api back-ends, which set the transfer-variable to nil"
			suspendSemaphore ifNotNil: [ self suspendAtTimingPriority    ].
			delayToStart     ifNotNil: [ self scheduleAtTimingPriority   ].
			delayToStop      ifNotNil: [ self unscheduleAtTimingPriority ].

			"Signal any expired delays"
			nowTick := ticker nowTick.
			[ 	activeDelay isNotNil and: [nowTick >= activeDelay resumptionTick] ]
					whileTrue: [
						activeDelay timingPrioritySignalExpired.
						activeDelay := suspendedDelays removeFirstOrNil ].
		]
	] in DelaySemaphoreScheduler(DelayBasicScheduler)>>runBackendLoopAtTimingPriority
FullBlockClosure(BlockClosure)>>ensure:
DelaySemaphoreScheduler(DelayBasicScheduler)>>runBackendLoopAtTimingPriority
[ self runBackendLoopAtTimingPriority ] in DelaySemaphoreScheduler(DelayBasicScheduler)>>startTimerEventLoopPriority:
[self value.
			"IMPORTANT: Do not step over next line of code. See method comments for details"
			Processor terminateRealActive] in FullBlockClosure(BlockClosure)>>newProcess
------------------------------

Process: a Process in MorphicRenderLoop>>doOneCycleWhile:
  stack:

MorphicRenderLoop>>doOneCycleWhile:
[ MorphicRenderLoop new doOneCycleWhile: [ true ] ] in MorphicUIManager>>spawnNewProcess
[self value.
			"IMPORTANT: Do not step over next line of code. See method comments for details"
			Processor terminateRealActive] in FullBlockClosure(BlockClosure)>>newProcess
------------------------------

Process: a Process in Process>>endProcess
  stack:

Process>>endProcess
------------------------------

Process: a Process in Process>>endProcess
  stack:

Process>>endProcess
------------------------------

Process: a Process in Process>>endProcess
  stack:

Process>>endProcess
------------------------------

Process: a Process in Process>>endProcess
  stack:

Process>>endProcess
------------------------------

Process: a Process in Process>>endProcess
  stack:

Process>>endProcess
------------------------------

Process: a Process in SmalltalkImage>>lowSpaceWatcher
  stack:

SmalltalkImage>>lowSpaceWatcher
[ self lowSpaceWatcher ] in SmalltalkImage>>installLowSpaceWatcher
[self value.
			"IMPORTANT: Do not step over next line of code. See method comments for details"
			Processor terminateRealActive] in FullBlockClosure(BlockClosure)>>newProcess
------------------------------

Process: a Process in [self value.
			"IMPORTANT: Do not step over next line of code. See method comments for details"
			Processor terminateRealActive] in FullBlockClosure(BlockClosure)>>newProcess
  stack:

[self value.
			"IMPORTANT: Do not step over next line of code. See method comments for details"
			Processor terminateRealActive] in FullBlockClosure(BlockClosure)>>newProcess
------------------------------

Process: a Process in FinalizationProcess class>>finalizationProcess
  stack:

FinalizationProcess class>>finalizationProcess
[self finalizationProcess] in FinalizationProcess class>>restartFinalizationProcess
[self value.
			"IMPORTANT: Do not step over next line of code. See method comments for details"
			Processor terminateRealActive] in FullBlockClosure(BlockClosure)>>newProcess
------------------------------

Process: a Process in nil
  stack:

Array(SequenceableCollection)>>do:
[:logger |
		logger nextPutAll: 'Processes and their stacks: ';cr.

		Process allInstances do: [:each | | ctx |
			logger nextPutAll: 'Process: '; print: each; cr; nextPutAll: '  stack:'; cr; cr.

			ctx := each isActive ifTrue: [ thisContext sender ] ifFalse: [ each suspendedContext ].
			ctx ifNotNil: [
				(ctx stackOfSize: 20) do: [:s | logger print: s; cr ]].
			logger nextPutAll: '------------------------------'; cr; cr.
		]] in [ Smalltalk
		logError: aString
		inContext: aContext.

	" Print stacks of all current processes "

	Smalltalk logDuring: [:logger |
		logger nextPutAll: 'Processes and their stacks: ';cr.

		Process allInstances do: [:each | | ctx |
			logger nextPutAll: 'Process: '; print: each; cr; nextPutAll: '  stack:'; cr; cr.

			ctx := each isActive ifTrue: [ thisContext sender ] ifFalse: [ each suspendedContext ].
			ctx ifNotNil: [
				(ctx stackOfSize: 20) do: [:s | logger print: s; cr ]].
			logger nextPutAll: '------------------------------'; cr; cr.
		]].
	] in NonInteractiveUIManager(CommandLineUIManager)>>quitFrom:withMessage:
[
		logStream := self openLog.
		aMonadicBlock value: logStream.
	] in SmalltalkImage>>logDuring:
FullBlockClosure(BlockClosure)>>ensure:
SmalltalkImage>>logDuring:
[ Smalltalk
		logError: aString
		inContext: aContext.

	" Print stacks of all current processes "

	Smalltalk logDuring: [:logger |
		logger nextPutAll: 'Processes and their stacks: ';cr.

		Process allInstances do: [:each | | ctx |
			logger nextPutAll: 'Process: '; print: each; cr; nextPutAll: '  stack:'; cr; cr.

			ctx := each isActive ifTrue: [ thisContext sender ] ifFalse: [ each suspendedContext ].
			ctx ifNotNil: [
				(ctx stackOfSize: 20) do: [:s | logger print: s; cr ]].
			logger nextPutAll: '------------------------------'; cr; cr.
		]].
	] in NonInteractiveUIManager(CommandLineUIManager)>>quitFrom:withMessage:
FullBlockClosure(BlockClosure)>>ensure:
NonInteractiveUIManager(CommandLineUIManager)>>quitFrom:withMessage:
NonInteractiveUIManager(CommandLineUIManager)>>handleError:log:
NonInteractiveUIManager(UIManager)>>handleError:
Process>>handleError:
OCCodeError(Exception)>>unhandledErrorAction
UnhandledError>>defaultAction
UndefinedObject>>handleSignal:
Context>>handleSignal:
Context>>handleSignal:
Context>>handleSignal:
UnhandledError(Exception)>>signal
UnhandledError class>>signalForException:
OCCodeError(Exception)>>raiseUnhandledError
------------------------------

Process: a Process in Process>>endProcess
  stack:

Process>>endProcess
------------------------------

Process: a Process in Process>>endProcess
  stack:

Process>>endProcess
------------------------------

Process: a Process in [
		[ true ] whileTrue: [
			semaphore wait.
			[self executeCallback: self nextPendingCallback]
				on: Exception fork:  [:ex | ex pass ] ] ] in TFCallbackQueue>>forkCallbackProcess
  stack:

[
		[ true ] whileTrue: [
			semaphore wait.
			[self executeCallback: self nextPendingCallback]
				on: Exception fork:  [:ex | ex pass ] ] ] in TFCallbackQueue>>forkCallbackProcess
[self value.
			"IMPORTANT: Do not step over next line of code. See method comments for details"
			Processor terminateRealActive] in FullBlockClosure(BlockClosure)>>newProcess
------------------------------

Process: a Process in Process>>endProcess
  stack:

Process>>endProcess
------------------------------


===============================================================================
Notice: Errors in script loaded from Rider.st
===============================================================================
THERE_BE_DRAGONS_HERE
OCCodeError:OCSyntaxErrorNotice ???>>#DoIt 147:Variable or expression expected->
2 October 2026 9:48:25.920969 pm

VM: Mac OS - arm64 - 1000 - CoInterpreter VMMaker-tonel.1 uuid: 80e43a52-2018-0e00-bce4-820906d86bc4 Sep 18 2026
StackToRegisterMappingCogit VMMaker-tonel.1 uuid: 80e43a52-2018-0e00-bce4-820906d86bc4 Sep 18 2026
v10.3.11+0.a585304b1 - Commit: a585304b1 - Date: 2026-09-16 09:19:54 +0200

Image: Pharo13.1.0SNAPSHOT [Build information: Pharo-13.1.0+SNAPSHOT.build.749.sha.d7c6f761d5445e8b04a0aa5137e0d546ad9bcd89 (64 Bit)]

OCSyntaxErrorNotice(OCNotice)>>signalError
	Receiver: OCSyntaxErrorNotice(147:Variable or expression expected)
	Arguments and temporary variables: 
x
	Receiver's instance variables: 
		messageText: 	nil
		node: 	OCParseErrorNode()


OCSequenceNode(OCProgramNode)>>checkFaulty:
	Receiver: OCSequenceNode(Object
	subclass: #Rider
	instanceVariableNames: 'riderID name requeste[..]
	Arguments and temporary variables: 
		aBlock: 	nil
		errorNotice: 	OCSyntaxErrorNotice(147:Variable or expression expected)
	Receiver's instance variables: 
		parent: 	DoIt

	Object
		subclass: #Rider
		instanceVariableNames: 'riderID [..]
		properties: 	nil
		leftBar: 	nil
		rightBar: 	nil
		statements: 	an OrderedCollection(OCMessageNode(Object
	subclass: #Rider
	in[..]
		periods: 	an OrderedCollection(135 201 220 265 277 337 643 709)
		temporaries: 	an OrderedCollection()


OCParser class>>parseExpression:onError:
	Receiver: OCParser
	Arguments and temporary variables: 
		aString: 	'Object subclass: #Rider
    instanceVariableNames: ''riderID name[..]
		aBlock: 	nil
	Receiver's instance variables: 
		superclass: 	Object
		methodDict: 	a MethodDictionary(#addCommentsTo:->OCParser>>#addCommentsTo: #[..]
		format: 	65542
		layout: 	a FixedLayout
		protocols: 	an Array(Protocol (private - classes) - 17 selector(s) Protocol [..]
		subclasses: 	{RBParser. OCPatternParser. OCTargetCompilerParser}
		name: 	#OCParser
		classPool: 	nil
		sharedPools: 	an OrderedCollection()
		environment: 	a SystemEnvironment(lots of globals)
		commentSourcePointer: 	40132064
		packageTag: 	a PackageTag(Parser)


OCParser class>>parseExpression:
	Receiver: OCParser
	Arguments and temporary variables: 
		aString: 	'Object subclass: #Rider
    instanceVariableNames: ''riderID name[..]
	Receiver's instance variables: 
		superclass: 	Object
		methodDict: 	a MethodDictionary(#addCommentsTo:->OCParser>>#addCommentsTo: #[..]
		format: 	65542
		layout: 	a FixedLayout
		protocols: 	an Array(Protocol (private - classes) - 17 selector(s) Protocol [..]
		subclasses: 	{RBParser. OCPatternParser. OCTargetCompilerParser}
		name: 	#OCParser
		classPool: 	nil
		sharedPools: 	an OrderedCollection()
		environment: 	a SystemEnvironment(lots of globals)
		commentSourcePointer: 	40132064
		packageTag: 	a PackageTag(Parser)


DoItChunk>>importFor:logSource:
	Receiver: a DoItChunk(Object subclass: #Rider
    instanceVariableNames: 'riderID name requested[..]
	Arguments and temporary variables: 
		requestor: 	nil
		logSource: 	true
		ast: 	nil
	Receiver's instance variables: 
		contents: 	'Object subclass: #Rider
    instanceVariableNames: ''riderID nam[..]


[ :declaration |
		value := declaration importFor: nil logSource: logSource  ] in CodeImporter>>evaluate
	Receiver: a CodeImporter
	Arguments and temporary variables: 
		value: 	nil
		declaration: 	a DoItChunk(Object subclass: #Rider
    instanceVariableNames:[..]
	Receiver's instance variables: 
		readStream: 	a ZnCharacterReadStream
		codeDeclarations: 	an OrderedCollection(a DoItChunk(Object subclass: #Rider
[..]
		parserClass: 	ChunkFileFormatParser
		logSource: 	true


OrderedCollection>>do:
	Receiver: an OrderedCollection(a DoItChunk(Object subclass: #Rider
    instanceVariableNames: 'r[..]
	Arguments and temporary variables: 
		aBlock: 	[ :declaration |
		value := declaration importFor: nil logSource: l[..]
		index: 	1
	Receiver's instance variables: 
		array: 	an Array(a DoItChunk(Object subclass: #Rider
    instanceVariableNam[..]
		firstIndex: 	1
		lastIndex: 	1


CodeImporter>>evaluate
	Receiver: a CodeImporter
	Arguments and temporary variables: 
		value: 	nil
	Receiver's instance variables: 
		readStream: 	a ZnCharacterReadStream
		codeDeclarations: 	an OrderedCollection(a DoItChunk(Object subclass: #Rider
[..]
		parserClass: 	ChunkFileFormatParser
		logSource: 	true


[ codeImporter evaluate ] in STCommandLineHandler>>installSourceFile:
	Receiver: a STCommandLineHandler
	Arguments and temporary variables: 
		aReference: 	a File
		codeImporter: 	a CodeImporter
	Receiver's instance variables: 
		commandLine: 	a CommandLineArguments
		session: 	a WorkingSession
		stdout: 	a VTermOutputDriver
		stderr: 	a VTermOutputDriver
		sourceFiles: 	an OrderedCollection(a File)


FullBlockClosure(BlockClosure)>>on:do:
	Receiver: [ codeImporter evaluate ]
	Arguments and temporary variables: 
		exception: 	Error
		handlerAction: 	[ :e | self handleError: e reference: aReference ]
	Receiver's instance variables: 
		outerContext: 	STCommandLineHandler>>installSourceFile:
		compiledBlock: 	a CompiledBlock: [ codeImporter evaluate ]
		numArgs: 	0
		receiver: 	a STCommandLineHandler


STCommandLineHandler>>handleErrorsDuring:reference:
	Receiver: a STCommandLineHandler
	Arguments and temporary variables: 
		aBlock: 	[ codeImporter evaluate ]
		aReference: 	a File
	Receiver's instance variables: 
		commandLine: 	a CommandLineArguments
		session: 	a WorkingSession
		stdout: 	a VTermOutputDriver
		stderr: 	a VTermOutputDriver
		sourceFiles: 	an OrderedCollection(a File)


STCommandLineHandler>>installSourceFile:
	Receiver: a STCommandLineHandler
	Arguments and temporary variables: 
		codeImporter: 	a CodeImporter
		aReference: 	a File
	Receiver's instance variables: 
		commandLine: 	a CommandLineArguments
		session: 	a WorkingSession
		stdout: 	a VTermOutputDriver
		stderr: 	a VTermOutputDriver
		sourceFiles: 	an OrderedCollection(a File)


[ :reference |
		self installSourceFile: reference ] in [ sourceFiles do: [ :reference |
		self installSourceFile: reference ]
	] in STCommandLineHandler>>installSourceFiles
	Receiver: a STCommandLineHandler
	Arguments and temporary variables: 
		reference: 	a File
	Receiver's instance variables: 
		commandLine: 	a CommandLineArguments
		session: 	a WorkingSession
		stdout: 	a VTermOutputDriver
		stderr: 	a VTermOutputDriver
		sourceFiles: 	an OrderedCollection(a File)


OrderedCollection>>do:
	Receiver: an OrderedCollection(a File)
	Arguments and temporary variables: 
		aBlock: 	[ :reference |
		self installSourceFile: reference ]
		index: 	1
	Receiver's instance variables: 
		array: 	an Array(a File)
		firstIndex: 	1
		lastIndex: 	1


[ sourceFiles do: [ :reference |
		self installSourceFile: reference ]
	] in STCommandLineHandler>>installSourceFiles
	Receiver: a STCommandLineHandler
	Arguments and temporary variables: 
x
	Receiver's instance variables: 
		commandLine: 	a CommandLineArguments
		session: 	a WorkingSession
		stdout: 	a VTermOutputDriver
		stderr: 	a VTermOutputDriver
		sourceFiles: 	an OrderedCollection(a File)


FullBlockClosure(BlockClosure)>>ensure:
	Receiver: [ sourceFiles do: [ :reference |
		self installSourceFile: reference ]
	]
	Arguments and temporary variables: 
		aBlock: 	[ sourceFiles := nil ]
		handler: 	[ sourceFiles := nil ]
		complete: 	nil
		returnValue: 	nil
	Receiver's instance variables: 
		outerContext: 	STCommandLineHandler>>installSourceFiles
		compiledBlock: 	a CompiledBlock: [ sourceFiles do: [ :reference |
		self ins[..]
		numArgs: 	0
		receiver: 	a STCommandLineHandler


STCommandLineHandler>>installSourceFiles
	Receiver: a STCommandLineHandler
	Arguments and temporary variables: 
x
	Receiver's instance variables: 
		commandLine: 	a CommandLineArguments
		session: 	a WorkingSession
		stdout: 	a VTermOutputDriver
		stderr: 	a VTermOutputDriver
		sourceFiles: 	an OrderedCollection(a File)


STCommandLineHandler>>activate
	Receiver: a STCommandLineHandler
	Arguments and temporary variables: 
x
	Receiver's instance variables: 
		commandLine: 	a CommandLineArguments
		session: 	a WorkingSession
		stdout: 	a VTermOutputDriver
		stderr: 	a VTermOutputDriver
		sourceFiles: 	an OrderedCollection(a File)


STCommandLineHandler class(CommandLineHandler class)>>activateWith:
	Receiver: STCommandLineHandler
	Arguments and temporary variables: 
		aCommandLine: 	a CommandLineArguments
	Receiver's instance variables: 
		superclass: 	CommandLineHandler
		methodDict: 	a MethodDictionary(#activate->STCommandLineHandler>>#activate #[..]
		format: 	65541
		layout: 	a FixedLayout
		protocols: 	an Array(Protocol (private) - 3 selector(s) Protocol (installing[..]
		subclasses: 	{EvaluateCommandLineHandler}
		name: 	#STCommandLineHandler
		classPool: 	nil
		sharedPools: 	an OrderedCollection()
		environment: 	a SystemEnvironment(lots of globals)
		commentSourcePointer: 	60986524
		packageTag: 	a PackageTag(Base)


[ aCommandLinehandler activateWith: commandLine ] in PharoCommandLineHandler(BasicCommandLineHandler)>>activateSubCommand:
	Receiver: a PharoCommandLineHandler
	Arguments and temporary variables: 
		aCommandLinehandler: 	STCommandLineHandler
	Receiver's instance variables: 
		commandLine: 	a CommandLineArguments
		session: 	a WorkingSession
		stdout: 	a VTermOutputDriver
		stderr: 	a VTermOutputDriver


FullBlockClosure(BlockClosure)>>on:do:
	Receiver: [ aCommandLinehandler activateWith: commandLine ]
	Arguments and temporary variables: 
		exception: 	Exit
		handlerAction: 	[ :exit |
		^ self handleExit: exit for: aCommandLinehandler ]
	Receiver's instance variables: 
		outerContext: 	PharoCommandLineHandler(BasicCommandLineHandler)>>activateSub[..]
		compiledBlock: 	a CompiledBlock: [ aCommandLinehandler activateWith: command[..]
		numArgs: 	0
		receiver: 	a PharoCommandLineHandler


PharoCommandLineHandler(BasicCommandLineHandler)>>activateSubCommand:
	Receiver: a PharoCommandLineHandler
	Arguments and temporary variables: 
		aCommandLinehandler: 	STCommandLineHandler
	Receiver's instance variables: 
		commandLine: 	a CommandLineArguments
		session: 	a WorkingSession
		stdout: 	a VTermOutputDriver
		stderr: 	a VTermOutputDriver


PharoCommandLineHandler(BasicCommandLineHandler)>>handleSubcommand
	Receiver: a PharoCommandLineHandler
	Arguments and temporary variables: 
		handlers: 	an OrderedCollection(STCommandLineHandler)
	Receiver's instance variables: 
		commandLine: 	a CommandLineArguments
		session: 	a WorkingSession
		stdout: 	a VTermOutputDriver
		stderr: 	a VTermOutputDriver


PharoCommandLineHandler(BasicCommandLineHandler)>>handleArgument:
	Receiver: a PharoCommandLineHandler
	Arguments and temporary variables: 
		aString: 	'st'
	Receiver's instance variables: 
		commandLine: 	a CommandLineArguments
		session: 	a WorkingSession
		stdout: 	a VTermOutputDriver
		stderr: 	a VTermOutputDriver


[ self handleArgument: self firstArgument ] in [ [ self handleArgument: self firstArgument ]
		on: Exit
		do: [ :exit |
			"If the command line is protected by password, we just exit the image because in non-headless mode the handleExit will let the image open. If the password protection is enabled, it is to avoid to let the access to the image."
			self class commandLinePasswordManager hasPasswordSet
				ifTrue: [ Smalltalk snapshot: false andQuit: true ].
			self handleExit: exit ] ] in PharoCommandLineHandler(BasicCommandLineHandler)>>activate
	Receiver: a PharoCommandLineHandler
	Arguments and temporary variables: 
x
	Receiver's instance variables: 
		commandLine: 	a CommandLineArguments
		session: 	a WorkingSession
		stdout: 	a VTermOutputDriver
		stderr: 	a VTermOutputDriver


FullBlockClosure(BlockClosure)>>on:do:
	Receiver: [ self handleArgument: self firstArgument ]
	Arguments and temporary variables: 
		exception: 	Exit
		handlerAction: 	[ :exit |
			"If the command line is protected by password, [..]
	Receiver's instance variables: 
		outerContext: 	[ [ self handleArgument: self firstArgument ]
		on: Exit
		do[..]
		compiledBlock: 	a CompiledBlock: [ self handleArgument: self firstArgument ]
		numArgs: 	0
		receiver: 	a PharoCommandLineHandler


[ [ self handleArgument: self firstArgument ]
		on: Exit
		do: [ :exit |
			"If the command line is protected by password, we just exit the image because in non-headless mode the handleExit will let the image open. If the password protection is enabled, it is to avoid to let the access to the image."
			self class commandLinePasswordManager hasPasswordSet
				ifTrue: [ Smalltalk snapshot: false andQuit: true ].
			self handleExit: exit ] ] in PharoCommandLineHandler(BasicCommandLineHandler)>>activate
	Receiver: a PharoCommandLineHandler
	Arguments and temporary variables: 
x
	Receiver's instance variables: 
		commandLine: 	a CommandLineArguments
		session: 	a WorkingSession
		stdout: 	a VTermOutputDriver
		stderr: 	a VTermOutputDriver


[self value.
			"IMPORTANT: Do not step over next line of code. See method comments for details"
			Processor terminateRealActive] in FullBlockClosure(BlockClosure)>>newProcess
	Receiver: [ [ self handleArgument: self firstArgument ]
		on: Exit
		do: [ :exit |
			"If the co[..]
	Arguments and temporary variables: 
x
	Receiver's instance variables: 
		outerContext: 	PharoCommandLineHandler(BasicCommandLineHandler)>>activate
		compiledBlock: 	a CompiledBlock: [ [ self handleArgument: self firstArgument[..]
		numArgs: 	0
		receiver: 	a PharoCommandLineHandler



--- The full stack ---
OCSyntaxErrorNotice(OCNotice)>>signalError
OCSequenceNode(OCProgramNode)>>checkFaulty:
OCParser class>>parseExpression:onError:
OCParser class>>parseExpression:
DoItChunk>>importFor:logSource:
[ :declaration |
		value := declaration importFor: nil logSource: logSource  ] in CodeImporter>>evaluate
OrderedCollection>>do:
CodeImporter>>evaluate
[ codeImporter evaluate ] in STCommandLineHandler>>installSourceFile:
FullBlockClosure(BlockClosure)>>on:do:
STCommandLineHandler>>handleErrorsDuring:reference:
STCommandLineHandler>>installSourceFile:
[ :reference |
		self installSourceFile: reference ] in [ sourceFiles do: [ :reference |
		self installSourceFile: reference ]
	] in STCommandLineHandler>>installSourceFiles
OrderedCollection>>do:
[ sourceFiles do: [ :reference |
		self installSourceFile: reference ]
	] in STCommandLineHandler>>installSourceFiles
FullBlockClosure(BlockClosure)>>ensure:
STCommandLineHandler>>installSourceFiles
STCommandLineHandler>>activate
STCommandLineHandler class(CommandLineHandler class)>>activateWith:
[ aCommandLinehandler activateWith: commandLine ] in PharoCommandLineHandler(BasicCommandLineHandler)>>activateSubCommand:
FullBlockClosure(BlockClosure)>>on:do:
PharoCommandLineHandler(BasicCommandLineHandler)>>activateSubCommand:
PharoCommandLineHandler(BasicCommandLineHandler)>>handleSubcommand
PharoCommandLineHandler(BasicCommandLineHandler)>>handleArgument:
[ self handleArgument: self firstArgument ] in [ [ self handleArgument: self firstArgument ]
		on: Exit
		do: [ :exit |
			"If the command line is protected by password, we just exit the image because in non-headless mode the handleExit will let the image open. If the password protection is enabled, it is to avoid to let the access to the image."
			self class commandLinePasswordManager hasPasswordSet
				ifTrue: [ Smalltalk snapshot: false andQuit: true ].
			self handleExit: exit ] ] in PharoCommandLineHandler(BasicCommandLineHandler)>>activate
FullBlockClosure(BlockClosure)>>on:do:
[ [ self handleArgument: self firstArgument ]
		on: Exit
		do: [ :exit |
			"If the command line is protected by password, we just exit the image because in non-headless mode the handleExit will let the image open. If the password protection is enabled, it is to avoid to let the access to the image."
			self class commandLinePasswordManager hasPasswordSet
				ifTrue: [ Smalltalk snapshot: false andQuit: true ].
			self handleExit: exit ] ] in PharoCommandLineHandler(BasicCommandLineHandler)>>activate
[self value.
			"IMPORTANT: Do not step over next line of code. See method comments for details"
			Processor terminateRealActive] in FullBlockClosure(BlockClosure)>>newProcess
-------------------------------------------------------------------------------

Processes and their stacks: 
Process: a Process in AtomicSharedQueue>>waitForNewItems
  stack:

AtomicSharedQueue>>waitForNewItems
AtomicSharedQueue>>next
TKTWorkerProcess>>privateNextTask
TKTWorkerProcess>>workerLoop
MessageSend>>value
[ aValuable value ] in TKTPharoProcessProvider>>createProcessDoing:named:
[self value.
			"IMPORTANT: Do not step over next line of code. See method comments for details"
			Processor terminateRealActive] in FullBlockClosure(BlockClosure)>>newProcess
------------------------------

Process: a Process in AtomicSharedQueue>>waitForNewItems
  stack:

AtomicSharedQueue>>waitForNewItems
AtomicSharedQueue>>next
TKTWorkerProcess>>privateNextTask
TKTWorkerProcess>>workerLoop
MessageSend>>value
[ aValuable value ] in TKTPharoProcessProvider>>createProcessDoing:named:
[self value.
			"IMPORTANT: Do not step over next line of code. See method comments for details"
			Processor terminateRealActive] in FullBlockClosure(BlockClosure)>>newProcess
------------------------------

Process: a Process in DelayMicrosecondTicker>>waitForUserSignalled:orExpired:
  stack:

DelayMicrosecondTicker>>waitForUserSignalled:orExpired:
[  [runTimerEventLoop] whileTrue:
		[	|nowTick|
			"Warning! Stepping <Over> the following line may lock the Image. Use <Into> or <Proceed>."
		 	ticker waitForUserSignalled: timingSemaphore orExpired: activeDelay.

			"Invoke the api back-ends, which set the transfer-variable to nil"
			suspendSemaphore ifNotNil: [ self suspendAtTimingPriority    ].
			delayToStart     ifNotNil: [ self scheduleAtTimingPriority   ].
			delayToStop      ifNotNil: [ self unscheduleAtTimingPriority ].

			"Signal any expired delays"
			nowTick := ticker nowTick.
			[ 	activeDelay isNotNil and: [nowTick >= activeDelay resumptionTick] ]
					whileTrue: [
						activeDelay timingPrioritySignalExpired.
						activeDelay := suspendedDelays removeFirstOrNil ].
		]
	] in DelaySemaphoreScheduler(DelayBasicScheduler)>>runBackendLoopAtTimingPriority
FullBlockClosure(BlockClosure)>>ensure:
DelaySemaphoreScheduler(DelayBasicScheduler)>>runBackendLoopAtTimingPriority
[ self runBackendLoopAtTimingPriority ] in DelaySemaphoreScheduler(DelayBasicScheduler)>>startTimerEventLoopPriority:
[self value.
			"IMPORTANT: Do not step over next line of code. See method comments for details"
			Processor terminateRealActive] in FullBlockClosure(BlockClosure)>>newProcess
------------------------------

Process: a Process in MorphicRenderLoop>>doOneCycleWhile:
  stack:

MorphicRenderLoop>>doOneCycleWhile:
[ MorphicRenderLoop new doOneCycleWhile: [ true ] ] in MorphicUIManager>>spawnNewProcess
[self value.
			"IMPORTANT: Do not step over next line of code. See method comments for details"
			Processor terminateRealActive] in FullBlockClosure(BlockClosure)>>newProcess
------------------------------

Process: a Process in Process>>endProcess
  stack:

Process>>endProcess
------------------------------

Process: a Process in Process>>endProcess
  stack:

Process>>endProcess
------------------------------

Process: a Process in Process>>endProcess
  stack:

Process>>endProcess
------------------------------

Process: a Process in Process>>endProcess
  stack:

Process>>endProcess
------------------------------

Process: a Process in Process>>endProcess
  stack:

Process>>endProcess
------------------------------

Process: a Process in SmalltalkImage>>lowSpaceWatcher
  stack:

SmalltalkImage>>lowSpaceWatcher
[ self lowSpaceWatcher ] in SmalltalkImage>>installLowSpaceWatcher
[self value.
			"IMPORTANT: Do not step over next line of code. See method comments for details"
			Processor terminateRealActive] in FullBlockClosure(BlockClosure)>>newProcess
------------------------------

Process: a Process in [self value.
			"IMPORTANT: Do not step over next line of code. See method comments for details"
			Processor terminateRealActive] in FullBlockClosure(BlockClosure)>>newProcess
  stack:

[self value.
			"IMPORTANT: Do not step over next line of code. See method comments for details"
			Processor terminateRealActive] in FullBlockClosure(BlockClosure)>>newProcess
------------------------------

Process: a Process in FinalizationProcess class>>finalizationProcess
  stack:

FinalizationProcess class>>finalizationProcess
[self finalizationProcess] in FinalizationProcess class>>restartFinalizationProcess
[self value.
			"IMPORTANT: Do not step over next line of code. See method comments for details"
			Processor terminateRealActive] in FullBlockClosure(BlockClosure)>>newProcess
------------------------------

Process: a Process in nil
  stack:

Array(SequenceableCollection)>>do:
[:logger |
		logger nextPutAll: 'Processes and their stacks: ';cr.

		Process allInstances do: [:each | | ctx |
			logger nextPutAll: 'Process: '; print: each; cr; nextPutAll: '  stack:'; cr; cr.

			ctx := each isActive ifTrue: [ thisContext sender ] ifFalse: [ each suspendedContext ].
			ctx ifNotNil: [
				(ctx stackOfSize: 20) do: [:s | logger print: s; cr ]].
			logger nextPutAll: '------------------------------'; cr; cr.
		]] in [ Smalltalk
		logError: aString
		inContext: aContext.

	" Print stacks of all current processes "

	Smalltalk logDuring: [:logger |
		logger nextPutAll: 'Processes and their stacks: ';cr.

		Process allInstances do: [:each | | ctx |
			logger nextPutAll: 'Process: '; print: each; cr; nextPutAll: '  stack:'; cr; cr.

			ctx := each isActive ifTrue: [ thisContext sender ] ifFalse: [ each suspendedContext ].
			ctx ifNotNil: [
				(ctx stackOfSize: 20) do: [:s | logger print: s; cr ]].
			logger nextPutAll: '------------------------------'; cr; cr.
		]].
	] in NonInteractiveUIManager(CommandLineUIManager)>>quitFrom:withMessage:
[
		logStream := self openLog.
		aMonadicBlock value: logStream.
	] in SmalltalkImage>>logDuring:
FullBlockClosure(BlockClosure)>>ensure:
SmalltalkImage>>logDuring:
[ Smalltalk
		logError: aString
		inContext: aContext.

	" Print stacks of all current processes "

	Smalltalk logDuring: [:logger |
		logger nextPutAll: 'Processes and their stacks: ';cr.

		Process allInstances do: [:each | | ctx |
			logger nextPutAll: 'Process: '; print: each; cr; nextPutAll: '  stack:'; cr; cr.

			ctx := each isActive ifTrue: [ thisContext sender ] ifFalse: [ each suspendedContext ].
			ctx ifNotNil: [
				(ctx stackOfSize: 20) do: [:s | logger print: s; cr ]].
			logger nextPutAll: '------------------------------'; cr; cr.
		]].
	] in NonInteractiveUIManager(CommandLineUIManager)>>quitFrom:withMessage:
FullBlockClosure(BlockClosure)>>ensure:
NonInteractiveUIManager(CommandLineUIManager)>>quitFrom:withMessage:
NonInteractiveUIManager(CommandLineUIManager)>>handleError:log:
NonInteractiveUIManager(UIManager)>>handleError:
Process>>handleError:
OCCodeError(Exception)>>unhandledErrorAction
UnhandledError>>defaultAction
UndefinedObject>>handleSignal:
Context>>handleSignal:
Context>>handleSignal:
Context>>handleSignal:
UnhandledError(Exception)>>signal
UnhandledError class>>signalForException:
OCCodeError(Exception)>>raiseUnhandledError
------------------------------

Process: a Process in Process>>endProcess
  stack:

Process>>endProcess
------------------------------

Process: a Process in Process>>endProcess
  stack:

Process>>endProcess
------------------------------

Process: a Process in [
		[ true ] whileTrue: [
			semaphore wait.
			[self executeCallback: self nextPendingCallback]
				on: Exception fork:  [:ex | ex pass ] ] ] in TFCallbackQueue>>forkCallbackProcess
  stack:

[
		[ true ] whileTrue: [
			semaphore wait.
			[self executeCallback: self nextPendingCallback]
				on: Exception fork:  [:ex | ex pass ] ] ] in TFCallbackQueue>>forkCallbackProcess
[self value.
			"IMPORTANT: Do not step over next line of code. See method comments for details"
			Processor terminateRealActive] in FullBlockClosure(BlockClosure)>>newProcess
------------------------------

Process: a Process in Process>>endProcess
  stack:

Process>>endProcess
------------------------------


===============================================================================
Notice: Errors in script loaded from main.st
===============================================================================
THERE_BE_DRAGONS_HERE
OCCodeError:OCUndeclaredVariableNotice UndefinedObject>>#DoIt 46:Undeclared variable->StandardRide
2 October 2026 9:48:26.139626 pm

VM: Mac OS - arm64 - 1000 - CoInterpreter VMMaker-tonel.1 uuid: 80e43a52-2018-0e00-bce4-820906d86bc4 Sep 18 2026
StackToRegisterMappingCogit VMMaker-tonel.1 uuid: 80e43a52-2018-0e00-bce4-820906d86bc4 Sep 18 2026
v10.3.11+0.a585304b1 - Commit: a585304b1 - Date: 2026-09-16 09:19:54 +0200

Image: Pharo13.1.0SNAPSHOT [Build information: Pharo-13.1.0+SNAPSHOT.build.749.sha.d7c6f761d5445e8b04a0aa5137e0d546ad9bcd89 (64 Bit)]

OCUndeclaredVariableNotice(OCNotice)>>signalError
	Receiver: OCUndeclaredVariableNotice(46:Undeclared variable)
	Arguments and temporary variables: 
x
	Receiver's instance variables: 
		messageText: 	'Undeclared variable'
		node: 	OCVariableNode(StandardRide)


OpalCompiler>>checkNotice:
	Receiver: an OpalCompiler
	Arguments and temporary variables: 
		aNotice: 	OCUndeclaredVariableNotice(46:Undeclared variable)
	Receiver's instance variables: 
		ast: 	DoIt

	| ride1 ride2 rides driver rider |
	ride1 := StandardRide new
	[..]
		source: 	'| ride1 ride2 rides driver rider |

ride1 := StandardRide new
    [..]
		compilationContext: 	an OCCompilationContext
		compilationContextClass: 	nil
		permitFaulty: 	false
		permitUndeclared: 	false
		failBlock: 	nil
		logged: 	true
		changeStamp: 	nil
		protocol: 	nil
		requestor: 	nil
		priorMethod: 	nil


[ :n |
			| check |
			check := self checkNotice: n.
			check ifNil: [ ^ ast ].
			check ifFalse: [
				ast := nil.
				^ self failBlock ifNotNil: [ :block | block cull: n ] ifNil: [ nil ].
				] ] in OpalCompiler>>parse
	Receiver: an OpalCompiler
	Arguments and temporary variables: 
		parser: 	an OCParser
		n: 	OCUndeclaredVariableNotice(46:Undeclared variable)
		check: 	nil
	Receiver's instance variables: 
		ast: 	DoIt

	| ride1 ride2 rides driver rider |
	ride1 := StandardRide new
	[..]
		source: 	'| ride1 ride2 rides driver rider |

ride1 := StandardRide new
    [..]
		compilationContext: 	an OCCompilationContext
		compilationContextClass: 	nil
		permitFaulty: 	false
		permitUndeclared: 	false
		failBlock: 	nil
		logged: 	true
		changeStamp: 	nil
		protocol: 	nil
		requestor: 	nil
		priorMethod: 	nil


OrderedCollection>>do:
	Receiver: an OrderedCollection(OCUndeclaredVariableNotice(46:Undeclared variable) OCUndeclaredVa[..]
	Arguments and temporary variables: 
		aBlock: 	[ :n |
			| check |
			check := self checkNotice: n.
			check ifNil[..]
		index: 	1
	Receiver's instance variables: 
		array: 	an Array(OCUndeclaredVariableNotice(46:Undeclared variable) OCUndecl[..]
		firstIndex: 	1
		lastIndex: 	4


OpalCompiler>>parse
	Receiver: an OpalCompiler
	Arguments and temporary variables: 
		parser: 	an OCParser
	Receiver's instance variables: 
		ast: 	DoIt

	| ride1 ride2 rides driver rider |
	ride1 := StandardRide new
	[..]
		source: 	'| ride1 ride2 rides driver rider |

ride1 := StandardRide new
    [..]
		compilationContext: 	an OCCompilationContext
		compilationContextClass: 	nil
		permitFaulty: 	false
		permitUndeclared: 	false
		failBlock: 	nil
		logged: 	true
		changeStamp: 	nil
		protocol: 	nil
		requestor: 	nil
		priorMethod: 	nil


OpalCompiler>>compile
	Receiver: an OpalCompiler
	Arguments and temporary variables: 
		result: 	nil
	Receiver's instance variables: 
		ast: 	DoIt

	| ride1 ride2 rides driver rider |
	ride1 := StandardRide new
	[..]
		source: 	'| ride1 ride2 rides driver rider |

ride1 := StandardRide new
    [..]
		compilationContext: 	an OCCompilationContext
		compilationContextClass: 	nil
		permitFaulty: 	false
		permitUndeclared: 	false
		failBlock: 	nil
		logged: 	true
		changeStamp: 	nil
		protocol: 	nil
		requestor: 	nil
		priorMethod: 	nil


OpalCompiler>>evaluate
	Receiver: an OpalCompiler
	Arguments and temporary variables: 
		value: 	nil
		doItMethod: 	nil
	Receiver's instance variables: 
		ast: 	DoIt

	| ride1 ride2 rides driver rider |
	ride1 := StandardRide new
	[..]
		source: 	'| ride1 ride2 rides driver rider |

ride1 := StandardRide new
    [..]
		compilationContext: 	an OCCompilationContext
		compilationContextClass: 	nil
		permitFaulty: 	false
		permitUndeclared: 	false
		failBlock: 	nil
		logged: 	true
		changeStamp: 	nil
		protocol: 	nil
		requestor: 	nil
		priorMethod: 	nil


DoItChunk>>importFor:logSource:
	Receiver: a DoItChunk(| ride1 ride2 rides driver rider |

ride1 := StandardRide new
    initiali[..]
	Arguments and temporary variables: 
		requestor: 	nil
		logSource: 	true
		ast: 	OCSequenceNode(| ride1 ride2 rides driver rider |
ride1 := StandardRid[..]
	Receiver's instance variables: 
		contents: 	'| ride1 ride2 rides driver rider |

ride1 := StandardRide new
  [..]


[ :declaration |
		value := declaration importFor: nil logSource: logSource  ] in CodeImporter>>evaluate
	Receiver: a CodeImporter
	Arguments and temporary variables: 
		value: 	nil
		declaration: 	a DoItChunk(| ride1 ride2 rides driver rider |

ride1 := Stand[..]
	Receiver's instance variables: 
		readStream: 	a ZnCharacterReadStream
		codeDeclarations: 	an OrderedCollection(a DoItChunk(| ride1 ride2 rides driv[..]
		parserClass: 	ChunkFileFormatParser
		logSource: 	true


OrderedCollection>>do:
	Receiver: an OrderedCollection(a DoItChunk(| ride1 ride2 rides driver rider |

ride1 := Standard[..]
	Arguments and temporary variables: 
		aBlock: 	[ :declaration |
		value := declaration importFor: nil logSource: l[..]
		index: 	1
	Receiver's instance variables: 
		array: 	an Array(a DoItChunk(| ride1 ride2 rides driver rider |

ride1 := St[..]
		firstIndex: 	1
		lastIndex: 	1


CodeImporter>>evaluate
	Receiver: a CodeImporter
	Arguments and temporary variables: 
		value: 	nil
	Receiver's instance variables: 
		readStream: 	a ZnCharacterReadStream
		codeDeclarations: 	an OrderedCollection(a DoItChunk(| ride1 ride2 rides driv[..]
		parserClass: 	ChunkFileFormatParser
		logSource: 	true


[ codeImporter evaluate ] in STCommandLineHandler>>installSourceFile:
	Receiver: a STCommandLineHandler
	Arguments and temporary variables: 
		aReference: 	a File
		codeImporter: 	a CodeImporter
	Receiver's instance variables: 
		commandLine: 	a CommandLineArguments
		session: 	a WorkingSession
		stdout: 	a VTermOutputDriver
		stderr: 	a VTermOutputDriver
		sourceFiles: 	an OrderedCollection(a File)


FullBlockClosure(BlockClosure)>>on:do:
	Receiver: [ codeImporter evaluate ]
	Arguments and temporary variables: 
		exception: 	Error
		handlerAction: 	[ :e | self handleError: e reference: aReference ]
	Receiver's instance variables: 
		outerContext: 	STCommandLineHandler>>installSourceFile:
		compiledBlock: 	a CompiledBlock: [ codeImporter evaluate ]
		numArgs: 	0
		receiver: 	a STCommandLineHandler


STCommandLineHandler>>handleErrorsDuring:reference:
	Receiver: a STCommandLineHandler
	Arguments and temporary variables: 
		aBlock: 	[ codeImporter evaluate ]
		aReference: 	a File
	Receiver's instance variables: 
		commandLine: 	a CommandLineArguments
		session: 	a WorkingSession
		stdout: 	a VTermOutputDriver
		stderr: 	a VTermOutputDriver
		sourceFiles: 	an OrderedCollection(a File)


STCommandLineHandler>>installSourceFile:
	Receiver: a STCommandLineHandler
	Arguments and temporary variables: 
		codeImporter: 	a CodeImporter
		aReference: 	a File
	Receiver's instance variables: 
		commandLine: 	a CommandLineArguments
		session: 	a WorkingSession
		stdout: 	a VTermOutputDriver
		stderr: 	a VTermOutputDriver
		sourceFiles: 	an OrderedCollection(a File)


[ :reference |
		self installSourceFile: reference ] in [ sourceFiles do: [ :reference |
		self installSourceFile: reference ]
	] in STCommandLineHandler>>installSourceFiles
	Receiver: a STCommandLineHandler
	Arguments and temporary variables: 
		reference: 	a File
	Receiver's instance variables: 
		commandLine: 	a CommandLineArguments
		session: 	a WorkingSession
		stdout: 	a VTermOutputDriver
		stderr: 	a VTermOutputDriver
		sourceFiles: 	an OrderedCollection(a File)


OrderedCollection>>do:
	Receiver: an OrderedCollection(a File)
	Arguments and temporary variables: 
		aBlock: 	[ :reference |
		self installSourceFile: reference ]
		index: 	1
	Receiver's instance variables: 
		array: 	an Array(a File)
		firstIndex: 	1
		lastIndex: 	1


[ sourceFiles do: [ :reference |
		self installSourceFile: reference ]
	] in STCommandLineHandler>>installSourceFiles
	Receiver: a STCommandLineHandler
	Arguments and temporary variables: 
x
	Receiver's instance variables: 
		commandLine: 	a CommandLineArguments
		session: 	a WorkingSession
		stdout: 	a VTermOutputDriver
		stderr: 	a VTermOutputDriver
		sourceFiles: 	an OrderedCollection(a File)


FullBlockClosure(BlockClosure)>>ensure:
	Receiver: [ sourceFiles do: [ :reference |
		self installSourceFile: reference ]
	]
	Arguments and temporary variables: 
		aBlock: 	[ sourceFiles := nil ]
		handler: 	[ sourceFiles := nil ]
		complete: 	nil
		returnValue: 	nil
	Receiver's instance variables: 
		outerContext: 	STCommandLineHandler>>installSourceFiles
		compiledBlock: 	a CompiledBlock: [ sourceFiles do: [ :reference |
		self ins[..]
		numArgs: 	0
		receiver: 	a STCommandLineHandler


STCommandLineHandler>>installSourceFiles
	Receiver: a STCommandLineHandler
	Arguments and temporary variables: 
x
	Receiver's instance variables: 
		commandLine: 	a CommandLineArguments
		session: 	a WorkingSession
		stdout: 	a VTermOutputDriver
		stderr: 	a VTermOutputDriver
		sourceFiles: 	an OrderedCollection(a File)


STCommandLineHandler>>activate
	Receiver: a STCommandLineHandler
	Arguments and temporary variables: 
x
	Receiver's instance variables: 
		commandLine: 	a CommandLineArguments
		session: 	a WorkingSession
		stdout: 	a VTermOutputDriver
		stderr: 	a VTermOutputDriver
		sourceFiles: 	an OrderedCollection(a File)


STCommandLineHandler class(CommandLineHandler class)>>activateWith:
	Receiver: STCommandLineHandler
	Arguments and temporary variables: 
		aCommandLine: 	a CommandLineArguments
	Receiver's instance variables: 
		superclass: 	CommandLineHandler
		methodDict: 	a MethodDictionary(#activate->STCommandLineHandler>>#activate #[..]
		format: 	65541
		layout: 	a FixedLayout
		protocols: 	an Array(Protocol (private) - 3 selector(s) Protocol (installing[..]
		subclasses: 	{EvaluateCommandLineHandler}
		name: 	#STCommandLineHandler
		classPool: 	nil
		sharedPools: 	an OrderedCollection()
		environment: 	a SystemEnvironment(lots of globals)
		commentSourcePointer: 	60986524
		packageTag: 	a PackageTag(Base)


[ aCommandLinehandler activateWith: commandLine ] in PharoCommandLineHandler(BasicCommandLineHandler)>>activateSubCommand:
	Receiver: a PharoCommandLineHandler
	Arguments and temporary variables: 
		aCommandLinehandler: 	STCommandLineHandler
	Receiver's instance variables: 
		commandLine: 	a CommandLineArguments
		session: 	a WorkingSession
		stdout: 	a VTermOutputDriver
		stderr: 	a VTermOutputDriver


FullBlockClosure(BlockClosure)>>on:do:
	Receiver: [ aCommandLinehandler activateWith: commandLine ]
	Arguments and temporary variables: 
		exception: 	Exit
		handlerAction: 	[ :exit |
		^ self handleExit: exit for: aCommandLinehandler ]
	Receiver's instance variables: 
		outerContext: 	PharoCommandLineHandler(BasicCommandLineHandler)>>activateSub[..]
		compiledBlock: 	a CompiledBlock: [ aCommandLinehandler activateWith: command[..]
		numArgs: 	0
		receiver: 	a PharoCommandLineHandler


PharoCommandLineHandler(BasicCommandLineHandler)>>activateSubCommand:
	Receiver: a PharoCommandLineHandler
	Arguments and temporary variables: 
		aCommandLinehandler: 	STCommandLineHandler
	Receiver's instance variables: 
		commandLine: 	a CommandLineArguments
		session: 	a WorkingSession
		stdout: 	a VTermOutputDriver
		stderr: 	a VTermOutputDriver


PharoCommandLineHandler(BasicCommandLineHandler)>>handleSubcommand
	Receiver: a PharoCommandLineHandler
	Arguments and temporary variables: 
		handlers: 	an OrderedCollection(STCommandLineHandler)
	Receiver's instance variables: 
		commandLine: 	a CommandLineArguments
		session: 	a WorkingSession
		stdout: 	a VTermOutputDriver
		stderr: 	a VTermOutputDriver


PharoCommandLineHandler(BasicCommandLineHandler)>>handleArgument:
	Receiver: a PharoCommandLineHandler
	Arguments and temporary variables: 
		aString: 	'st'
	Receiver's instance variables: 
		commandLine: 	a CommandLineArguments
		session: 	a WorkingSession
		stdout: 	a VTermOutputDriver
		stderr: 	a VTermOutputDriver


[ self handleArgument: self firstArgument ] in [ [ self handleArgument: self firstArgument ]
		on: Exit
		do: [ :exit |
			"If the command line is protected by password, we just exit the image because in non-headless mode the handleExit will let the image open. If the password protection is enabled, it is to avoid to let the access to the image."
			self class commandLinePasswordManager hasPasswordSet
				ifTrue: [ Smalltalk snapshot: false andQuit: true ].
			self handleExit: exit ] ] in PharoCommandLineHandler(BasicCommandLineHandler)>>activate
	Receiver: a PharoCommandLineHandler
	Arguments and temporary variables: 
x
	Receiver's instance variables: 
		commandLine: 	a CommandLineArguments
		session: 	a WorkingSession
		stdout: 	a VTermOutputDriver
		stderr: 	a VTermOutputDriver


FullBlockClosure(BlockClosure)>>on:do:
	Receiver: [ self handleArgument: self firstArgument ]
	Arguments and temporary variables: 
		exception: 	Exit
		handlerAction: 	[ :exit |
			"If the command line is protected by password, [..]
	Receiver's instance variables: 
		outerContext: 	[ [ self handleArgument: self firstArgument ]
		on: Exit
		do[..]
		compiledBlock: 	a CompiledBlock: [ self handleArgument: self firstArgument ]
		numArgs: 	0
		receiver: 	a PharoCommandLineHandler


[ [ self handleArgument: self firstArgument ]
		on: Exit
		do: [ :exit |
			"If the command line is protected by password, we just exit the image because in non-headless mode the handleExit will let the image open. If the password protection is enabled, it is to avoid to let the access to the image."
			self class commandLinePasswordManager hasPasswordSet
				ifTrue: [ Smalltalk snapshot: false andQuit: true ].
			self handleExit: exit ] ] in PharoCommandLineHandler(BasicCommandLineHandler)>>activate
	Receiver: a PharoCommandLineHandler
	Arguments and temporary variables: 
x
	Receiver's instance variables: 
		commandLine: 	a CommandLineArguments
		session: 	a WorkingSession
		stdout: 	a VTermOutputDriver
		stderr: 	a VTermOutputDriver


[self value.
			"IMPORTANT: Do not step over next line of code. See method comments for details"
			Processor terminateRealActive] in FullBlockClosure(BlockClosure)>>newProcess
	Receiver: [ [ self handleArgument: self firstArgument ]
		on: Exit
		do: [ :exit |
			"If the co[..]
	Arguments and temporary variables: 
x
	Receiver's instance variables: 
		outerContext: 	PharoCommandLineHandler(BasicCommandLineHandler)>>activate
		compiledBlock: 	a CompiledBlock: [ [ self handleArgument: self firstArgument[..]
		numArgs: 	0
		receiver: 	a PharoCommandLineHandler



--- The full stack ---
OCUndeclaredVariableNotice(OCNotice)>>signalError
OpalCompiler>>checkNotice:
[ :n |
			| check |
			check := self checkNotice: n.
			check ifNil: [ ^ ast ].
			check ifFalse: [
				ast := nil.
				^ self failBlock ifNotNil: [ :block | block cull: n ] ifNil: [ nil ].
				] ] in OpalCompiler>>parse
OrderedCollection>>do:
OpalCompiler>>parse
OpalCompiler>>compile
OpalCompiler>>evaluate
DoItChunk>>importFor:logSource:
[ :declaration |
		value := declaration importFor: nil logSource: logSource  ] in CodeImporter>>evaluate
OrderedCollection>>do:
CodeImporter>>evaluate
[ codeImporter evaluate ] in STCommandLineHandler>>installSourceFile:
FullBlockClosure(BlockClosure)>>on:do:
STCommandLineHandler>>handleErrorsDuring:reference:
STCommandLineHandler>>installSourceFile:
[ :reference |
		self installSourceFile: reference ] in [ sourceFiles do: [ :reference |
		self installSourceFile: reference ]
	] in STCommandLineHandler>>installSourceFiles
OrderedCollection>>do:
[ sourceFiles do: [ :reference |
		self installSourceFile: reference ]
	] in STCommandLineHandler>>installSourceFiles
FullBlockClosure(BlockClosure)>>ensure:
STCommandLineHandler>>installSourceFiles
STCommandLineHandler>>activate
STCommandLineHandler class(CommandLineHandler class)>>activateWith:
[ aCommandLinehandler activateWith: commandLine ] in PharoCommandLineHandler(BasicCommandLineHandler)>>activateSubCommand:
FullBlockClosure(BlockClosure)>>on:do:
PharoCommandLineHandler(BasicCommandLineHandler)>>activateSubCommand:
PharoCommandLineHandler(BasicCommandLineHandler)>>handleSubcommand
PharoCommandLineHandler(BasicCommandLineHandler)>>handleArgument:
[ self handleArgument: self firstArgument ] in [ [ self handleArgument: self firstArgument ]
		on: Exit
		do: [ :exit |
			"If the command line is protected by password, we just exit the image because in non-headless mode the handleExit will let the image open. If the password protection is enabled, it is to avoid to let the access to the image."
			self class commandLinePasswordManager hasPasswordSet
				ifTrue: [ Smalltalk snapshot: false andQuit: true ].
			self handleExit: exit ] ] in PharoCommandLineHandler(BasicCommandLineHandler)>>activate
FullBlockClosure(BlockClosure)>>on:do:
[ [ self handleArgument: self firstArgument ]
		on: Exit
		do: [ :exit |
			"If the command line is protected by password, we just exit the image because in non-headless mode the handleExit will let the image open. If the password protection is enabled, it is to avoid to let the access to the image."
			self class commandLinePasswordManager hasPasswordSet
				ifTrue: [ Smalltalk snapshot: false andQuit: true ].
			self handleExit: exit ] ] in PharoCommandLineHandler(BasicCommandLineHandler)>>activate
[self value.
			"IMPORTANT: Do not step over next line of code. See method comments for details"
			Processor terminateRealActive] in FullBlockClosure(BlockClosure)>>newProcess
-------------------------------------------------------------------------------

Processes and their stacks: 
Process: a Process in AtomicSharedQueue>>waitForNewItems
  stack:

AtomicSharedQueue>>waitForNewItems
AtomicSharedQueue>>next
TKTWorkerProcess>>privateNextTask
TKTWorkerProcess>>workerLoop
MessageSend>>value
[ aValuable value ] in TKTPharoProcessProvider>>createProcessDoing:named:
[self value.
			"IMPORTANT: Do not step over next line of code. See method comments for details"
			Processor terminateRealActive] in FullBlockClosure(BlockClosure)>>newProcess
------------------------------

Process: a Process in AtomicSharedQueue>>waitForNewItems
  stack:

AtomicSharedQueue>>waitForNewItems
AtomicSharedQueue>>next
TKTWorkerProcess>>privateNextTask
TKTWorkerProcess>>workerLoop
MessageSend>>value
[ aValuable value ] in TKTPharoProcessProvider>>createProcessDoing:named:
[self value.
			"IMPORTANT: Do not step over next line of code. See method comments for details"
			Processor terminateRealActive] in FullBlockClosure(BlockClosure)>>newProcess
------------------------------

Process: a Process in DelayMicrosecondTicker>>waitForUserSignalled:orExpired:
  stack:

DelayMicrosecondTicker>>waitForUserSignalled:orExpired:
[  [runTimerEventLoop] whileTrue:
		[	|nowTick|
			"Warning! Stepping <Over> the following line may lock the Image. Use <Into> or <Proceed>."
		 	ticker waitForUserSignalled: timingSemaphore orExpired: activeDelay.

			"Invoke the api back-ends, which set the transfer-variable to nil"
			suspendSemaphore ifNotNil: [ self suspendAtTimingPriority    ].
			delayToStart     ifNotNil: [ self scheduleAtTimingPriority   ].
			delayToStop      ifNotNil: [ self unscheduleAtTimingPriority ].

			"Signal any expired delays"
			nowTick := ticker nowTick.
			[ 	activeDelay isNotNil and: [nowTick >= activeDelay resumptionTick] ]
					whileTrue: [
						activeDelay timingPrioritySignalExpired.
						activeDelay := suspendedDelays removeFirstOrNil ].
		]
	] in DelaySemaphoreScheduler(DelayBasicScheduler)>>runBackendLoopAtTimingPriority
FullBlockClosure(BlockClosure)>>ensure:
DelaySemaphoreScheduler(DelayBasicScheduler)>>runBackendLoopAtTimingPriority
[ self runBackendLoopAtTimingPriority ] in DelaySemaphoreScheduler(DelayBasicScheduler)>>startTimerEventLoopPriority:
[self value.
			"IMPORTANT: Do not step over next line of code. See method comments for details"
			Processor terminateRealActive] in FullBlockClosure(BlockClosure)>>newProcess
------------------------------

Process: a Process in MorphicRenderLoop>>doOneCycleWhile:
  stack:

MorphicRenderLoop>>doOneCycleWhile:
[ MorphicRenderLoop new doOneCycleWhile: [ true ] ] in MorphicUIManager>>spawnNewProcess
[self value.
			"IMPORTANT: Do not step over next line of code. See method comments for details"
			Processor terminateRealActive] in FullBlockClosure(BlockClosure)>>newProcess
------------------------------

Process: a Process in Process>>endProcess
  stack:

Process>>endProcess
------------------------------

Process: a Process in Process>>endProcess
  stack:

Process>>endProcess
------------------------------

Process: a Process in Process>>endProcess
  stack:

Process>>endProcess
------------------------------

Process: a Process in Process>>endProcess
  stack:

Process>>endProcess
------------------------------

Process: a Process in Process>>endProcess
  stack:

Process>>endProcess
------------------------------

Process: a Process in SmalltalkImage>>lowSpaceWatcher
  stack:

SmalltalkImage>>lowSpaceWatcher
[ self lowSpaceWatcher ] in SmalltalkImage>>installLowSpaceWatcher
[self value.
			"IMPORTANT: Do not step over next line of code. See method comments for details"
			Processor terminateRealActive] in FullBlockClosure(BlockClosure)>>newProcess
------------------------------

Process: a Process in [self value.
			"IMPORTANT: Do not step over next line of code. See method comments for details"
			Processor terminateRealActive] in FullBlockClosure(BlockClosure)>>newProcess
  stack:

[self value.
			"IMPORTANT: Do not step over next line of code. See method comments for details"
			Processor terminateRealActive] in FullBlockClosure(BlockClosure)>>newProcess
------------------------------

Process: a Process in FinalizationProcess class>>finalizationProcess
  stack:

FinalizationProcess class>>finalizationProcess
[self finalizationProcess] in FinalizationProcess class>>restartFinalizationProcess
[self value.
			"IMPORTANT: Do not step over next line of code. See method comments for details"
			Processor terminateRealActive] in FullBlockClosure(BlockClosure)>>newProcess
------------------------------

Process: a Process in nil
  stack:

Array(SequenceableCollection)>>do:
[:logger |
		logger nextPutAll: 'Processes and their stacks: ';cr.

		Process allInstances do: [:each | | ctx |
			logger nextPutAll: 'Process: '; print: each; cr; nextPutAll: '  stack:'; cr; cr.

			ctx := each isActive ifTrue: [ thisContext sender ] ifFalse: [ each suspendedContext ].
			ctx ifNotNil: [
				(ctx stackOfSize: 20) do: [:s | logger print: s; cr ]].
			logger nextPutAll: '------------------------------'; cr; cr.
		]] in [ Smalltalk
		logError: aString
		inContext: aContext.

	" Print stacks of all current processes "

	Smalltalk logDuring: [:logger |
		logger nextPutAll: 'Processes and their stacks: ';cr.

		Process allInstances do: [:each | | ctx |
			logger nextPutAll: 'Process: '; print: each; cr; nextPutAll: '  stack:'; cr; cr.

			ctx := each isActive ifTrue: [ thisContext sender ] ifFalse: [ each suspendedContext ].
			ctx ifNotNil: [
				(ctx stackOfSize: 20) do: [:s | logger print: s; cr ]].
			logger nextPutAll: '------------------------------'; cr; cr.
		]].
	] in NonInteractiveUIManager(CommandLineUIManager)>>quitFrom:withMessage:
[
		logStream := self openLog.
		aMonadicBlock value: logStream.
	] in SmalltalkImage>>logDuring:
FullBlockClosure(BlockClosure)>>ensure:
SmalltalkImage>>logDuring:
[ Smalltalk
		logError: aString
		inContext: aContext.

	" Print stacks of all current processes "

	Smalltalk logDuring: [:logger |
		logger nextPutAll: 'Processes and their stacks: ';cr.

		Process allInstances do: [:each | | ctx |
			logger nextPutAll: 'Process: '; print: each; cr; nextPutAll: '  stack:'; cr; cr.

			ctx := each isActive ifTrue: [ thisContext sender ] ifFalse: [ each suspendedContext ].
			ctx ifNotNil: [
				(ctx stackOfSize: 20) do: [:s | logger print: s; cr ]].
			logger nextPutAll: '------------------------------'; cr; cr.
		]].
	] in NonInteractiveUIManager(CommandLineUIManager)>>quitFrom:withMessage:
FullBlockClosure(BlockClosure)>>ensure:
NonInteractiveUIManager(CommandLineUIManager)>>quitFrom:withMessage:
NonInteractiveUIManager(CommandLineUIManager)>>handleError:log:
NonInteractiveUIManager(UIManager)>>handleError:
Process>>handleError:
OCCodeError(Exception)>>unhandledErrorAction
UnhandledError>>defaultAction
UndefinedObject>>handleSignal:
Context>>handleSignal:
Context>>handleSignal:
Context>>handleSignal:
UnhandledError(Exception)>>signal
UnhandledError class>>signalForException:
OCCodeError(Exception)>>raiseUnhandledError
------------------------------

Process: a Process in Process>>endProcess
  stack:

Process>>endProcess
------------------------------

Process: a Process in Process>>endProcess
  stack:

Process>>endProcess
------------------------------

Process: a Process in Process>>endProcess
  stack:

Process>>endProcess
------------------------------

Process: a Process in [
		[ true ] whileTrue: [
			semaphore wait.
			[self executeCallback: self nextPendingCallback]
				on: Exception fork:  [:ex | ex pass ] ] ] in TFCallbackQueue>>forkCallbackProcess
  stack:

[
		[ true ] whileTrue: [
			semaphore wait.
			[self executeCallback: self nextPendingCallback]
				on: Exception fork:  [:ex | ex pass ] ] ] in TFCallbackQueue>>forkCallbackProcess
[self value.
			"IMPORTANT: Do not step over next line of code. See method comments for details"
			Processor terminateRealActive] in FullBlockClosure(BlockClosure)>>newProcess
------------------------------

Process: a Process in Process>>endProcess
  stack:

Process>>endProcess
------------------------------


===============================================================================
Notice: Errors in script loaded from Ride.st
===============================================================================
THERE_BE_DRAGONS_HERE
Instance of Ride class did not understand #methodsFor:
2 October 2026 9:54:43.228067 pm

VM: Mac OS - arm64 - 1000 - CoInterpreter VMMaker-tonel.1 uuid: 80e43a52-2018-0e00-bce4-820906d86bc4 Sep 18 2026
StackToRegisterMappingCogit VMMaker-tonel.1 uuid: 80e43a52-2018-0e00-bce4-820906d86bc4 Sep 18 2026
v10.3.11+0.a585304b1 - Commit: a585304b1 - Date: 2026-09-16 09:19:54 +0200

Image: Pharo13.1.0SNAPSHOT [Build information: Pharo-13.1.0+SNAPSHOT.build.749.sha.d7c6f761d5445e8b04a0aa5137e0d546ad9bcd89 (64 Bit)]

Ride class(Object)>>doesNotUnderstand: #methodsFor:
	Receiver: Ride
	Arguments and temporary variables: 
		aMessage: 	methodsFor: 'accessing'
		exception: 	Instance of Ride class did not understand #methodsFor:
		resumeValue: 	nil
	Receiver's instance variables: 
		superclass: 	Object
		methodDict: 	a MethodDictionary(#initializeWithID:pickup:dropoff:distance:->[..]
		format: 	65540
		layout: 	a FixedLayout
		protocols: 	an Array(Protocol (initialization) - 1 selector(s))
		subclasses: 	nil
		name: 	#Ride
		classPool: 	nil
		sharedPools: 	an OrderedCollection()
		environment: 	a SystemEnvironment(lots of globals)
		commentSourcePointer: 	nil
		packageTag: 	a PackageTag(Uncategorized)


UndefinedObject>>DoIt
	Receiver: nil
	Arguments and temporary variables: 
x
	Receiver's instance variables: 
nil

OCReceiverDoItSemanticScope(OCDoItSemanticScope)>>evaluateDoIt:
	Receiver: an OCReceiverDoItSemanticScope
	Arguments and temporary variables: 
		doItMethod: 	UndefinedObject>>#DoIt
	Receiver's instance variables: 
		outerScope: 	nil
		targetReceiver: 	nil


OpalCompiler>>evaluate
	Receiver: an OpalCompiler
	Arguments and temporary variables: 
		value: 	nil
		doItMethod: 	UndefinedObject>>#DoIt
	Receiver's instance variables: 
		ast: 	DoIt

	Ride methodsFor: 'accessing'
		source: 	'Ride methodsFor: ''accessing'''
		compilationContext: 	an OCCompilationContext
		compilationContextClass: 	nil
		permitFaulty: 	false
		permitUndeclared: 	false
		failBlock: 	nil
		logged: 	true
		changeStamp: 	nil
		protocol: 	nil
		requestor: 	nil
		priorMethod: 	nil


DoItChunk>>importFor:logSource:
	Receiver: a DoItChunk(Ride methodsFor: 'accessing')
	Arguments and temporary variables: 
		requestor: 	nil
		logSource: 	true
		ast: 	OCMessageNode(Ride methodsFor: 'accessing')
	Receiver's instance variables: 
		contents: 	'Ride methodsFor: ''accessing'''


[ :declaration |
		value := declaration importFor: nil logSource: logSource  ] in CodeImporter>>evaluate
	Receiver: a CodeImporter
	Arguments and temporary variables: 
		value: 	#initializeWithID:pickup:dropoff:distance:
		declaration: 	a DoItChunk(Ride methodsFor: 'accessing')
	Receiver's instance variables: 
		readStream: 	a ZnCharacterReadStream
		codeDeclarations: 	an OrderedCollection(a DoItChunk(Object subclass: #Ride
 [..]
		parserClass: 	ChunkFileFormatParser
		logSource: 	true


OrderedCollection>>do:
	Receiver: an OrderedCollection(a DoItChunk(Object subclass: #Ride
    instanceVariableNames: 'ri[..]
	Arguments and temporary variables: 
		aBlock: 	[ :declaration |
		value := declaration importFor: nil logSource: l[..]
		index: 	3
	Receiver's instance variables: 
		array: 	an Array(a DoItChunk(Object subclass: #Ride
    instanceVariableName[..]
		firstIndex: 	1
		lastIndex: 	9


CodeImporter>>evaluate
	Receiver: a CodeImporter
	Arguments and temporary variables: 
		value: 	#initializeWithID:pickup:dropoff:distance:
	Receiver's instance variables: 
		readStream: 	a ZnCharacterReadStream
		codeDeclarations: 	an OrderedCollection(a DoItChunk(Object subclass: #Ride
 [..]
		parserClass: 	ChunkFileFormatParser
		logSource: 	true


[ codeImporter evaluate ] in STCommandLineHandler>>installSourceFile:
	Receiver: a STCommandLineHandler
	Arguments and temporary variables: 
		aReference: 	a File
		codeImporter: 	a CodeImporter
	Receiver's instance variables: 
		commandLine: 	a CommandLineArguments
		session: 	a WorkingSession
		stdout: 	a VTermOutputDriver
		stderr: 	a VTermOutputDriver
		sourceFiles: 	an OrderedCollection(a File)


FullBlockClosure(BlockClosure)>>on:do:
	Receiver: [ codeImporter evaluate ]
	Arguments and temporary variables: 
		exception: 	Error
		handlerAction: 	[ :e | self handleError: e reference: aReference ]
	Receiver's instance variables: 
		outerContext: 	STCommandLineHandler>>installSourceFile:
		compiledBlock: 	a CompiledBlock: [ codeImporter evaluate ]
		numArgs: 	0
		receiver: 	a STCommandLineHandler


STCommandLineHandler>>handleErrorsDuring:reference:
	Receiver: a STCommandLineHandler
	Arguments and temporary variables: 
		aBlock: 	[ codeImporter evaluate ]
		aReference: 	a File
	Receiver's instance variables: 
		commandLine: 	a CommandLineArguments
		session: 	a WorkingSession
		stdout: 	a VTermOutputDriver
		stderr: 	a VTermOutputDriver
		sourceFiles: 	an OrderedCollection(a File)


STCommandLineHandler>>installSourceFile:
	Receiver: a STCommandLineHandler
	Arguments and temporary variables: 
		codeImporter: 	a CodeImporter
		aReference: 	a File
	Receiver's instance variables: 
		commandLine: 	a CommandLineArguments
		session: 	a WorkingSession
		stdout: 	a VTermOutputDriver
		stderr: 	a VTermOutputDriver
		sourceFiles: 	an OrderedCollection(a File)


[ :reference |
		self installSourceFile: reference ] in [ sourceFiles do: [ :reference |
		self installSourceFile: reference ]
	] in STCommandLineHandler>>installSourceFiles
	Receiver: a STCommandLineHandler
	Arguments and temporary variables: 
		reference: 	a File
	Receiver's instance variables: 
		commandLine: 	a CommandLineArguments
		session: 	a WorkingSession
		stdout: 	a VTermOutputDriver
		stderr: 	a VTermOutputDriver
		sourceFiles: 	an OrderedCollection(a File)


OrderedCollection>>do:
	Receiver: an OrderedCollection(a File)
	Arguments and temporary variables: 
		aBlock: 	[ :reference |
		self installSourceFile: reference ]
		index: 	1
	Receiver's instance variables: 
		array: 	an Array(a File)
		firstIndex: 	1
		lastIndex: 	1


[ sourceFiles do: [ :reference |
		self installSourceFile: reference ]
	] in STCommandLineHandler>>installSourceFiles
	Receiver: a STCommandLineHandler
	Arguments and temporary variables: 
x
	Receiver's instance variables: 
		commandLine: 	a CommandLineArguments
		session: 	a WorkingSession
		stdout: 	a VTermOutputDriver
		stderr: 	a VTermOutputDriver
		sourceFiles: 	an OrderedCollection(a File)


FullBlockClosure(BlockClosure)>>ensure:
	Receiver: [ sourceFiles do: [ :reference |
		self installSourceFile: reference ]
	]
	Arguments and temporary variables: 
		aBlock: 	[ sourceFiles := nil ]
		handler: 	[ sourceFiles := nil ]
		complete: 	nil
		returnValue: 	nil
	Receiver's instance variables: 
		outerContext: 	STCommandLineHandler>>installSourceFiles
		compiledBlock: 	a CompiledBlock: [ sourceFiles do: [ :reference |
		self ins[..]
		numArgs: 	0
		receiver: 	a STCommandLineHandler


STCommandLineHandler>>installSourceFiles
	Receiver: a STCommandLineHandler
	Arguments and temporary variables: 
x
	Receiver's instance variables: 
		commandLine: 	a CommandLineArguments
		session: 	a WorkingSession
		stdout: 	a VTermOutputDriver
		stderr: 	a VTermOutputDriver
		sourceFiles: 	an OrderedCollection(a File)


STCommandLineHandler>>activate
	Receiver: a STCommandLineHandler
	Arguments and temporary variables: 
x
	Receiver's instance variables: 
		commandLine: 	a CommandLineArguments
		session: 	a WorkingSession
		stdout: 	a VTermOutputDriver
		stderr: 	a VTermOutputDriver
		sourceFiles: 	an OrderedCollection(a File)


STCommandLineHandler class(CommandLineHandler class)>>activateWith:
	Receiver: STCommandLineHandler
	Arguments and temporary variables: 
		aCommandLine: 	a CommandLineArguments
	Receiver's instance variables: 
		superclass: 	CommandLineHandler
		methodDict: 	a MethodDictionary(#activate->STCommandLineHandler>>#activate #[..]
		format: 	65541
		layout: 	a FixedLayout
		protocols: 	an Array(Protocol (private) - 3 selector(s) Protocol (installing[..]
		subclasses: 	{EvaluateCommandLineHandler}
		name: 	#STCommandLineHandler
		classPool: 	nil
		sharedPools: 	an OrderedCollection()
		environment: 	a SystemEnvironment(lots of globals)
		commentSourcePointer: 	60986524
		packageTag: 	a PackageTag(Base)


[ aCommandLinehandler activateWith: commandLine ] in PharoCommandLineHandler(BasicCommandLineHandler)>>activateSubCommand:
	Receiver: a PharoCommandLineHandler
	Arguments and temporary variables: 
		aCommandLinehandler: 	STCommandLineHandler
	Receiver's instance variables: 
		commandLine: 	a CommandLineArguments
		session: 	a WorkingSession
		stdout: 	a VTermOutputDriver
		stderr: 	a VTermOutputDriver


FullBlockClosure(BlockClosure)>>on:do:
	Receiver: [ aCommandLinehandler activateWith: commandLine ]
	Arguments and temporary variables: 
		exception: 	Exit
		handlerAction: 	[ :exit |
		^ self handleExit: exit for: aCommandLinehandler ]
	Receiver's instance variables: 
		outerContext: 	PharoCommandLineHandler(BasicCommandLineHandler)>>activateSub[..]
		compiledBlock: 	a CompiledBlock: [ aCommandLinehandler activateWith: command[..]
		numArgs: 	0
		receiver: 	a PharoCommandLineHandler


PharoCommandLineHandler(BasicCommandLineHandler)>>activateSubCommand:
	Receiver: a PharoCommandLineHandler
	Arguments and temporary variables: 
		aCommandLinehandler: 	STCommandLineHandler
	Receiver's instance variables: 
		commandLine: 	a CommandLineArguments
		session: 	a WorkingSession
		stdout: 	a VTermOutputDriver
		stderr: 	a VTermOutputDriver


PharoCommandLineHandler(BasicCommandLineHandler)>>handleSubcommand
	Receiver: a PharoCommandLineHandler
	Arguments and temporary variables: 
		handlers: 	an OrderedCollection(STCommandLineHandler)
	Receiver's instance variables: 
		commandLine: 	a CommandLineArguments
		session: 	a WorkingSession
		stdout: 	a VTermOutputDriver
		stderr: 	a VTermOutputDriver


PharoCommandLineHandler(BasicCommandLineHandler)>>handleArgument:
	Receiver: a PharoCommandLineHandler
	Arguments and temporary variables: 
		aString: 	'st'
	Receiver's instance variables: 
		commandLine: 	a CommandLineArguments
		session: 	a WorkingSession
		stdout: 	a VTermOutputDriver
		stderr: 	a VTermOutputDriver


[ self handleArgument: self firstArgument ] in [ [ self handleArgument: self firstArgument ]
		on: Exit
		do: [ :exit |
			"If the command line is protected by password, we just exit the image because in non-headless mode the handleExit will let the image open. If the password protection is enabled, it is to avoid to let the access to the image."
			self class commandLinePasswordManager hasPasswordSet
				ifTrue: [ Smalltalk snapshot: false andQuit: true ].
			self handleExit: exit ] ] in PharoCommandLineHandler(BasicCommandLineHandler)>>activate
	Receiver: a PharoCommandLineHandler
	Arguments and temporary variables: 
x
	Receiver's instance variables: 
		commandLine: 	a CommandLineArguments
		session: 	a WorkingSession
		stdout: 	a VTermOutputDriver
		stderr: 	a VTermOutputDriver


FullBlockClosure(BlockClosure)>>on:do:
	Receiver: [ self handleArgument: self firstArgument ]
	Arguments and temporary variables: 
		exception: 	Exit
		handlerAction: 	[ :exit |
			"If the command line is protected by password, [..]
	Receiver's instance variables: 
		outerContext: 	[ [ self handleArgument: self firstArgument ]
		on: Exit
		do[..]
		compiledBlock: 	a CompiledBlock: [ self handleArgument: self firstArgument ]
		numArgs: 	0
		receiver: 	a PharoCommandLineHandler


[ [ self handleArgument: self firstArgument ]
		on: Exit
		do: [ :exit |
			"If the command line is protected by password, we just exit the image because in non-headless mode the handleExit will let the image open. If the password protection is enabled, it is to avoid to let the access to the image."
			self class commandLinePasswordManager hasPasswordSet
				ifTrue: [ Smalltalk snapshot: false andQuit: true ].
			self handleExit: exit ] ] in PharoCommandLineHandler(BasicCommandLineHandler)>>activate
	Receiver: a PharoCommandLineHandler
	Arguments and temporary variables: 
x
	Receiver's instance variables: 
		commandLine: 	a CommandLineArguments
		session: 	a WorkingSession
		stdout: 	a VTermOutputDriver
		stderr: 	a VTermOutputDriver


[self value.
			"IMPORTANT: Do not step over next line of code. See method comments for details"
			Processor terminateRealActive] in FullBlockClosure(BlockClosure)>>newProcess
	Receiver: [ [ self handleArgument: self firstArgument ]
		on: Exit
		do: [ :exit |
			"If the co[..]
	Arguments and temporary variables: 
x
	Receiver's instance variables: 
		outerContext: 	PharoCommandLineHandler(BasicCommandLineHandler)>>activate
		compiledBlock: 	a CompiledBlock: [ [ self handleArgument: self firstArgument[..]
		numArgs: 	0
		receiver: 	a PharoCommandLineHandler



--- The full stack ---
Ride class(Object)>>doesNotUnderstand: #methodsFor:
UndefinedObject>>DoIt
OCReceiverDoItSemanticScope(OCDoItSemanticScope)>>evaluateDoIt:
OpalCompiler>>evaluate
DoItChunk>>importFor:logSource:
[ :declaration |
		value := declaration importFor: nil logSource: logSource  ] in CodeImporter>>evaluate
OrderedCollection>>do:
CodeImporter>>evaluate
[ codeImporter evaluate ] in STCommandLineHandler>>installSourceFile:
FullBlockClosure(BlockClosure)>>on:do:
STCommandLineHandler>>handleErrorsDuring:reference:
STCommandLineHandler>>installSourceFile:
[ :reference |
		self installSourceFile: reference ] in [ sourceFiles do: [ :reference |
		self installSourceFile: reference ]
	] in STCommandLineHandler>>installSourceFiles
OrderedCollection>>do:
[ sourceFiles do: [ :reference |
		self installSourceFile: reference ]
	] in STCommandLineHandler>>installSourceFiles
FullBlockClosure(BlockClosure)>>ensure:
STCommandLineHandler>>installSourceFiles
STCommandLineHandler>>activate
STCommandLineHandler class(CommandLineHandler class)>>activateWith:
[ aCommandLinehandler activateWith: commandLine ] in PharoCommandLineHandler(BasicCommandLineHandler)>>activateSubCommand:
FullBlockClosure(BlockClosure)>>on:do:
PharoCommandLineHandler(BasicCommandLineHandler)>>activateSubCommand:
PharoCommandLineHandler(BasicCommandLineHandler)>>handleSubcommand
PharoCommandLineHandler(BasicCommandLineHandler)>>handleArgument:
[ self handleArgument: self firstArgument ] in [ [ self handleArgument: self firstArgument ]
		on: Exit
		do: [ :exit |
			"If the command line is protected by password, we just exit the image because in non-headless mode the handleExit will let the image open. If the password protection is enabled, it is to avoid to let the access to the image."
			self class commandLinePasswordManager hasPasswordSet
				ifTrue: [ Smalltalk snapshot: false andQuit: true ].
			self handleExit: exit ] ] in PharoCommandLineHandler(BasicCommandLineHandler)>>activate
FullBlockClosure(BlockClosure)>>on:do:
[ [ self handleArgument: self firstArgument ]
		on: Exit
		do: [ :exit |
			"If the command line is protected by password, we just exit the image because in non-headless mode the handleExit will let the image open. If the password protection is enabled, it is to avoid to let the access to the image."
			self class commandLinePasswordManager hasPasswordSet
				ifTrue: [ Smalltalk snapshot: false andQuit: true ].
			self handleExit: exit ] ] in PharoCommandLineHandler(BasicCommandLineHandler)>>activate
[self value.
			"IMPORTANT: Do not step over next line of code. See method comments for details"
			Processor terminateRealActive] in FullBlockClosure(BlockClosure)>>newProcess
-------------------------------------------------------------------------------

Processes and their stacks: 
Process: a Process in AtomicSharedQueue>>waitForNewItems
  stack:

AtomicSharedQueue>>waitForNewItems
AtomicSharedQueue>>next
TKTWorkerProcess>>privateNextTask
TKTWorkerProcess>>workerLoop
MessageSend>>value
[ aValuable value ] in TKTPharoProcessProvider>>createProcessDoing:named:
[self value.
			"IMPORTANT: Do not step over next line of code. See method comments for details"
			Processor terminateRealActive] in FullBlockClosure(BlockClosure)>>newProcess
------------------------------

Process: a Process in AtomicSharedQueue>>waitForNewItems
  stack:

AtomicSharedQueue>>waitForNewItems
AtomicSharedQueue>>next
TKTWorkerProcess>>privateNextTask
TKTWorkerProcess>>workerLoop
MessageSend>>value
[ aValuable value ] in TKTPharoProcessProvider>>createProcessDoing:named:
[self value.
			"IMPORTANT: Do not step over next line of code. See method comments for details"
			Processor terminateRealActive] in FullBlockClosure(BlockClosure)>>newProcess
------------------------------

Process: a Process in DelayMicrosecondTicker>>waitForUserSignalled:orExpired:
  stack:

DelayMicrosecondTicker>>waitForUserSignalled:orExpired:
[  [runTimerEventLoop] whileTrue:
		[	|nowTick|
			"Warning! Stepping <Over> the following line may lock the Image. Use <Into> or <Proceed>."
		 	ticker waitForUserSignalled: timingSemaphore orExpired: activeDelay.

			"Invoke the api back-ends, which set the transfer-variable to nil"
			suspendSemaphore ifNotNil: [ self suspendAtTimingPriority    ].
			delayToStart     ifNotNil: [ self scheduleAtTimingPriority   ].
			delayToStop      ifNotNil: [ self unscheduleAtTimingPriority ].

			"Signal any expired delays"
			nowTick := ticker nowTick.
			[ 	activeDelay isNotNil and: [nowTick >= activeDelay resumptionTick] ]
					whileTrue: [
						activeDelay timingPrioritySignalExpired.
						activeDelay := suspendedDelays removeFirstOrNil ].
		]
	] in DelaySemaphoreScheduler(DelayBasicScheduler)>>runBackendLoopAtTimingPriority
FullBlockClosure(BlockClosure)>>ensure:
DelaySemaphoreScheduler(DelayBasicScheduler)>>runBackendLoopAtTimingPriority
[ self runBackendLoopAtTimingPriority ] in DelaySemaphoreScheduler(DelayBasicScheduler)>>startTimerEventLoopPriority:
[self value.
			"IMPORTANT: Do not step over next line of code. See method comments for details"
			Processor terminateRealActive] in FullBlockClosure(BlockClosure)>>newProcess
------------------------------

Process: a Process in MorphicRenderLoop>>doOneCycleWhile:
  stack:

MorphicRenderLoop>>doOneCycleWhile:
[ MorphicRenderLoop new doOneCycleWhile: [ true ] ] in MorphicUIManager>>spawnNewProcess
[self value.
			"IMPORTANT: Do not step over next line of code. See method comments for details"
			Processor terminateRealActive] in FullBlockClosure(BlockClosure)>>newProcess
------------------------------

Process: a Process in Process>>endProcess
  stack:

Process>>endProcess
------------------------------

Process: a Process in Process>>endProcess
  stack:

Process>>endProcess
------------------------------

Process: a Process in Process>>endProcess
  stack:

Process>>endProcess
------------------------------

Process: a Process in Process>>endProcess
  stack:

Process>>endProcess
------------------------------

Process: a Process in Process>>endProcess
  stack:

Process>>endProcess
------------------------------

Process: a Process in SmalltalkImage>>lowSpaceWatcher
  stack:

SmalltalkImage>>lowSpaceWatcher
[ self lowSpaceWatcher ] in SmalltalkImage>>installLowSpaceWatcher
[self value.
			"IMPORTANT: Do not step over next line of code. See method comments for details"
			Processor terminateRealActive] in FullBlockClosure(BlockClosure)>>newProcess
------------------------------

Process: a Process in [self value.
			"IMPORTANT: Do not step over next line of code. See method comments for details"
			Processor terminateRealActive] in FullBlockClosure(BlockClosure)>>newProcess
  stack:

[self value.
			"IMPORTANT: Do not step over next line of code. See method comments for details"
			Processor terminateRealActive] in FullBlockClosure(BlockClosure)>>newProcess
------------------------------

Process: a Process in FinalizationProcess class>>finalizationProcess
  stack:

FinalizationProcess class>>finalizationProcess
[self finalizationProcess] in FinalizationProcess class>>restartFinalizationProcess
[self value.
			"IMPORTANT: Do not step over next line of code. See method comments for details"
			Processor terminateRealActive] in FullBlockClosure(BlockClosure)>>newProcess
------------------------------

Process: a Process in nil
  stack:

Array(SequenceableCollection)>>do:
[:logger |
		logger nextPutAll: 'Processes and their stacks: ';cr.

		Process allInstances do: [:each | | ctx |
			logger nextPutAll: 'Process: '; print: each; cr; nextPutAll: '  stack:'; cr; cr.

			ctx := each isActive ifTrue: [ thisContext sender ] ifFalse: [ each suspendedContext ].
			ctx ifNotNil: [
				(ctx stackOfSize: 20) do: [:s | logger print: s; cr ]].
			logger nextPutAll: '------------------------------'; cr; cr.
		]] in [ Smalltalk
		logError: aString
		inContext: aContext.

	" Print stacks of all current processes "

	Smalltalk logDuring: [:logger |
		logger nextPutAll: 'Processes and their stacks: ';cr.

		Process allInstances do: [:each | | ctx |
			logger nextPutAll: 'Process: '; print: each; cr; nextPutAll: '  stack:'; cr; cr.

			ctx := each isActive ifTrue: [ thisContext sender ] ifFalse: [ each suspendedContext ].
			ctx ifNotNil: [
				(ctx stackOfSize: 20) do: [:s | logger print: s; cr ]].
			logger nextPutAll: '------------------------------'; cr; cr.
		]].
	] in NonInteractiveUIManager(CommandLineUIManager)>>quitFrom:withMessage:
[
		logStream := self openLog.
		aMonadicBlock value: logStream.
	] in SmalltalkImage>>logDuring:
FullBlockClosure(BlockClosure)>>ensure:
SmalltalkImage>>logDuring:
[ Smalltalk
		logError: aString
		inContext: aContext.

	" Print stacks of all current processes "

	Smalltalk logDuring: [:logger |
		logger nextPutAll: 'Processes and their stacks: ';cr.

		Process allInstances do: [:each | | ctx |
			logger nextPutAll: 'Process: '; print: each; cr; nextPutAll: '  stack:'; cr; cr.

			ctx := each isActive ifTrue: [ thisContext sender ] ifFalse: [ each suspendedContext ].
			ctx ifNotNil: [
				(ctx stackOfSize: 20) do: [:s | logger print: s; cr ]].
			logger nextPutAll: '------------------------------'; cr; cr.
		]].
	] in NonInteractiveUIManager(CommandLineUIManager)>>quitFrom:withMessage:
FullBlockClosure(BlockClosure)>>ensure:
NonInteractiveUIManager(CommandLineUIManager)>>quitFrom:withMessage:
NonInteractiveUIManager(CommandLineUIManager)>>handleError:log:
NonInteractiveUIManager(UIManager)>>handleError:
Process>>handleError:
MessageNotUnderstood(Exception)>>unhandledErrorAction
UnhandledError>>defaultAction
UndefinedObject>>handleSignal:
Context>>handleSignal:
Context>>handleSignal:
Context>>handleSignal:
UnhandledError(Exception)>>signal
UnhandledError class>>signalForException:
MessageNotUnderstood(Exception)>>raiseUnhandledError
------------------------------

Process: a Process in [delaySemaphore wait] in Delay>>wait
  stack:

[delaySemaphore wait] in Delay>>wait
FullBlockClosure(BlockClosure)>>ifCurtailed:
Delay>>wait
Duration>>wait
[
		"Loop until enough time passed since last #schedule"
		[ DateAndTime now < (lastSchedule + duration) ]
			whileTrue: [ duration wait ].

		"Execute deferred action (if not flushed before) and clean up"
		self flush.
	] in OmDeferrer>>runMessageProcess
[self value.
			"IMPORTANT: Do not step over next line of code. See method comments for details"
			Processor terminateRealActive] in FullBlockClosure(BlockClosure)>>newProcess
------------------------------

Process: a Process in Process>>endProcess
  stack:

Process>>endProcess
------------------------------

Process: a Process in Process>>endProcess
  stack:

Process>>endProcess
------------------------------

Process: a Process in Process>>endProcess
  stack:

Process>>endProcess
------------------------------

Process: a Process in [
		[ true ] whileTrue: [
			semaphore wait.
			[self executeCallback: self nextPendingCallback]
				on: Exception fork:  [:ex | ex pass ] ] ] in TFCallbackQueue>>forkCallbackProcess
  stack:

[
		[ true ] whileTrue: [
			semaphore wait.
			[self executeCallback: self nextPendingCallback]
				on: Exception fork:  [:ex | ex pass ] ] ] in TFCallbackQueue>>forkCallbackProcess
[self value.
			"IMPORTANT: Do not step over next line of code. See method comments for details"
			Processor terminateRealActive] in FullBlockClosure(BlockClosure)>>newProcess
------------------------------

Process: a Process in Process>>endProcess
  stack:

Process>>endProcess
------------------------------


===============================================================================
Notice: Errors in script loaded from StandardRide.st
===============================================================================
THERE_BE_DRAGONS_HERE
KeyNotFound: key #Ride not found in SystemEnvironment
2 October 2026 9:54:43.421371 pm

VM: Mac OS - arm64 - 1000 - CoInterpreter VMMaker-tonel.1 uuid: 80e43a52-2018-0e00-bce4-820906d86bc4 Sep 18 2026
StackToRegisterMappingCogit VMMaker-tonel.1 uuid: 80e43a52-2018-0e00-bce4-820906d86bc4 Sep 18 2026
v10.3.11+0.a585304b1 - Commit: a585304b1 - Date: 2026-09-16 09:19:54 +0200

Image: Pharo13.1.0SNAPSHOT [Build information: Pharo-13.1.0+SNAPSHOT.build.749.sha.d7c6f761d5445e8b04a0aa5137e0d546ad9bcd89 (64 Bit)]

SystemEnvironment(Dictionary)>>errorKeyNotFound:
	Receiver: a SystemEnvironment(lots of globals)
	Arguments and temporary variables: 
		aKey: 	#Ride
	Receiver's instance variables: 
		tally: 	10841
		array: 	an Array(#SpMockBackend->SpMockBackend #PragmaMenuBuilder->PragmaMen[..]
		cachedClassNames: 	an OrderedCollection(#AColorSelectorMorph #AIAstar #AIAst[..]
		cachedNonClassNames: 	an OrderedCollection(#ASTAbstractBlockVisitor #ASTAbst[..]
		cachedBehaviors: 	an OrderedCollection(AColorSelectorMorph AColorSelectorMor[..]
		pseudoVariables: 	a Dictionary(#self->self #super->super #thisContext->thisC[..]


[self errorKeyNotFound: key] in SystemEnvironment(Dictionary)>>at:
	Receiver: a SystemEnvironment(lots of globals)
	Arguments and temporary variables: 
		key: 	#Ride
	Receiver's instance variables: 
		tally: 	10841
		array: 	an Array(#SpMockBackend->SpMockBackend #PragmaMenuBuilder->PragmaMen[..]
		cachedClassNames: 	an OrderedCollection(#AColorSelectorMorph #AIAstar #AIAst[..]
		cachedNonClassNames: 	an OrderedCollection(#ASTAbstractBlockVisitor #ASTAbst[..]
		cachedBehaviors: 	an OrderedCollection(AColorSelectorMorph AColorSelectorMor[..]
		pseudoVariables: 	a Dictionary(#self->self #super->super #thisContext->thisC[..]


SystemEnvironment(Dictionary)>>at:ifAbsent:
	Receiver: a SystemEnvironment(lots of globals)
	Arguments and temporary variables: 
		key: 	#Ride
		aBlock: 	[self errorKeyNotFound: key]
	Receiver's instance variables: 
		tally: 	10841
		array: 	an Array(#SpMockBackend->SpMockBackend #PragmaMenuBuilder->PragmaMen[..]
		cachedClassNames: 	an OrderedCollection(#AColorSelectorMorph #AIAstar #AIAst[..]
		cachedNonClassNames: 	an OrderedCollection(#ASTAbstractBlockVisitor #ASTAbst[..]
		cachedBehaviors: 	an OrderedCollection(AColorSelectorMorph AColorSelectorMor[..]
		pseudoVariables: 	a Dictionary(#self->self #super->super #thisContext->thisC[..]


SystemEnvironment(Dictionary)>>at:
	Receiver: a SystemEnvironment(lots of globals)
	Arguments and temporary variables: 
		key: 	#Ride
	Receiver's instance variables: 
		tally: 	10841
		array: 	an Array(#SpMockBackend->SpMockBackend #PragmaMenuBuilder->PragmaMen[..]
		cachedClassNames: 	an OrderedCollection(#AColorSelectorMorph #AIAstar #AIAst[..]
		cachedNonClassNames: 	an OrderedCollection(#ASTAbstractBlockVisitor #ASTAbst[..]
		cachedBehaviors: 	an OrderedCollection(AColorSelectorMorph AColorSelectorMor[..]
		pseudoVariables: 	a Dictionary(#self->self #super->super #thisContext->thisC[..]


[ :aBuilder |
		  | superclass converter |
		  superclass := self class environment at: superclassName asSymbol.

		  aBuilder
			  superclass: superclass;
			  environment: superclass environment;
			  name: subclassName;
			  layoutClass: layoutClass.
		  instanceVariableNames ifNotNil: [ aBuilder slotsFromString: instanceVariableNames ].
		  classVariableNames ifNotNil: [ aBuilder sharedVariablesFromString: classVariableNames ].
		
		  converter := CategoryConverter category: packageName environment: superclass environment.
		  aBuilder package: converter packageName.
		  aBuilder tag: converter tagName.

		  poolDictionariesNames ifNotNil: [ aBuilder sharedPoolsFromString: poolDictionariesNames ].
		  isTrait ifTrue: [ aBuilder beTrait ].
		  traitsDefinition ifNotNil: [ aBuilder traitComposition: (self class compiler evaluate: traitsDefinition) ] ] in OldClassDefinitionBuilder>>build
	Receiver: an OldClassDefinitionBuilder
	Arguments and temporary variables: 
		selectorParts: 	an OrderedCollection('subclass' 'instanceVariableNames' 'cla[..]
		superclassName: 	'Ride'
		layoutClass: 	FixedLayout
		subclassName: 	#StandardRide
		instanceVariableNames: 	''
		classVariableNames: 	''
		packageName: 	'RideSharing'
		poolDictionariesNames: 	nil
		traitsDefinition: 	nil
		isTrait: 	false
		aBuilder: 	a ShiftClassBuilder
		superclass: 	nil
		converter: 	nil
	Receiver's instance variables: 
		ast: 	OCMessageNode(Ride
	subclass: #StandardRide
	instanceVariableNames: ''[..]


ShiftClassInstaller>>make:
	Receiver: a ShiftClassInstaller
	Arguments and temporary variables: 
		aBlock: 	[ :aBuilder |
		  | superclass converter |
		  superclass := self c[..]
	Receiver's instance variables: 
		builder: 	a ShiftClassBuilder


ShiftClassInstaller class>>make:
	Receiver: ShiftClassInstaller
	Arguments and temporary variables: 
		aBlock: 	[ :aBuilder |
		  | superclass converter |
		  superclass := self c[..]
	Receiver's instance variables: 
		superclass: 	Object
		methodDict: 	a MethodDictionary(#builder->ShiftClassInstaller>>#builder #com[..]
		format: 	65537
		layout: 	a FixedLayout
		protocols: 	an Array(Protocol (accessing) - 4 selector(s) Protocol (copying)[..]
		subclasses: 	{ShiftAnonymousClassInstaller}
		name: 	#ShiftClassInstaller
		classPool: 	a Dictionary()
		sharedPools: 	an OrderedCollection()
		environment: 	a SystemEnvironment(lots of globals)
		commentSourcePointer: 	62738680
		packageTag: 	a PackageTag(Installer)


OldClassDefinitionBuilder>>build
	Receiver: an OldClassDefinitionBuilder
	Arguments and temporary variables: 
		layoutClass: 	FixedLayout
		subclassName: 	#StandardRide
		instanceVariableNames: 	''
		classVariableNames: 	''
		packageName: 	'RideSharing'
		poolDictionariesNames: 	nil
		traitsDefinition: 	nil
		isTrait: 	false
		selectorParts: 	an OrderedCollection('subclass' 'instanceVariableNames' 'cla[..]
		superclassName: 	'Ride'
	Receiver's instance variables: 
		ast: 	OCMessageNode(Ride
	subclass: #StandardRide
	instanceVariableNames: ''[..]


OldClassDefinitionBuilder class>>buildFromAST:
	Receiver: OldClassDefinitionBuilder
	Arguments and temporary variables: 
		ast: 	OCMessageNode(Ride
	subclass: #StandardRide
	instanceVariableNames: ''[..]
	Receiver's instance variables: 
		superclass: 	Object
		methodDict: 	a MethodDictionary(#ast->OldClassDefinitionBuilder>>#ast #ast:-[..]
		format: 	65537
		layout: 	a FixedLayout
		protocols: 	an Array(Protocol (building) - 1 selector(s) Protocol (accessing[..]
		subclasses: 	nil
		name: 	#OldClassDefinitionBuilder
		classPool: 	nil
		sharedPools: 	an OrderedCollection()
		environment: 	a SystemEnvironment(lots of globals)
		commentSourcePointer: 	42276418
		packageTag: 	a PackageTag(Chunks)


DoItChunk>>importFor:logSource:
	Receiver: a DoItChunk(Ride subclass: #StandardRide
    instanceVariableNames: ''
    classVariab[..]
	Arguments and temporary variables: 
		requestor: 	nil
		logSource: 	true
		ast: 	OCMessageNode(Ride
	subclass: #StandardRide
	instanceVariableNames: ''[..]
	Receiver's instance variables: 
		contents: 	'Ride subclass: #StandardRide
    instanceVariableNames: ''''
   [..]


[ :declaration |
		value := declaration importFor: nil logSource: logSource  ] in CodeImporter>>evaluate
	Receiver: a CodeImporter
	Arguments and temporary variables: 
		value: 	nil
		declaration: 	a DoItChunk(Ride subclass: #StandardRide
    instanceVariableN[..]
	Receiver's instance variables: 
		readStream: 	a ZnCharacterReadStream
		codeDeclarations: 	an OrderedCollection(a DoItChunk(Ride subclass: #Standard[..]
		parserClass: 	ChunkFileFormatParser
		logSource: 	true


OrderedCollection>>do:
	Receiver: an OrderedCollection(a DoItChunk(Ride subclass: #StandardRide
    instanceVariableName[..]
	Arguments and temporary variables: 
		aBlock: 	[ :declaration |
		value := declaration importFor: nil logSource: l[..]
		index: 	1
	Receiver's instance variables: 
		array: 	an Array(a DoItChunk(Ride subclass: #StandardRide
    instanceVariab[..]
		firstIndex: 	1
		lastIndex: 	3


CodeImporter>>evaluate
	Receiver: a CodeImporter
	Arguments and temporary variables: 
		value: 	nil
	Receiver's instance variables: 
		readStream: 	a ZnCharacterReadStream
		codeDeclarations: 	an OrderedCollection(a DoItChunk(Ride subclass: #Standard[..]
		parserClass: 	ChunkFileFormatParser
		logSource: 	true


[ codeImporter evaluate ] in STCommandLineHandler>>installSourceFile:
	Receiver: a STCommandLineHandler
	Arguments and temporary variables: 
		aReference: 	a File
		codeImporter: 	a CodeImporter
	Receiver's instance variables: 
		commandLine: 	a CommandLineArguments
		session: 	a WorkingSession
		stdout: 	a VTermOutputDriver
		stderr: 	a VTermOutputDriver
		sourceFiles: 	an OrderedCollection(a File)


FullBlockClosure(BlockClosure)>>on:do:
	Receiver: [ codeImporter evaluate ]
	Arguments and temporary variables: 
		exception: 	Error
		handlerAction: 	[ :e | self handleError: e reference: aReference ]
	Receiver's instance variables: 
		outerContext: 	STCommandLineHandler>>installSourceFile:
		compiledBlock: 	a CompiledBlock: [ codeImporter evaluate ]
		numArgs: 	0
		receiver: 	a STCommandLineHandler


STCommandLineHandler>>handleErrorsDuring:reference:
	Receiver: a STCommandLineHandler
	Arguments and temporary variables: 
		aBlock: 	[ codeImporter evaluate ]
		aReference: 	a File
	Receiver's instance variables: 
		commandLine: 	a CommandLineArguments
		session: 	a WorkingSession
		stdout: 	a VTermOutputDriver
		stderr: 	a VTermOutputDriver
		sourceFiles: 	an OrderedCollection(a File)


STCommandLineHandler>>installSourceFile:
	Receiver: a STCommandLineHandler
	Arguments and temporary variables: 
		codeImporter: 	a CodeImporter
		aReference: 	a File
	Receiver's instance variables: 
		commandLine: 	a CommandLineArguments
		session: 	a WorkingSession
		stdout: 	a VTermOutputDriver
		stderr: 	a VTermOutputDriver
		sourceFiles: 	an OrderedCollection(a File)


[ :reference |
		self installSourceFile: reference ] in [ sourceFiles do: [ :reference |
		self installSourceFile: reference ]
	] in STCommandLineHandler>>installSourceFiles
	Receiver: a STCommandLineHandler
	Arguments and temporary variables: 
		reference: 	a File
	Receiver's instance variables: 
		commandLine: 	a CommandLineArguments
		session: 	a WorkingSession
		stdout: 	a VTermOutputDriver
		stderr: 	a VTermOutputDriver
		sourceFiles: 	an OrderedCollection(a File)


OrderedCollection>>do:
	Receiver: an OrderedCollection(a File)
	Arguments and temporary variables: 
		aBlock: 	[ :reference |
		self installSourceFile: reference ]
		index: 	1
	Receiver's instance variables: 
		array: 	an Array(a File)
		firstIndex: 	1
		lastIndex: 	1


[ sourceFiles do: [ :reference |
		self installSourceFile: reference ]
	] in STCommandLineHandler>>installSourceFiles
	Receiver: a STCommandLineHandler
	Arguments and temporary variables: 
x
	Receiver's instance variables: 
		commandLine: 	a CommandLineArguments
		session: 	a WorkingSession
		stdout: 	a VTermOutputDriver
		stderr: 	a VTermOutputDriver
		sourceFiles: 	an OrderedCollection(a File)


FullBlockClosure(BlockClosure)>>ensure:
	Receiver: [ sourceFiles do: [ :reference |
		self installSourceFile: reference ]
	]
	Arguments and temporary variables: 
		aBlock: 	[ sourceFiles := nil ]
		handler: 	[ sourceFiles := nil ]
		complete: 	nil
		returnValue: 	nil
	Receiver's instance variables: 
		outerContext: 	STCommandLineHandler>>installSourceFiles
		compiledBlock: 	a CompiledBlock: [ sourceFiles do: [ :reference |
		self ins[..]
		numArgs: 	0
		receiver: 	a STCommandLineHandler


STCommandLineHandler>>installSourceFiles
	Receiver: a STCommandLineHandler
	Arguments and temporary variables: 
x
	Receiver's instance variables: 
		commandLine: 	a CommandLineArguments
		session: 	a WorkingSession
		stdout: 	a VTermOutputDriver
		stderr: 	a VTermOutputDriver
		sourceFiles: 	an OrderedCollection(a File)


STCommandLineHandler>>activate
	Receiver: a STCommandLineHandler
	Arguments and temporary variables: 
x
	Receiver's instance variables: 
		commandLine: 	a CommandLineArguments
		session: 	a WorkingSession
		stdout: 	a VTermOutputDriver
		stderr: 	a VTermOutputDriver
		sourceFiles: 	an OrderedCollection(a File)


STCommandLineHandler class(CommandLineHandler class)>>activateWith:
	Receiver: STCommandLineHandler
	Arguments and temporary variables: 
		aCommandLine: 	a CommandLineArguments
	Receiver's instance variables: 
		superclass: 	CommandLineHandler
		methodDict: 	a MethodDictionary(#activate->STCommandLineHandler>>#activate #[..]
		format: 	65541
		layout: 	a FixedLayout
		protocols: 	an Array(Protocol (private) - 3 selector(s) Protocol (installing[..]
		subclasses: 	{EvaluateCommandLineHandler}
		name: 	#STCommandLineHandler
		classPool: 	nil
		sharedPools: 	an OrderedCollection()
		environment: 	a SystemEnvironment(lots of globals)
		commentSourcePointer: 	60986524
		packageTag: 	a PackageTag(Base)


[ aCommandLinehandler activateWith: commandLine ] in PharoCommandLineHandler(BasicCommandLineHandler)>>activateSubCommand:
	Receiver: a PharoCommandLineHandler
	Arguments and temporary variables: 
		aCommandLinehandler: 	STCommandLineHandler
	Receiver's instance variables: 
		commandLine: 	a CommandLineArguments
		session: 	a WorkingSession
		stdout: 	a VTermOutputDriver
		stderr: 	a VTermOutputDriver


FullBlockClosure(BlockClosure)>>on:do:
	Receiver: [ aCommandLinehandler activateWith: commandLine ]
	Arguments and temporary variables: 
		exception: 	Exit
		handlerAction: 	[ :exit |
		^ self handleExit: exit for: aCommandLinehandler ]
	Receiver's instance variables: 
		outerContext: 	PharoCommandLineHandler(BasicCommandLineHandler)>>activateSub[..]
		compiledBlock: 	a CompiledBlock: [ aCommandLinehandler activateWith: command[..]
		numArgs: 	0
		receiver: 	a PharoCommandLineHandler


PharoCommandLineHandler(BasicCommandLineHandler)>>activateSubCommand:
	Receiver: a PharoCommandLineHandler
	Arguments and temporary variables: 
		aCommandLinehandler: 	STCommandLineHandler
	Receiver's instance variables: 
		commandLine: 	a CommandLineArguments
		session: 	a WorkingSession
		stdout: 	a VTermOutputDriver
		stderr: 	a VTermOutputDriver


PharoCommandLineHandler(BasicCommandLineHandler)>>handleSubcommand
	Receiver: a PharoCommandLineHandler
	Arguments and temporary variables: 
		handlers: 	an OrderedCollection(STCommandLineHandler)
	Receiver's instance variables: 
		commandLine: 	a CommandLineArguments
		session: 	a WorkingSession
		stdout: 	a VTermOutputDriver
		stderr: 	a VTermOutputDriver


PharoCommandLineHandler(BasicCommandLineHandler)>>handleArgument:
	Receiver: a PharoCommandLineHandler
	Arguments and temporary variables: 
		aString: 	'st'
	Receiver's instance variables: 
		commandLine: 	a CommandLineArguments
		session: 	a WorkingSession
		stdout: 	a VTermOutputDriver
		stderr: 	a VTermOutputDriver


[ self handleArgument: self firstArgument ] in [ [ self handleArgument: self firstArgument ]
		on: Exit
		do: [ :exit |
			"If the command line is protected by password, we just exit the image because in non-headless mode the handleExit will let the image open. If the password protection is enabled, it is to avoid to let the access to the image."
			self class commandLinePasswordManager hasPasswordSet
				ifTrue: [ Smalltalk snapshot: false andQuit: true ].
			self handleExit: exit ] ] in PharoCommandLineHandler(BasicCommandLineHandler)>>activate
	Receiver: a PharoCommandLineHandler
	Arguments and temporary variables: 
x
	Receiver's instance variables: 
		commandLine: 	a CommandLineArguments
		session: 	a WorkingSession
		stdout: 	a VTermOutputDriver
		stderr: 	a VTermOutputDriver


FullBlockClosure(BlockClosure)>>on:do:
	Receiver: [ self handleArgument: self firstArgument ]
	Arguments and temporary variables: 
		exception: 	Exit
		handlerAction: 	[ :exit |
			"If the command line is protected by password, [..]
	Receiver's instance variables: 
		outerContext: 	[ [ self handleArgument: self firstArgument ]
		on: Exit
		do[..]
		compiledBlock: 	a CompiledBlock: [ self handleArgument: self firstArgument ]
		numArgs: 	0
		receiver: 	a PharoCommandLineHandler


[ [ self handleArgument: self firstArgument ]
		on: Exit
		do: [ :exit |
			"If the command line is protected by password, we just exit the image because in non-headless mode the handleExit will let the image open. If the password protection is enabled, it is to avoid to let the access to the image."
			self class commandLinePasswordManager hasPasswordSet
				ifTrue: [ Smalltalk snapshot: false andQuit: true ].
			self handleExit: exit ] ] in PharoCommandLineHandler(BasicCommandLineHandler)>>activate
	Receiver: a PharoCommandLineHandler
	Arguments and temporary variables: 
x
	Receiver's instance variables: 
		commandLine: 	a CommandLineArguments
		session: 	a WorkingSession
		stdout: 	a VTermOutputDriver
		stderr: 	a VTermOutputDriver


[self value.
			"IMPORTANT: Do not step over next line of code. See method comments for details"
			Processor terminateRealActive] in FullBlockClosure(BlockClosure)>>newProcess
	Receiver: [ [ self handleArgument: self firstArgument ]
		on: Exit
		do: [ :exit |
			"If the co[..]
	Arguments and temporary variables: 
x
	Receiver's instance variables: 
		outerContext: 	PharoCommandLineHandler(BasicCommandLineHandler)>>activate
		compiledBlock: 	a CompiledBlock: [ [ self handleArgument: self firstArgument[..]
		numArgs: 	0
		receiver: 	a PharoCommandLineHandler



--- The full stack ---
SystemEnvironment(Dictionary)>>errorKeyNotFound:
[self errorKeyNotFound: key] in SystemEnvironment(Dictionary)>>at:
SystemEnvironment(Dictionary)>>at:ifAbsent:
SystemEnvironment(Dictionary)>>at:
[ :aBuilder |
		  | superclass converter |
		  superclass := self class environment at: superclassName asSymbol.

		  aBuilder
			  superclass: superclass;
			  environment: superclass environment;
			  name: subclassName;
			  layoutClass: layoutClass.
		  instanceVariableNames ifNotNil: [ aBuilder slotsFromString: instanceVariableNames ].
		  classVariableNames ifNotNil: [ aBuilder sharedVariablesFromString: classVariableNames ].
		
		  converter := CategoryConverter category: packageName environment: superclass environment.
		  aBuilder package: converter packageName.
		  aBuilder tag: converter tagName.

		  poolDictionariesNames ifNotNil: [ aBuilder sharedPoolsFromString: poolDictionariesNames ].
		  isTrait ifTrue: [ aBuilder beTrait ].
		  traitsDefinition ifNotNil: [ aBuilder traitComposition: (self class compiler evaluate: traitsDefinition) ] ] in OldClassDefinitionBuilder>>build
ShiftClassInstaller>>make:
ShiftClassInstaller class>>make:
OldClassDefinitionBuilder>>build
OldClassDefinitionBuilder class>>buildFromAST:
DoItChunk>>importFor:logSource:
[ :declaration |
		value := declaration importFor: nil logSource: logSource  ] in CodeImporter>>evaluate
OrderedCollection>>do:
CodeImporter>>evaluate
[ codeImporter evaluate ] in STCommandLineHandler>>installSourceFile:
FullBlockClosure(BlockClosure)>>on:do:
STCommandLineHandler>>handleErrorsDuring:reference:
STCommandLineHandler>>installSourceFile:
[ :reference |
		self installSourceFile: reference ] in [ sourceFiles do: [ :reference |
		self installSourceFile: reference ]
	] in STCommandLineHandler>>installSourceFiles
OrderedCollection>>do:
[ sourceFiles do: [ :reference |
		self installSourceFile: reference ]
	] in STCommandLineHandler>>installSourceFiles
FullBlockClosure(BlockClosure)>>ensure:
STCommandLineHandler>>installSourceFiles
STCommandLineHandler>>activate
STCommandLineHandler class(CommandLineHandler class)>>activateWith:
[ aCommandLinehandler activateWith: commandLine ] in PharoCommandLineHandler(BasicCommandLineHandler)>>activateSubCommand:
FullBlockClosure(BlockClosure)>>on:do:
PharoCommandLineHandler(BasicCommandLineHandler)>>activateSubCommand:
PharoCommandLineHandler(BasicCommandLineHandler)>>handleSubcommand
PharoCommandLineHandler(BasicCommandLineHandler)>>handleArgument:
[ self handleArgument: self firstArgument ] in [ [ self handleArgument: self firstArgument ]
		on: Exit
		do: [ :exit |
			"If the command line is protected by password, we just exit the image because in non-headless mode the handleExit will let the image open. If the password protection is enabled, it is to avoid to let the access to the image."
			self class commandLinePasswordManager hasPasswordSet
				ifTrue: [ Smalltalk snapshot: false andQuit: true ].
			self handleExit: exit ] ] in PharoCommandLineHandler(BasicCommandLineHandler)>>activate
FullBlockClosure(BlockClosure)>>on:do:
[ [ self handleArgument: self firstArgument ]
		on: Exit
		do: [ :exit |
			"If the command line is protected by password, we just exit the image because in non-headless mode the handleExit will let the image open. If the password protection is enabled, it is to avoid to let the access to the image."
			self class commandLinePasswordManager hasPasswordSet
				ifTrue: [ Smalltalk snapshot: false andQuit: true ].
			self handleExit: exit ] ] in PharoCommandLineHandler(BasicCommandLineHandler)>>activate
[self value.
			"IMPORTANT: Do not step over next line of code. See method comments for details"
			Processor terminateRealActive] in FullBlockClosure(BlockClosure)>>newProcess
-------------------------------------------------------------------------------

Processes and their stacks: 
Process: a Process in AtomicSharedQueue>>waitForNewItems
  stack:

AtomicSharedQueue>>waitForNewItems
AtomicSharedQueue>>next
TKTWorkerProcess>>privateNextTask
TKTWorkerProcess>>workerLoop
MessageSend>>value
[ aValuable value ] in TKTPharoProcessProvider>>createProcessDoing:named:
[self value.
			"IMPORTANT: Do not step over next line of code. See method comments for details"
			Processor terminateRealActive] in FullBlockClosure(BlockClosure)>>newProcess
------------------------------

Process: a Process in AtomicSharedQueue>>waitForNewItems
  stack:

AtomicSharedQueue>>waitForNewItems
AtomicSharedQueue>>next
TKTWorkerProcess>>privateNextTask
TKTWorkerProcess>>workerLoop
MessageSend>>value
[ aValuable value ] in TKTPharoProcessProvider>>createProcessDoing:named:
[self value.
			"IMPORTANT: Do not step over next line of code. See method comments for details"
			Processor terminateRealActive] in FullBlockClosure(BlockClosure)>>newProcess
------------------------------

Process: a Process in DelayMicrosecondTicker>>waitForUserSignalled:orExpired:
  stack:

DelayMicrosecondTicker>>waitForUserSignalled:orExpired:
[  [runTimerEventLoop] whileTrue:
		[	|nowTick|
			"Warning! Stepping <Over> the following line may lock the Image. Use <Into> or <Proceed>."
		 	ticker waitForUserSignalled: timingSemaphore orExpired: activeDelay.

			"Invoke the api back-ends, which set the transfer-variable to nil"
			suspendSemaphore ifNotNil: [ self suspendAtTimingPriority    ].
			delayToStart     ifNotNil: [ self scheduleAtTimingPriority   ].
			delayToStop      ifNotNil: [ self unscheduleAtTimingPriority ].

			"Signal any expired delays"
			nowTick := ticker nowTick.
			[ 	activeDelay isNotNil and: [nowTick >= activeDelay resumptionTick] ]
					whileTrue: [
						activeDelay timingPrioritySignalExpired.
						activeDelay := suspendedDelays removeFirstOrNil ].
		]
	] in DelaySemaphoreScheduler(DelayBasicScheduler)>>runBackendLoopAtTimingPriority
FullBlockClosure(BlockClosure)>>ensure:
DelaySemaphoreScheduler(DelayBasicScheduler)>>runBackendLoopAtTimingPriority
[ self runBackendLoopAtTimingPriority ] in DelaySemaphoreScheduler(DelayBasicScheduler)>>startTimerEventLoopPriority:
[self value.
			"IMPORTANT: Do not step over next line of code. See method comments for details"
			Processor terminateRealActive] in FullBlockClosure(BlockClosure)>>newProcess
------------------------------

Process: a Process in MorphicRenderLoop>>doOneCycleWhile:
  stack:

MorphicRenderLoop>>doOneCycleWhile:
[ MorphicRenderLoop new doOneCycleWhile: [ true ] ] in MorphicUIManager>>spawnNewProcess
[self value.
			"IMPORTANT: Do not step over next line of code. See method comments for details"
			Processor terminateRealActive] in FullBlockClosure(BlockClosure)>>newProcess
------------------------------

Process: a Process in Process>>endProcess
  stack:

Process>>endProcess
------------------------------

Process: a Process in Process>>endProcess
  stack:

Process>>endProcess
------------------------------

Process: a Process in Process>>endProcess
  stack:

Process>>endProcess
------------------------------

Process: a Process in Process>>endProcess
  stack:

Process>>endProcess
------------------------------

Process: a Process in Process>>endProcess
  stack:

Process>>endProcess
------------------------------

Process: a Process in SmalltalkImage>>lowSpaceWatcher
  stack:

SmalltalkImage>>lowSpaceWatcher
[ self lowSpaceWatcher ] in SmalltalkImage>>installLowSpaceWatcher
[self value.
			"IMPORTANT: Do not step over next line of code. See method comments for details"
			Processor terminateRealActive] in FullBlockClosure(BlockClosure)>>newProcess
------------------------------

Process: a Process in [self value.
			"IMPORTANT: Do not step over next line of code. See method comments for details"
			Processor terminateRealActive] in FullBlockClosure(BlockClosure)>>newProcess
  stack:

[self value.
			"IMPORTANT: Do not step over next line of code. See method comments for details"
			Processor terminateRealActive] in FullBlockClosure(BlockClosure)>>newProcess
------------------------------

Process: a Process in FinalizationProcess class>>finalizationProcess
  stack:

FinalizationProcess class>>finalizationProcess
[self finalizationProcess] in FinalizationProcess class>>restartFinalizationProcess
[self value.
			"IMPORTANT: Do not step over next line of code. See method comments for details"
			Processor terminateRealActive] in FullBlockClosure(BlockClosure)>>newProcess
------------------------------

Process: a Process in nil
  stack:

Array(SequenceableCollection)>>do:
[:logger |
		logger nextPutAll: 'Processes and their stacks: ';cr.

		Process allInstances do: [:each | | ctx |
			logger nextPutAll: 'Process: '; print: each; cr; nextPutAll: '  stack:'; cr; cr.

			ctx := each isActive ifTrue: [ thisContext sender ] ifFalse: [ each suspendedContext ].
			ctx ifNotNil: [
				(ctx stackOfSize: 20) do: [:s | logger print: s; cr ]].
			logger nextPutAll: '------------------------------'; cr; cr.
		]] in [ Smalltalk
		logError: aString
		inContext: aContext.

	" Print stacks of all current processes "

	Smalltalk logDuring: [:logger |
		logger nextPutAll: 'Processes and their stacks: ';cr.

		Process allInstances do: [:each | | ctx |
			logger nextPutAll: 'Process: '; print: each; cr; nextPutAll: '  stack:'; cr; cr.

			ctx := each isActive ifTrue: [ thisContext sender ] ifFalse: [ each suspendedContext ].
			ctx ifNotNil: [
				(ctx stackOfSize: 20) do: [:s | logger print: s; cr ]].
			logger nextPutAll: '------------------------------'; cr; cr.
		]].
	] in NonInteractiveUIManager(CommandLineUIManager)>>quitFrom:withMessage:
[
		logStream := self openLog.
		aMonadicBlock value: logStream.
	] in SmalltalkImage>>logDuring:
FullBlockClosure(BlockClosure)>>ensure:
SmalltalkImage>>logDuring:
[ Smalltalk
		logError: aString
		inContext: aContext.

	" Print stacks of all current processes "

	Smalltalk logDuring: [:logger |
		logger nextPutAll: 'Processes and their stacks: ';cr.

		Process allInstances do: [:each | | ctx |
			logger nextPutAll: 'Process: '; print: each; cr; nextPutAll: '  stack:'; cr; cr.

			ctx := each isActive ifTrue: [ thisContext sender ] ifFalse: [ each suspendedContext ].
			ctx ifNotNil: [
				(ctx stackOfSize: 20) do: [:s | logger print: s; cr ]].
			logger nextPutAll: '------------------------------'; cr; cr.
		]].
	] in NonInteractiveUIManager(CommandLineUIManager)>>quitFrom:withMessage:
FullBlockClosure(BlockClosure)>>ensure:
NonInteractiveUIManager(CommandLineUIManager)>>quitFrom:withMessage:
NonInteractiveUIManager(CommandLineUIManager)>>handleError:log:
NonInteractiveUIManager(UIManager)>>handleError:
Process>>handleError:
KeyNotFound(Exception)>>unhandledErrorAction
UnhandledError>>defaultAction
UndefinedObject>>handleSignal:
Context>>handleSignal:
Context>>handleSignal:
Context>>handleSignal:
UnhandledError(Exception)>>signal
UnhandledError class>>signalForException:
KeyNotFound(Exception)>>raiseUnhandledError
------------------------------

Process: a Process in Process>>endProcess
  stack:

Process>>endProcess
------------------------------

Process: a Process in Process>>endProcess
  stack:

Process>>endProcess
------------------------------

Process: a Process in Process>>endProcess
  stack:

Process>>endProcess
------------------------------

Process: a Process in [
		[ true ] whileTrue: [
			semaphore wait.
			[self executeCallback: self nextPendingCallback]
				on: Exception fork:  [:ex | ex pass ] ] ] in TFCallbackQueue>>forkCallbackProcess
  stack:

[
		[ true ] whileTrue: [
			semaphore wait.
			[self executeCallback: self nextPendingCallback]
				on: Exception fork:  [:ex | ex pass ] ] ] in TFCallbackQueue>>forkCallbackProcess
[self value.
			"IMPORTANT: Do not step over next line of code. See method comments for details"
			Processor terminateRealActive] in FullBlockClosure(BlockClosure)>>newProcess
------------------------------

Process: a Process in Process>>endProcess
  stack:

Process>>endProcess
------------------------------


===============================================================================
Notice: Errors in script loaded from PremiumRide.st
===============================================================================
THERE_BE_DRAGONS_HERE
KeyNotFound: key #Ride not found in SystemEnvironment
2 October 2026 9:54:43.618978 pm

VM: Mac OS - arm64 - 1000 - CoInterpreter VMMaker-tonel.1 uuid: 80e43a52-2018-0e00-bce4-820906d86bc4 Sep 18 2026
StackToRegisterMappingCogit VMMaker-tonel.1 uuid: 80e43a52-2018-0e00-bce4-820906d86bc4 Sep 18 2026
v10.3.11+0.a585304b1 - Commit: a585304b1 - Date: 2026-09-16 09:19:54 +0200

Image: Pharo13.1.0SNAPSHOT [Build information: Pharo-13.1.0+SNAPSHOT.build.749.sha.d7c6f761d5445e8b04a0aa5137e0d546ad9bcd89 (64 Bit)]

SystemEnvironment(Dictionary)>>errorKeyNotFound:
	Receiver: a SystemEnvironment(lots of globals)
	Arguments and temporary variables: 
		aKey: 	#Ride
	Receiver's instance variables: 
		tally: 	10841
		array: 	an Array(#SpMockBackend->SpMockBackend #PragmaMenuBuilder->PragmaMen[..]
		cachedClassNames: 	an OrderedCollection(#AColorSelectorMorph #AIAstar #AIAst[..]
		cachedNonClassNames: 	an OrderedCollection(#ASTAbstractBlockVisitor #ASTAbst[..]
		cachedBehaviors: 	an OrderedCollection(AColorSelectorMorph AColorSelectorMor[..]
		pseudoVariables: 	a Dictionary(#self->self #super->super #thisContext->thisC[..]


[self errorKeyNotFound: key] in SystemEnvironment(Dictionary)>>at:
	Receiver: a SystemEnvironment(lots of globals)
	Arguments and temporary variables: 
		key: 	#Ride
	Receiver's instance variables: 
		tally: 	10841
		array: 	an Array(#SpMockBackend->SpMockBackend #PragmaMenuBuilder->PragmaMen[..]
		cachedClassNames: 	an OrderedCollection(#AColorSelectorMorph #AIAstar #AIAst[..]
		cachedNonClassNames: 	an OrderedCollection(#ASTAbstractBlockVisitor #ASTAbst[..]
		cachedBehaviors: 	an OrderedCollection(AColorSelectorMorph AColorSelectorMor[..]
		pseudoVariables: 	a Dictionary(#self->self #super->super #thisContext->thisC[..]


SystemEnvironment(Dictionary)>>at:ifAbsent:
	Receiver: a SystemEnvironment(lots of globals)
	Arguments and temporary variables: 
		key: 	#Ride
		aBlock: 	[self errorKeyNotFound: key]
	Receiver's instance variables: 
		tally: 	10841
		array: 	an Array(#SpMockBackend->SpMockBackend #PragmaMenuBuilder->PragmaMen[..]
		cachedClassNames: 	an OrderedCollection(#AColorSelectorMorph #AIAstar #AIAst[..]
		cachedNonClassNames: 	an OrderedCollection(#ASTAbstractBlockVisitor #ASTAbst[..]
		cachedBehaviors: 	an OrderedCollection(AColorSelectorMorph AColorSelectorMor[..]
		pseudoVariables: 	a Dictionary(#self->self #super->super #thisContext->thisC[..]


SystemEnvironment(Dictionary)>>at:
	Receiver: a SystemEnvironment(lots of globals)
	Arguments and temporary variables: 
		key: 	#Ride
	Receiver's instance variables: 
		tally: 	10841
		array: 	an Array(#SpMockBackend->SpMockBackend #PragmaMenuBuilder->PragmaMen[..]
		cachedClassNames: 	an OrderedCollection(#AColorSelectorMorph #AIAstar #AIAst[..]
		cachedNonClassNames: 	an OrderedCollection(#ASTAbstractBlockVisitor #ASTAbst[..]
		cachedBehaviors: 	an OrderedCollection(AColorSelectorMorph AColorSelectorMor[..]
		pseudoVariables: 	a Dictionary(#self->self #super->super #thisContext->thisC[..]


[ :aBuilder |
		  | superclass converter |
		  superclass := self class environment at: superclassName asSymbol.

		  aBuilder
			  superclass: superclass;
			  environment: superclass environment;
			  name: subclassName;
			  layoutClass: layoutClass.
		  instanceVariableNames ifNotNil: [ aBuilder slotsFromString: instanceVariableNames ].
		  classVariableNames ifNotNil: [ aBuilder sharedVariablesFromString: classVariableNames ].
		
		  converter := CategoryConverter category: packageName environment: superclass environment.
		  aBuilder package: converter packageName.
		  aBuilder tag: converter tagName.

		  poolDictionariesNames ifNotNil: [ aBuilder sharedPoolsFromString: poolDictionariesNames ].
		  isTrait ifTrue: [ aBuilder beTrait ].
		  traitsDefinition ifNotNil: [ aBuilder traitComposition: (self class compiler evaluate: traitsDefinition) ] ] in OldClassDefinitionBuilder>>build
	Receiver: an OldClassDefinitionBuilder
	Arguments and temporary variables: 
		selectorParts: 	an OrderedCollection('subclass' 'instanceVariableNames' 'cla[..]
		superclassName: 	'Ride'
		layoutClass: 	FixedLayout
		subclassName: 	#PremiumRide
		instanceVariableNames: 	''
		classVariableNames: 	''
		packageName: 	'RideSharing'
		poolDictionariesNames: 	nil
		traitsDefinition: 	nil
		isTrait: 	false
		aBuilder: 	a ShiftClassBuilder
		superclass: 	nil
		converter: 	nil
	Receiver's instance variables: 
		ast: 	OCMessageNode(Ride
	subclass: #PremiumRide
	instanceVariableNames: ''
[..]


ShiftClassInstaller>>make:
	Receiver: a ShiftClassInstaller
	Arguments and temporary variables: 
		aBlock: 	[ :aBuilder |
		  | superclass converter |
		  superclass := self c[..]
	Receiver's instance variables: 
		builder: 	a ShiftClassBuilder


ShiftClassInstaller class>>make:
	Receiver: ShiftClassInstaller
	Arguments and temporary variables: 
		aBlock: 	[ :aBuilder |
		  | superclass converter |
		  superclass := self c[..]
	Receiver's instance variables: 
		superclass: 	Object
		methodDict: 	a MethodDictionary(#builder->ShiftClassInstaller>>#builder #com[..]
		format: 	65537
		layout: 	a FixedLayout
		protocols: 	an Array(Protocol (accessing) - 4 selector(s) Protocol (copying)[..]
		subclasses: 	{ShiftAnonymousClassInstaller}
		name: 	#ShiftClassInstaller
		classPool: 	a Dictionary()
		sharedPools: 	an OrderedCollection()
		environment: 	a SystemEnvironment(lots of globals)
		commentSourcePointer: 	62738680
		packageTag: 	a PackageTag(Installer)


OldClassDefinitionBuilder>>build
	Receiver: an OldClassDefinitionBuilder
	Arguments and temporary variables: 
		layoutClass: 	FixedLayout
		subclassName: 	#PremiumRide
		instanceVariableNames: 	''
		classVariableNames: 	''
		packageName: 	'RideSharing'
		poolDictionariesNames: 	nil
		traitsDefinition: 	nil
		isTrait: 	false
		selectorParts: 	an OrderedCollection('subclass' 'instanceVariableNames' 'cla[..]
		superclassName: 	'Ride'
	Receiver's instance variables: 
		ast: 	OCMessageNode(Ride
	subclass: #PremiumRide
	instanceVariableNames: ''
[..]


OldClassDefinitionBuilder class>>buildFromAST:
	Receiver: OldClassDefinitionBuilder
	Arguments and temporary variables: 
		ast: 	OCMessageNode(Ride
	subclass: #PremiumRide
	instanceVariableNames: ''
[..]
	Receiver's instance variables: 
		superclass: 	Object
		methodDict: 	a MethodDictionary(#ast->OldClassDefinitionBuilder>>#ast #ast:-[..]
		format: 	65537
		layout: 	a FixedLayout
		protocols: 	an Array(Protocol (building) - 1 selector(s) Protocol (accessing[..]
		subclasses: 	nil
		name: 	#OldClassDefinitionBuilder
		classPool: 	nil
		sharedPools: 	an OrderedCollection()
		environment: 	a SystemEnvironment(lots of globals)
		commentSourcePointer: 	42276418
		packageTag: 	a PackageTag(Chunks)


DoItChunk>>importFor:logSource:
	Receiver: a DoItChunk(Ride subclass: #PremiumRide
    instanceVariableNames: ''
    classVariabl[..]
	Arguments and temporary variables: 
		requestor: 	nil
		logSource: 	true
		ast: 	OCMessageNode(Ride
	subclass: #PremiumRide
	instanceVariableNames: ''
[..]
	Receiver's instance variables: 
		contents: 	'Ride subclass: #PremiumRide
    instanceVariableNames: ''''
    [..]


[ :declaration |
		value := declaration importFor: nil logSource: logSource  ] in CodeImporter>>evaluate
	Receiver: a CodeImporter
	Arguments and temporary variables: 
		value: 	nil
		declaration: 	a DoItChunk(Ride subclass: #PremiumRide
    instanceVariableNa[..]
	Receiver's instance variables: 
		readStream: 	a ZnCharacterReadStream
		codeDeclarations: 	an OrderedCollection(a DoItChunk(Ride subclass: #PremiumR[..]
		parserClass: 	ChunkFileFormatParser
		logSource: 	true


OrderedCollection>>do:
	Receiver: an OrderedCollection(a DoItChunk(Ride subclass: #PremiumRide
    instanceVariableNames[..]
	Arguments and temporary variables: 
		aBlock: 	[ :declaration |
		value := declaration importFor: nil logSource: l[..]
		index: 	1
	Receiver's instance variables: 
		array: 	an Array(a DoItChunk(Ride subclass: #PremiumRide
    instanceVariabl[..]
		firstIndex: 	1
		lastIndex: 	3


CodeImporter>>evaluate
	Receiver: a CodeImporter
	Arguments and temporary variables: 
		value: 	nil
	Receiver's instance variables: 
		readStream: 	a ZnCharacterReadStream
		codeDeclarations: 	an OrderedCollection(a DoItChunk(Ride subclass: #PremiumR[..]
		parserClass: 	ChunkFileFormatParser
		logSource: 	true


[ codeImporter evaluate ] in STCommandLineHandler>>installSourceFile:
	Receiver: a STCommandLineHandler
	Arguments and temporary variables: 
		aReference: 	a File
		codeImporter: 	a CodeImporter
	Receiver's instance variables: 
		commandLine: 	a CommandLineArguments
		session: 	a WorkingSession
		stdout: 	a VTermOutputDriver
		stderr: 	a VTermOutputDriver
		sourceFiles: 	an OrderedCollection(a File)


FullBlockClosure(BlockClosure)>>on:do:
	Receiver: [ codeImporter evaluate ]
	Arguments and temporary variables: 
		exception: 	Error
		handlerAction: 	[ :e | self handleError: e reference: aReference ]
	Receiver's instance variables: 
		outerContext: 	STCommandLineHandler>>installSourceFile:
		compiledBlock: 	a CompiledBlock: [ codeImporter evaluate ]
		numArgs: 	0
		receiver: 	a STCommandLineHandler


STCommandLineHandler>>handleErrorsDuring:reference:
	Receiver: a STCommandLineHandler
	Arguments and temporary variables: 
		aBlock: 	[ codeImporter evaluate ]
		aReference: 	a File
	Receiver's instance variables: 
		commandLine: 	a CommandLineArguments
		session: 	a WorkingSession
		stdout: 	a VTermOutputDriver
		stderr: 	a VTermOutputDriver
		sourceFiles: 	an OrderedCollection(a File)


STCommandLineHandler>>installSourceFile:
	Receiver: a STCommandLineHandler
	Arguments and temporary variables: 
		codeImporter: 	a CodeImporter
		aReference: 	a File
	Receiver's instance variables: 
		commandLine: 	a CommandLineArguments
		session: 	a WorkingSession
		stdout: 	a VTermOutputDriver
		stderr: 	a VTermOutputDriver
		sourceFiles: 	an OrderedCollection(a File)


[ :reference |
		self installSourceFile: reference ] in [ sourceFiles do: [ :reference |
		self installSourceFile: reference ]
	] in STCommandLineHandler>>installSourceFiles
	Receiver: a STCommandLineHandler
	Arguments and temporary variables: 
		reference: 	a File
	Receiver's instance variables: 
		commandLine: 	a CommandLineArguments
		session: 	a WorkingSession
		stdout: 	a VTermOutputDriver
		stderr: 	a VTermOutputDriver
		sourceFiles: 	an OrderedCollection(a File)


OrderedCollection>>do:
	Receiver: an OrderedCollection(a File)
	Arguments and temporary variables: 
		aBlock: 	[ :reference |
		self installSourceFile: reference ]
		index: 	1
	Receiver's instance variables: 
		array: 	an Array(a File)
		firstIndex: 	1
		lastIndex: 	1


[ sourceFiles do: [ :reference |
		self installSourceFile: reference ]
	] in STCommandLineHandler>>installSourceFiles
	Receiver: a STCommandLineHandler
	Arguments and temporary variables: 
x
	Receiver's instance variables: 
		commandLine: 	a CommandLineArguments
		session: 	a WorkingSession
		stdout: 	a VTermOutputDriver
		stderr: 	a VTermOutputDriver
		sourceFiles: 	an OrderedCollection(a File)


FullBlockClosure(BlockClosure)>>ensure:
	Receiver: [ sourceFiles do: [ :reference |
		self installSourceFile: reference ]
	]
	Arguments and temporary variables: 
		aBlock: 	[ sourceFiles := nil ]
		handler: 	[ sourceFiles := nil ]
		complete: 	nil
		returnValue: 	nil
	Receiver's instance variables: 
		outerContext: 	STCommandLineHandler>>installSourceFiles
		compiledBlock: 	a CompiledBlock: [ sourceFiles do: [ :reference |
		self ins[..]
		numArgs: 	0
		receiver: 	a STCommandLineHandler


STCommandLineHandler>>installSourceFiles
	Receiver: a STCommandLineHandler
	Arguments and temporary variables: 
x
	Receiver's instance variables: 
		commandLine: 	a CommandLineArguments
		session: 	a WorkingSession
		stdout: 	a VTermOutputDriver
		stderr: 	a VTermOutputDriver
		sourceFiles: 	an OrderedCollection(a File)


STCommandLineHandler>>activate
	Receiver: a STCommandLineHandler
	Arguments and temporary variables: 
x
	Receiver's instance variables: 
		commandLine: 	a CommandLineArguments
		session: 	a WorkingSession
		stdout: 	a VTermOutputDriver
		stderr: 	a VTermOutputDriver
		sourceFiles: 	an OrderedCollection(a File)


STCommandLineHandler class(CommandLineHandler class)>>activateWith:
	Receiver: STCommandLineHandler
	Arguments and temporary variables: 
		aCommandLine: 	a CommandLineArguments
	Receiver's instance variables: 
		superclass: 	CommandLineHandler
		methodDict: 	a MethodDictionary(#activate->STCommandLineHandler>>#activate #[..]
		format: 	65541
		layout: 	a FixedLayout
		protocols: 	an Array(Protocol (private) - 3 selector(s) Protocol (installing[..]
		subclasses: 	{EvaluateCommandLineHandler}
		name: 	#STCommandLineHandler
		classPool: 	nil
		sharedPools: 	an OrderedCollection()
		environment: 	a SystemEnvironment(lots of globals)
		commentSourcePointer: 	60986524
		packageTag: 	a PackageTag(Base)


[ aCommandLinehandler activateWith: commandLine ] in PharoCommandLineHandler(BasicCommandLineHandler)>>activateSubCommand:
	Receiver: a PharoCommandLineHandler
	Arguments and temporary variables: 
		aCommandLinehandler: 	STCommandLineHandler
	Receiver's instance variables: 
		commandLine: 	a CommandLineArguments
		session: 	a WorkingSession
		stdout: 	a VTermOutputDriver
		stderr: 	a VTermOutputDriver


FullBlockClosure(BlockClosure)>>on:do:
	Receiver: [ aCommandLinehandler activateWith: commandLine ]
	Arguments and temporary variables: 
		exception: 	Exit
		handlerAction: 	[ :exit |
		^ self handleExit: exit for: aCommandLinehandler ]
	Receiver's instance variables: 
		outerContext: 	PharoCommandLineHandler(BasicCommandLineHandler)>>activateSub[..]
		compiledBlock: 	a CompiledBlock: [ aCommandLinehandler activateWith: command[..]
		numArgs: 	0
		receiver: 	a PharoCommandLineHandler


PharoCommandLineHandler(BasicCommandLineHandler)>>activateSubCommand:
	Receiver: a PharoCommandLineHandler
	Arguments and temporary variables: 
		aCommandLinehandler: 	STCommandLineHandler
	Receiver's instance variables: 
		commandLine: 	a CommandLineArguments
		session: 	a WorkingSession
		stdout: 	a VTermOutputDriver
		stderr: 	a VTermOutputDriver


PharoCommandLineHandler(BasicCommandLineHandler)>>handleSubcommand
	Receiver: a PharoCommandLineHandler
	Arguments and temporary variables: 
		handlers: 	an OrderedCollection(STCommandLineHandler)
	Receiver's instance variables: 
		commandLine: 	a CommandLineArguments
		session: 	a WorkingSession
		stdout: 	a VTermOutputDriver
		stderr: 	a VTermOutputDriver


PharoCommandLineHandler(BasicCommandLineHandler)>>handleArgument:
	Receiver: a PharoCommandLineHandler
	Arguments and temporary variables: 
		aString: 	'st'
	Receiver's instance variables: 
		commandLine: 	a CommandLineArguments
		session: 	a WorkingSession
		stdout: 	a VTermOutputDriver
		stderr: 	a VTermOutputDriver


[ self handleArgument: self firstArgument ] in [ [ self handleArgument: self firstArgument ]
		on: Exit
		do: [ :exit |
			"If the command line is protected by password, we just exit the image because in non-headless mode the handleExit will let the image open. If the password protection is enabled, it is to avoid to let the access to the image."
			self class commandLinePasswordManager hasPasswordSet
				ifTrue: [ Smalltalk snapshot: false andQuit: true ].
			self handleExit: exit ] ] in PharoCommandLineHandler(BasicCommandLineHandler)>>activate
	Receiver: a PharoCommandLineHandler
	Arguments and temporary variables: 
x
	Receiver's instance variables: 
		commandLine: 	a CommandLineArguments
		session: 	a WorkingSession
		stdout: 	a VTermOutputDriver
		stderr: 	a VTermOutputDriver


FullBlockClosure(BlockClosure)>>on:do:
	Receiver: [ self handleArgument: self firstArgument ]
	Arguments and temporary variables: 
		exception: 	Exit
		handlerAction: 	[ :exit |
			"If the command line is protected by password, [..]
	Receiver's instance variables: 
		outerContext: 	[ [ self handleArgument: self firstArgument ]
		on: Exit
		do[..]
		compiledBlock: 	a CompiledBlock: [ self handleArgument: self firstArgument ]
		numArgs: 	0
		receiver: 	a PharoCommandLineHandler


[ [ self handleArgument: self firstArgument ]
		on: Exit
		do: [ :exit |
			"If the command line is protected by password, we just exit the image because in non-headless mode the handleExit will let the image open. If the password protection is enabled, it is to avoid to let the access to the image."
			self class commandLinePasswordManager hasPasswordSet
				ifTrue: [ Smalltalk snapshot: false andQuit: true ].
			self handleExit: exit ] ] in PharoCommandLineHandler(BasicCommandLineHandler)>>activate
	Receiver: a PharoCommandLineHandler
	Arguments and temporary variables: 
x
	Receiver's instance variables: 
		commandLine: 	a CommandLineArguments
		session: 	a WorkingSession
		stdout: 	a VTermOutputDriver
		stderr: 	a VTermOutputDriver


[self value.
			"IMPORTANT: Do not step over next line of code. See method comments for details"
			Processor terminateRealActive] in FullBlockClosure(BlockClosure)>>newProcess
	Receiver: [ [ self handleArgument: self firstArgument ]
		on: Exit
		do: [ :exit |
			"If the co[..]
	Arguments and temporary variables: 
x
	Receiver's instance variables: 
		outerContext: 	PharoCommandLineHandler(BasicCommandLineHandler)>>activate
		compiledBlock: 	a CompiledBlock: [ [ self handleArgument: self firstArgument[..]
		numArgs: 	0
		receiver: 	a PharoCommandLineHandler



--- The full stack ---
SystemEnvironment(Dictionary)>>errorKeyNotFound:
[self errorKeyNotFound: key] in SystemEnvironment(Dictionary)>>at:
SystemEnvironment(Dictionary)>>at:ifAbsent:
SystemEnvironment(Dictionary)>>at:
[ :aBuilder |
		  | superclass converter |
		  superclass := self class environment at: superclassName asSymbol.

		  aBuilder
			  superclass: superclass;
			  environment: superclass environment;
			  name: subclassName;
			  layoutClass: layoutClass.
		  instanceVariableNames ifNotNil: [ aBuilder slotsFromString: instanceVariableNames ].
		  classVariableNames ifNotNil: [ aBuilder sharedVariablesFromString: classVariableNames ].
		
		  converter := CategoryConverter category: packageName environment: superclass environment.
		  aBuilder package: converter packageName.
		  aBuilder tag: converter tagName.

		  poolDictionariesNames ifNotNil: [ aBuilder sharedPoolsFromString: poolDictionariesNames ].
		  isTrait ifTrue: [ aBuilder beTrait ].
		  traitsDefinition ifNotNil: [ aBuilder traitComposition: (self class compiler evaluate: traitsDefinition) ] ] in OldClassDefinitionBuilder>>build
ShiftClassInstaller>>make:
ShiftClassInstaller class>>make:
OldClassDefinitionBuilder>>build
OldClassDefinitionBuilder class>>buildFromAST:
DoItChunk>>importFor:logSource:
[ :declaration |
		value := declaration importFor: nil logSource: logSource  ] in CodeImporter>>evaluate
OrderedCollection>>do:
CodeImporter>>evaluate
[ codeImporter evaluate ] in STCommandLineHandler>>installSourceFile:
FullBlockClosure(BlockClosure)>>on:do:
STCommandLineHandler>>handleErrorsDuring:reference:
STCommandLineHandler>>installSourceFile:
[ :reference |
		self installSourceFile: reference ] in [ sourceFiles do: [ :reference |
		self installSourceFile: reference ]
	] in STCommandLineHandler>>installSourceFiles
OrderedCollection>>do:
[ sourceFiles do: [ :reference |
		self installSourceFile: reference ]
	] in STCommandLineHandler>>installSourceFiles
FullBlockClosure(BlockClosure)>>ensure:
STCommandLineHandler>>installSourceFiles
STCommandLineHandler>>activate
STCommandLineHandler class(CommandLineHandler class)>>activateWith:
[ aCommandLinehandler activateWith: commandLine ] in PharoCommandLineHandler(BasicCommandLineHandler)>>activateSubCommand:
FullBlockClosure(BlockClosure)>>on:do:
PharoCommandLineHandler(BasicCommandLineHandler)>>activateSubCommand:
PharoCommandLineHandler(BasicCommandLineHandler)>>handleSubcommand
PharoCommandLineHandler(BasicCommandLineHandler)>>handleArgument:
[ self handleArgument: self firstArgument ] in [ [ self handleArgument: self firstArgument ]
		on: Exit
		do: [ :exit |
			"If the command line is protected by password, we just exit the image because in non-headless mode the handleExit will let the image open. If the password protection is enabled, it is to avoid to let the access to the image."
			self class commandLinePasswordManager hasPasswordSet
				ifTrue: [ Smalltalk snapshot: false andQuit: true ].
			self handleExit: exit ] ] in PharoCommandLineHandler(BasicCommandLineHandler)>>activate
FullBlockClosure(BlockClosure)>>on:do:
[ [ self handleArgument: self firstArgument ]
		on: Exit
		do: [ :exit |
			"If the command line is protected by password, we just exit the image because in non-headless mode the handleExit will let the image open. If the password protection is enabled, it is to avoid to let the access to the image."
			self class commandLinePasswordManager hasPasswordSet
				ifTrue: [ Smalltalk snapshot: false andQuit: true ].
			self handleExit: exit ] ] in PharoCommandLineHandler(BasicCommandLineHandler)>>activate
[self value.
			"IMPORTANT: Do not step over next line of code. See method comments for details"
			Processor terminateRealActive] in FullBlockClosure(BlockClosure)>>newProcess
-------------------------------------------------------------------------------

Processes and their stacks: 
Process: a Process in AtomicSharedQueue>>waitForNewItems
  stack:

AtomicSharedQueue>>waitForNewItems
AtomicSharedQueue>>next
TKTWorkerProcess>>privateNextTask
TKTWorkerProcess>>workerLoop
MessageSend>>value
[ aValuable value ] in TKTPharoProcessProvider>>createProcessDoing:named:
[self value.
			"IMPORTANT: Do not step over next line of code. See method comments for details"
			Processor terminateRealActive] in FullBlockClosure(BlockClosure)>>newProcess
------------------------------

Process: a Process in AtomicSharedQueue>>waitForNewItems
  stack:

AtomicSharedQueue>>waitForNewItems
AtomicSharedQueue>>next
TKTWorkerProcess>>privateNextTask
TKTWorkerProcess>>workerLoop
MessageSend>>value
[ aValuable value ] in TKTPharoProcessProvider>>createProcessDoing:named:
[self value.
			"IMPORTANT: Do not step over next line of code. See method comments for details"
			Processor terminateRealActive] in FullBlockClosure(BlockClosure)>>newProcess
------------------------------

Process: a Process in DelayMicrosecondTicker>>waitForUserSignalled:orExpired:
  stack:

DelayMicrosecondTicker>>waitForUserSignalled:orExpired:
[  [runTimerEventLoop] whileTrue:
		[	|nowTick|
			"Warning! Stepping <Over> the following line may lock the Image. Use <Into> or <Proceed>."
		 	ticker waitForUserSignalled: timingSemaphore orExpired: activeDelay.

			"Invoke the api back-ends, which set the transfer-variable to nil"
			suspendSemaphore ifNotNil: [ self suspendAtTimingPriority    ].
			delayToStart     ifNotNil: [ self scheduleAtTimingPriority   ].
			delayToStop      ifNotNil: [ self unscheduleAtTimingPriority ].

			"Signal any expired delays"
			nowTick := ticker nowTick.
			[ 	activeDelay isNotNil and: [nowTick >= activeDelay resumptionTick] ]
					whileTrue: [
						activeDelay timingPrioritySignalExpired.
						activeDelay := suspendedDelays removeFirstOrNil ].
		]
	] in DelaySemaphoreScheduler(DelayBasicScheduler)>>runBackendLoopAtTimingPriority
FullBlockClosure(BlockClosure)>>ensure:
DelaySemaphoreScheduler(DelayBasicScheduler)>>runBackendLoopAtTimingPriority
[ self runBackendLoopAtTimingPriority ] in DelaySemaphoreScheduler(DelayBasicScheduler)>>startTimerEventLoopPriority:
[self value.
			"IMPORTANT: Do not step over next line of code. See method comments for details"
			Processor terminateRealActive] in FullBlockClosure(BlockClosure)>>newProcess
------------------------------

Process: a Process in MorphicRenderLoop>>doOneCycleWhile:
  stack:

MorphicRenderLoop>>doOneCycleWhile:
[ MorphicRenderLoop new doOneCycleWhile: [ true ] ] in MorphicUIManager>>spawnNewProcess
[self value.
			"IMPORTANT: Do not step over next line of code. See method comments for details"
			Processor terminateRealActive] in FullBlockClosure(BlockClosure)>>newProcess
------------------------------

Process: a Process in Process>>endProcess
  stack:

Process>>endProcess
------------------------------

Process: a Process in Process>>endProcess
  stack:

Process>>endProcess
------------------------------

Process: a Process in Process>>endProcess
  stack:

Process>>endProcess
------------------------------

Process: a Process in Process>>endProcess
  stack:

Process>>endProcess
------------------------------

Process: a Process in Process>>endProcess
  stack:

Process>>endProcess
------------------------------

Process: a Process in SmalltalkImage>>lowSpaceWatcher
  stack:

SmalltalkImage>>lowSpaceWatcher
[ self lowSpaceWatcher ] in SmalltalkImage>>installLowSpaceWatcher
[self value.
			"IMPORTANT: Do not step over next line of code. See method comments for details"
			Processor terminateRealActive] in FullBlockClosure(BlockClosure)>>newProcess
------------------------------

Process: a Process in [self value.
			"IMPORTANT: Do not step over next line of code. See method comments for details"
			Processor terminateRealActive] in FullBlockClosure(BlockClosure)>>newProcess
  stack:

[self value.
			"IMPORTANT: Do not step over next line of code. See method comments for details"
			Processor terminateRealActive] in FullBlockClosure(BlockClosure)>>newProcess
------------------------------

Process: a Process in FinalizationProcess class>>finalizationProcess
  stack:

FinalizationProcess class>>finalizationProcess
[self finalizationProcess] in FinalizationProcess class>>restartFinalizationProcess
[self value.
			"IMPORTANT: Do not step over next line of code. See method comments for details"
			Processor terminateRealActive] in FullBlockClosure(BlockClosure)>>newProcess
------------------------------

Process: a Process in nil
  stack:

Array(SequenceableCollection)>>do:
[:logger |
		logger nextPutAll: 'Processes and their stacks: ';cr.

		Process allInstances do: [:each | | ctx |
			logger nextPutAll: 'Process: '; print: each; cr; nextPutAll: '  stack:'; cr; cr.

			ctx := each isActive ifTrue: [ thisContext sender ] ifFalse: [ each suspendedContext ].
			ctx ifNotNil: [
				(ctx stackOfSize: 20) do: [:s | logger print: s; cr ]].
			logger nextPutAll: '------------------------------'; cr; cr.
		]] in [ Smalltalk
		logError: aString
		inContext: aContext.

	" Print stacks of all current processes "

	Smalltalk logDuring: [:logger |
		logger nextPutAll: 'Processes and their stacks: ';cr.

		Process allInstances do: [:each | | ctx |
			logger nextPutAll: 'Process: '; print: each; cr; nextPutAll: '  stack:'; cr; cr.

			ctx := each isActive ifTrue: [ thisContext sender ] ifFalse: [ each suspendedContext ].
			ctx ifNotNil: [
				(ctx stackOfSize: 20) do: [:s | logger print: s; cr ]].
			logger nextPutAll: '------------------------------'; cr; cr.
		]].
	] in NonInteractiveUIManager(CommandLineUIManager)>>quitFrom:withMessage:
[
		logStream := self openLog.
		aMonadicBlock value: logStream.
	] in SmalltalkImage>>logDuring:
FullBlockClosure(BlockClosure)>>ensure:
SmalltalkImage>>logDuring:
[ Smalltalk
		logError: aString
		inContext: aContext.

	" Print stacks of all current processes "

	Smalltalk logDuring: [:logger |
		logger nextPutAll: 'Processes and their stacks: ';cr.

		Process allInstances do: [:each | | ctx |
			logger nextPutAll: 'Process: '; print: each; cr; nextPutAll: '  stack:'; cr; cr.

			ctx := each isActive ifTrue: [ thisContext sender ] ifFalse: [ each suspendedContext ].
			ctx ifNotNil: [
				(ctx stackOfSize: 20) do: [:s | logger print: s; cr ]].
			logger nextPutAll: '------------------------------'; cr; cr.
		]].
	] in NonInteractiveUIManager(CommandLineUIManager)>>quitFrom:withMessage:
FullBlockClosure(BlockClosure)>>ensure:
NonInteractiveUIManager(CommandLineUIManager)>>quitFrom:withMessage:
NonInteractiveUIManager(CommandLineUIManager)>>handleError:log:
NonInteractiveUIManager(UIManager)>>handleError:
Process>>handleError:
KeyNotFound(Exception)>>unhandledErrorAction
UnhandledError>>defaultAction
UndefinedObject>>handleSignal:
Context>>handleSignal:
Context>>handleSignal:
Context>>handleSignal:
UnhandledError(Exception)>>signal
UnhandledError class>>signalForException:
KeyNotFound(Exception)>>raiseUnhandledError
------------------------------

Process: a Process in Process>>endProcess
  stack:

Process>>endProcess
------------------------------

Process: a Process in Process>>endProcess
  stack:

Process>>endProcess
------------------------------

Process: a Process in Process>>endProcess
  stack:

Process>>endProcess
------------------------------

Process: a Process in [
		[ true ] whileTrue: [
			semaphore wait.
			[self executeCallback: self nextPendingCallback]
				on: Exception fork:  [:ex | ex pass ] ] ] in TFCallbackQueue>>forkCallbackProcess
  stack:

[
		[ true ] whileTrue: [
			semaphore wait.
			[self executeCallback: self nextPendingCallback]
				on: Exception fork:  [:ex | ex pass ] ] ] in TFCallbackQueue>>forkCallbackProcess
[self value.
			"IMPORTANT: Do not step over next line of code. See method comments for details"
			Processor terminateRealActive] in FullBlockClosure(BlockClosure)>>newProcess
------------------------------

Process: a Process in Process>>endProcess
  stack:

Process>>endProcess
------------------------------


===============================================================================
Notice: Errors in script loaded from Driver.st
===============================================================================
THERE_BE_DRAGONS_HERE
Instance of Driver class did not understand #methodsFor:
2 October 2026 9:54:43.871967 pm

VM: Mac OS - arm64 - 1000 - CoInterpreter VMMaker-tonel.1 uuid: 80e43a52-2018-0e00-bce4-820906d86bc4 Sep 18 2026
StackToRegisterMappingCogit VMMaker-tonel.1 uuid: 80e43a52-2018-0e00-bce4-820906d86bc4 Sep 18 2026
v10.3.11+0.a585304b1 - Commit: a585304b1 - Date: 2026-09-16 09:19:54 +0200

Image: Pharo13.1.0SNAPSHOT [Build information: Pharo-13.1.0+SNAPSHOT.build.749.sha.d7c6f761d5445e8b04a0aa5137e0d546ad9bcd89 (64 Bit)]

Driver class(Object)>>doesNotUnderstand: #methodsFor:
	Receiver: Driver
	Arguments and temporary variables: 
		aMessage: 	methodsFor: 'rides'
		exception: 	Instance of Driver class did not understand #methodsFor:
		resumeValue: 	nil
	Receiver's instance variables: 
		superclass: 	Object
		methodDict: 	a MethodDictionary(#initializeWithID:name:rating:->Driver>>#ini[..]
		format: 	65540
		layout: 	a FixedLayout
		protocols: 	an Array(Protocol (initialization) - 1 selector(s))
		subclasses: 	nil
		name: 	#Driver
		classPool: 	nil
		sharedPools: 	an OrderedCollection()
		environment: 	a SystemEnvironment(lots of globals)
		commentSourcePointer: 	nil
		packageTag: 	a PackageTag(Uncategorized)


UndefinedObject>>DoIt
	Receiver: nil
	Arguments and temporary variables: 
x
	Receiver's instance variables: 
nil

OCReceiverDoItSemanticScope(OCDoItSemanticScope)>>evaluateDoIt:
	Receiver: an OCReceiverDoItSemanticScope
	Arguments and temporary variables: 
		doItMethod: 	UndefinedObject>>#DoIt
	Receiver's instance variables: 
		outerScope: 	nil
		targetReceiver: 	nil


OpalCompiler>>evaluate
	Receiver: an OpalCompiler
	Arguments and temporary variables: 
		value: 	nil
		doItMethod: 	UndefinedObject>>#DoIt
	Receiver's instance variables: 
		ast: 	DoIt

	Driver methodsFor: 'rides'
		source: 	'Driver methodsFor: ''rides'''
		compilationContext: 	an OCCompilationContext
		compilationContextClass: 	nil
		permitFaulty: 	false
		permitUndeclared: 	false
		failBlock: 	nil
		logged: 	true
		changeStamp: 	nil
		protocol: 	nil
		requestor: 	nil
		priorMethod: 	nil


DoItChunk>>importFor:logSource:
	Receiver: a DoItChunk(Driver methodsFor: 'rides')
	Arguments and temporary variables: 
		requestor: 	nil
		logSource: 	true
		ast: 	OCMessageNode(Driver methodsFor: 'rides')
	Receiver's instance variables: 
		contents: 	'Driver methodsFor: ''rides'''


[ :declaration |
		value := declaration importFor: nil logSource: logSource  ] in CodeImporter>>evaluate
	Receiver: a CodeImporter
	Arguments and temporary variables: 
		value: 	#initializeWithID:name:rating:
		declaration: 	a DoItChunk(Driver methodsFor: 'rides')
	Receiver's instance variables: 
		readStream: 	a ZnCharacterReadStream
		codeDeclarations: 	an OrderedCollection(a DoItChunk(Object subclass: #Driver[..]
		parserClass: 	ChunkFileFormatParser
		logSource: 	true


OrderedCollection>>do:
	Receiver: an OrderedCollection(a DoItChunk(Object subclass: #Driver
    instanceVariableNames: '[..]
	Arguments and temporary variables: 
		aBlock: 	[ :declaration |
		value := declaration importFor: nil logSource: l[..]
		index: 	3
	Receiver's instance variables: 
		array: 	an Array(a DoItChunk(Object subclass: #Driver
    instanceVariableNa[..]
		firstIndex: 	1
		lastIndex: 	5


CodeImporter>>evaluate
	Receiver: a CodeImporter
	Arguments and temporary variables: 
		value: 	#initializeWithID:name:rating:
	Receiver's instance variables: 
		readStream: 	a ZnCharacterReadStream
		codeDeclarations: 	an OrderedCollection(a DoItChunk(Object subclass: #Driver[..]
		parserClass: 	ChunkFileFormatParser
		logSource: 	true


[ codeImporter evaluate ] in STCommandLineHandler>>installSourceFile:
	Receiver: a STCommandLineHandler
	Arguments and temporary variables: 
		aReference: 	a File
		codeImporter: 	a CodeImporter
	Receiver's instance variables: 
		commandLine: 	a CommandLineArguments
		session: 	a WorkingSession
		stdout: 	a VTermOutputDriver
		stderr: 	a VTermOutputDriver
		sourceFiles: 	an OrderedCollection(a File)


FullBlockClosure(BlockClosure)>>on:do:
	Receiver: [ codeImporter evaluate ]
	Arguments and temporary variables: 
		exception: 	Error
		handlerAction: 	[ :e | self handleError: e reference: aReference ]
	Receiver's instance variables: 
		outerContext: 	STCommandLineHandler>>installSourceFile:
		compiledBlock: 	a CompiledBlock: [ codeImporter evaluate ]
		numArgs: 	0
		receiver: 	a STCommandLineHandler


STCommandLineHandler>>handleErrorsDuring:reference:
	Receiver: a STCommandLineHandler
	Arguments and temporary variables: 
		aBlock: 	[ codeImporter evaluate ]
		aReference: 	a File
	Receiver's instance variables: 
		commandLine: 	a CommandLineArguments
		session: 	a WorkingSession
		stdout: 	a VTermOutputDriver
		stderr: 	a VTermOutputDriver
		sourceFiles: 	an OrderedCollection(a File)


STCommandLineHandler>>installSourceFile:
	Receiver: a STCommandLineHandler
	Arguments and temporary variables: 
		codeImporter: 	a CodeImporter
		aReference: 	a File
	Receiver's instance variables: 
		commandLine: 	a CommandLineArguments
		session: 	a WorkingSession
		stdout: 	a VTermOutputDriver
		stderr: 	a VTermOutputDriver
		sourceFiles: 	an OrderedCollection(a File)


[ :reference |
		self installSourceFile: reference ] in [ sourceFiles do: [ :reference |
		self installSourceFile: reference ]
	] in STCommandLineHandler>>installSourceFiles
	Receiver: a STCommandLineHandler
	Arguments and temporary variables: 
		reference: 	a File
	Receiver's instance variables: 
		commandLine: 	a CommandLineArguments
		session: 	a WorkingSession
		stdout: 	a VTermOutputDriver
		stderr: 	a VTermOutputDriver
		sourceFiles: 	an OrderedCollection(a File)


OrderedCollection>>do:
	Receiver: an OrderedCollection(a File)
	Arguments and temporary variables: 
		aBlock: 	[ :reference |
		self installSourceFile: reference ]
		index: 	1
	Receiver's instance variables: 
		array: 	an Array(a File)
		firstIndex: 	1
		lastIndex: 	1


[ sourceFiles do: [ :reference |
		self installSourceFile: reference ]
	] in STCommandLineHandler>>installSourceFiles
	Receiver: a STCommandLineHandler
	Arguments and temporary variables: 
x
	Receiver's instance variables: 
		commandLine: 	a CommandLineArguments
		session: 	a WorkingSession
		stdout: 	a VTermOutputDriver
		stderr: 	a VTermOutputDriver
		sourceFiles: 	an OrderedCollection(a File)


FullBlockClosure(BlockClosure)>>ensure:
	Receiver: [ sourceFiles do: [ :reference |
		self installSourceFile: reference ]
	]
	Arguments and temporary variables: 
		aBlock: 	[ sourceFiles := nil ]
		handler: 	[ sourceFiles := nil ]
		complete: 	nil
		returnValue: 	nil
	Receiver's instance variables: 
		outerContext: 	STCommandLineHandler>>installSourceFiles
		compiledBlock: 	a CompiledBlock: [ sourceFiles do: [ :reference |
		self ins[..]
		numArgs: 	0
		receiver: 	a STCommandLineHandler


STCommandLineHandler>>installSourceFiles
	Receiver: a STCommandLineHandler
	Arguments and temporary variables: 
x
	Receiver's instance variables: 
		commandLine: 	a CommandLineArguments
		session: 	a WorkingSession
		stdout: 	a VTermOutputDriver
		stderr: 	a VTermOutputDriver
		sourceFiles: 	an OrderedCollection(a File)


STCommandLineHandler>>activate
	Receiver: a STCommandLineHandler
	Arguments and temporary variables: 
x
	Receiver's instance variables: 
		commandLine: 	a CommandLineArguments
		session: 	a WorkingSession
		stdout: 	a VTermOutputDriver
		stderr: 	a VTermOutputDriver
		sourceFiles: 	an OrderedCollection(a File)


STCommandLineHandler class(CommandLineHandler class)>>activateWith:
	Receiver: STCommandLineHandler
	Arguments and temporary variables: 
		aCommandLine: 	a CommandLineArguments
	Receiver's instance variables: 
		superclass: 	CommandLineHandler
		methodDict: 	a MethodDictionary(#activate->STCommandLineHandler>>#activate #[..]
		format: 	65541
		layout: 	a FixedLayout
		protocols: 	an Array(Protocol (private) - 3 selector(s) Protocol (installing[..]
		subclasses: 	{EvaluateCommandLineHandler}
		name: 	#STCommandLineHandler
		classPool: 	nil
		sharedPools: 	an OrderedCollection()
		environment: 	a SystemEnvironment(lots of globals)
		commentSourcePointer: 	60986524
		packageTag: 	a PackageTag(Base)


[ aCommandLinehandler activateWith: commandLine ] in PharoCommandLineHandler(BasicCommandLineHandler)>>activateSubCommand:
	Receiver: a PharoCommandLineHandler
	Arguments and temporary variables: 
		aCommandLinehandler: 	STCommandLineHandler
	Receiver's instance variables: 
		commandLine: 	a CommandLineArguments
		session: 	a WorkingSession
		stdout: 	a VTermOutputDriver
		stderr: 	a VTermOutputDriver


FullBlockClosure(BlockClosure)>>on:do:
	Receiver: [ aCommandLinehandler activateWith: commandLine ]
	Arguments and temporary variables: 
		exception: 	Exit
		handlerAction: 	[ :exit |
		^ self handleExit: exit for: aCommandLinehandler ]
	Receiver's instance variables: 
		outerContext: 	PharoCommandLineHandler(BasicCommandLineHandler)>>activateSub[..]
		compiledBlock: 	a CompiledBlock: [ aCommandLinehandler activateWith: command[..]
		numArgs: 	0
		receiver: 	a PharoCommandLineHandler


PharoCommandLineHandler(BasicCommandLineHandler)>>activateSubCommand:
	Receiver: a PharoCommandLineHandler
	Arguments and temporary variables: 
		aCommandLinehandler: 	STCommandLineHandler
	Receiver's instance variables: 
		commandLine: 	a CommandLineArguments
		session: 	a WorkingSession
		stdout: 	a VTermOutputDriver
		stderr: 	a VTermOutputDriver


PharoCommandLineHandler(BasicCommandLineHandler)>>handleSubcommand
	Receiver: a PharoCommandLineHandler
	Arguments and temporary variables: 
		handlers: 	an OrderedCollection(STCommandLineHandler)
	Receiver's instance variables: 
		commandLine: 	a CommandLineArguments
		session: 	a WorkingSession
		stdout: 	a VTermOutputDriver
		stderr: 	a VTermOutputDriver


PharoCommandLineHandler(BasicCommandLineHandler)>>handleArgument:
	Receiver: a PharoCommandLineHandler
	Arguments and temporary variables: 
		aString: 	'st'
	Receiver's instance variables: 
		commandLine: 	a CommandLineArguments
		session: 	a WorkingSession
		stdout: 	a VTermOutputDriver
		stderr: 	a VTermOutputDriver


[ self handleArgument: self firstArgument ] in [ [ self handleArgument: self firstArgument ]
		on: Exit
		do: [ :exit |
			"If the command line is protected by password, we just exit the image because in non-headless mode the handleExit will let the image open. If the password protection is enabled, it is to avoid to let the access to the image."
			self class commandLinePasswordManager hasPasswordSet
				ifTrue: [ Smalltalk snapshot: false andQuit: true ].
			self handleExit: exit ] ] in PharoCommandLineHandler(BasicCommandLineHandler)>>activate
	Receiver: a PharoCommandLineHandler
	Arguments and temporary variables: 
x
	Receiver's instance variables: 
		commandLine: 	a CommandLineArguments
		session: 	a WorkingSession
		stdout: 	a VTermOutputDriver
		stderr: 	a VTermOutputDriver


FullBlockClosure(BlockClosure)>>on:do:
	Receiver: [ self handleArgument: self firstArgument ]
	Arguments and temporary variables: 
		exception: 	Exit
		handlerAction: 	[ :exit |
			"If the command line is protected by password, [..]
	Receiver's instance variables: 
		outerContext: 	[ [ self handleArgument: self firstArgument ]
		on: Exit
		do[..]
		compiledBlock: 	a CompiledBlock: [ self handleArgument: self firstArgument ]
		numArgs: 	0
		receiver: 	a PharoCommandLineHandler


[ [ self handleArgument: self firstArgument ]
		on: Exit
		do: [ :exit |
			"If the command line is protected by password, we just exit the image because in non-headless mode the handleExit will let the image open. If the password protection is enabled, it is to avoid to let the access to the image."
			self class commandLinePasswordManager hasPasswordSet
				ifTrue: [ Smalltalk snapshot: false andQuit: true ].
			self handleExit: exit ] ] in PharoCommandLineHandler(BasicCommandLineHandler)>>activate
	Receiver: a PharoCommandLineHandler
	Arguments and temporary variables: 
x
	Receiver's instance variables: 
		commandLine: 	a CommandLineArguments
		session: 	a WorkingSession
		stdout: 	a VTermOutputDriver
		stderr: 	a VTermOutputDriver


[self value.
			"IMPORTANT: Do not step over next line of code. See method comments for details"
			Processor terminateRealActive] in FullBlockClosure(BlockClosure)>>newProcess
	Receiver: [ [ self handleArgument: self firstArgument ]
		on: Exit
		do: [ :exit |
			"If the co[..]
	Arguments and temporary variables: 
x
	Receiver's instance variables: 
		outerContext: 	PharoCommandLineHandler(BasicCommandLineHandler)>>activate
		compiledBlock: 	a CompiledBlock: [ [ self handleArgument: self firstArgument[..]
		numArgs: 	0
		receiver: 	a PharoCommandLineHandler



--- The full stack ---
Driver class(Object)>>doesNotUnderstand: #methodsFor:
UndefinedObject>>DoIt
OCReceiverDoItSemanticScope(OCDoItSemanticScope)>>evaluateDoIt:
OpalCompiler>>evaluate
DoItChunk>>importFor:logSource:
[ :declaration |
		value := declaration importFor: nil logSource: logSource  ] in CodeImporter>>evaluate
OrderedCollection>>do:
CodeImporter>>evaluate
[ codeImporter evaluate ] in STCommandLineHandler>>installSourceFile:
FullBlockClosure(BlockClosure)>>on:do:
STCommandLineHandler>>handleErrorsDuring:reference:
STCommandLineHandler>>installSourceFile:
[ :reference |
		self installSourceFile: reference ] in [ sourceFiles do: [ :reference |
		self installSourceFile: reference ]
	] in STCommandLineHandler>>installSourceFiles
OrderedCollection>>do:
[ sourceFiles do: [ :reference |
		self installSourceFile: reference ]
	] in STCommandLineHandler>>installSourceFiles
FullBlockClosure(BlockClosure)>>ensure:
STCommandLineHandler>>installSourceFiles
STCommandLineHandler>>activate
STCommandLineHandler class(CommandLineHandler class)>>activateWith:
[ aCommandLinehandler activateWith: commandLine ] in PharoCommandLineHandler(BasicCommandLineHandler)>>activateSubCommand:
FullBlockClosure(BlockClosure)>>on:do:
PharoCommandLineHandler(BasicCommandLineHandler)>>activateSubCommand:
PharoCommandLineHandler(BasicCommandLineHandler)>>handleSubcommand
PharoCommandLineHandler(BasicCommandLineHandler)>>handleArgument:
[ self handleArgument: self firstArgument ] in [ [ self handleArgument: self firstArgument ]
		on: Exit
		do: [ :exit |
			"If the command line is protected by password, we just exit the image because in non-headless mode the handleExit will let the image open. If the password protection is enabled, it is to avoid to let the access to the image."
			self class commandLinePasswordManager hasPasswordSet
				ifTrue: [ Smalltalk snapshot: false andQuit: true ].
			self handleExit: exit ] ] in PharoCommandLineHandler(BasicCommandLineHandler)>>activate
FullBlockClosure(BlockClosure)>>on:do:
[ [ self handleArgument: self firstArgument ]
		on: Exit
		do: [ :exit |
			"If the command line is protected by password, we just exit the image because in non-headless mode the handleExit will let the image open. If the password protection is enabled, it is to avoid to let the access to the image."
			self class commandLinePasswordManager hasPasswordSet
				ifTrue: [ Smalltalk snapshot: false andQuit: true ].
			self handleExit: exit ] ] in PharoCommandLineHandler(BasicCommandLineHandler)>>activate
[self value.
			"IMPORTANT: Do not step over next line of code. See method comments for details"
			Processor terminateRealActive] in FullBlockClosure(BlockClosure)>>newProcess
-------------------------------------------------------------------------------

Processes and their stacks: 
Process: a Process in AtomicSharedQueue>>waitForNewItems
  stack:

AtomicSharedQueue>>waitForNewItems
AtomicSharedQueue>>next
TKTWorkerProcess>>privateNextTask
TKTWorkerProcess>>workerLoop
MessageSend>>value
[ aValuable value ] in TKTPharoProcessProvider>>createProcessDoing:named:
[self value.
			"IMPORTANT: Do not step over next line of code. See method comments for details"
			Processor terminateRealActive] in FullBlockClosure(BlockClosure)>>newProcess
------------------------------

Process: a Process in AtomicSharedQueue>>waitForNewItems
  stack:

AtomicSharedQueue>>waitForNewItems
AtomicSharedQueue>>next
TKTWorkerProcess>>privateNextTask
TKTWorkerProcess>>workerLoop
MessageSend>>value
[ aValuable value ] in TKTPharoProcessProvider>>createProcessDoing:named:
[self value.
			"IMPORTANT: Do not step over next line of code. See method comments for details"
			Processor terminateRealActive] in FullBlockClosure(BlockClosure)>>newProcess
------------------------------

Process: a Process in DelayMicrosecondTicker>>waitForUserSignalled:orExpired:
  stack:

DelayMicrosecondTicker>>waitForUserSignalled:orExpired:
[  [runTimerEventLoop] whileTrue:
		[	|nowTick|
			"Warning! Stepping <Over> the following line may lock the Image. Use <Into> or <Proceed>."
		 	ticker waitForUserSignalled: timingSemaphore orExpired: activeDelay.

			"Invoke the api back-ends, which set the transfer-variable to nil"
			suspendSemaphore ifNotNil: [ self suspendAtTimingPriority    ].
			delayToStart     ifNotNil: [ self scheduleAtTimingPriority   ].
			delayToStop      ifNotNil: [ self unscheduleAtTimingPriority ].

			"Signal any expired delays"
			nowTick := ticker nowTick.
			[ 	activeDelay isNotNil and: [nowTick >= activeDelay resumptionTick] ]
					whileTrue: [
						activeDelay timingPrioritySignalExpired.
						activeDelay := suspendedDelays removeFirstOrNil ].
		]
	] in DelaySemaphoreScheduler(DelayBasicScheduler)>>runBackendLoopAtTimingPriority
FullBlockClosure(BlockClosure)>>ensure:
DelaySemaphoreScheduler(DelayBasicScheduler)>>runBackendLoopAtTimingPriority
[ self runBackendLoopAtTimingPriority ] in DelaySemaphoreScheduler(DelayBasicScheduler)>>startTimerEventLoopPriority:
[self value.
			"IMPORTANT: Do not step over next line of code. See method comments for details"
			Processor terminateRealActive] in FullBlockClosure(BlockClosure)>>newProcess
------------------------------

Process: a Process in MorphicRenderLoop>>doOneCycleWhile:
  stack:

MorphicRenderLoop>>doOneCycleWhile:
[ MorphicRenderLoop new doOneCycleWhile: [ true ] ] in MorphicUIManager>>spawnNewProcess
[self value.
			"IMPORTANT: Do not step over next line of code. See method comments for details"
			Processor terminateRealActive] in FullBlockClosure(BlockClosure)>>newProcess
------------------------------

Process: a Process in Process>>endProcess
  stack:

Process>>endProcess
------------------------------

Process: a Process in Process>>endProcess
  stack:

Process>>endProcess
------------------------------

Process: a Process in Process>>endProcess
  stack:

Process>>endProcess
------------------------------

Process: a Process in Process>>endProcess
  stack:

Process>>endProcess
------------------------------

Process: a Process in Process>>endProcess
  stack:

Process>>endProcess
------------------------------

Process: a Process in SmalltalkImage>>lowSpaceWatcher
  stack:

SmalltalkImage>>lowSpaceWatcher
[ self lowSpaceWatcher ] in SmalltalkImage>>installLowSpaceWatcher
[self value.
			"IMPORTANT: Do not step over next line of code. See method comments for details"
			Processor terminateRealActive] in FullBlockClosure(BlockClosure)>>newProcess
------------------------------

Process: a Process in [self value.
			"IMPORTANT: Do not step over next line of code. See method comments for details"
			Processor terminateRealActive] in FullBlockClosure(BlockClosure)>>newProcess
  stack:

[self value.
			"IMPORTANT: Do not step over next line of code. See method comments for details"
			Processor terminateRealActive] in FullBlockClosure(BlockClosure)>>newProcess
------------------------------

Process: a Process in FinalizationProcess class>>finalizationProcess
  stack:

FinalizationProcess class>>finalizationProcess
[self finalizationProcess] in FinalizationProcess class>>restartFinalizationProcess
[self value.
			"IMPORTANT: Do not step over next line of code. See method comments for details"
			Processor terminateRealActive] in FullBlockClosure(BlockClosure)>>newProcess
------------------------------

Process: a Process in nil
  stack:

Array(SequenceableCollection)>>do:
[:logger |
		logger nextPutAll: 'Processes and their stacks: ';cr.

		Process allInstances do: [:each | | ctx |
			logger nextPutAll: 'Process: '; print: each; cr; nextPutAll: '  stack:'; cr; cr.

			ctx := each isActive ifTrue: [ thisContext sender ] ifFalse: [ each suspendedContext ].
			ctx ifNotNil: [
				(ctx stackOfSize: 20) do: [:s | logger print: s; cr ]].
			logger nextPutAll: '------------------------------'; cr; cr.
		]] in [ Smalltalk
		logError: aString
		inContext: aContext.

	" Print stacks of all current processes "

	Smalltalk logDuring: [:logger |
		logger nextPutAll: 'Processes and their stacks: ';cr.

		Process allInstances do: [:each | | ctx |
			logger nextPutAll: 'Process: '; print: each; cr; nextPutAll: '  stack:'; cr; cr.

			ctx := each isActive ifTrue: [ thisContext sender ] ifFalse: [ each suspendedContext ].
			ctx ifNotNil: [
				(ctx stackOfSize: 20) do: [:s | logger print: s; cr ]].
			logger nextPutAll: '------------------------------'; cr; cr.
		]].
	] in NonInteractiveUIManager(CommandLineUIManager)>>quitFrom:withMessage:
[
		logStream := self openLog.
		aMonadicBlock value: logStream.
	] in SmalltalkImage>>logDuring:
FullBlockClosure(BlockClosure)>>ensure:
SmalltalkImage>>logDuring:
[ Smalltalk
		logError: aString
		inContext: aContext.

	" Print stacks of all current processes "

	Smalltalk logDuring: [:logger |
		logger nextPutAll: 'Processes and their stacks: ';cr.

		Process allInstances do: [:each | | ctx |
			logger nextPutAll: 'Process: '; print: each; cr; nextPutAll: '  stack:'; cr; cr.

			ctx := each isActive ifTrue: [ thisContext sender ] ifFalse: [ each suspendedContext ].
			ctx ifNotNil: [
				(ctx stackOfSize: 20) do: [:s | logger print: s; cr ]].
			logger nextPutAll: '------------------------------'; cr; cr.
		]].
	] in NonInteractiveUIManager(CommandLineUIManager)>>quitFrom:withMessage:
FullBlockClosure(BlockClosure)>>ensure:
NonInteractiveUIManager(CommandLineUIManager)>>quitFrom:withMessage:
NonInteractiveUIManager(CommandLineUIManager)>>handleError:log:
NonInteractiveUIManager(UIManager)>>handleError:
Process>>handleError:
MessageNotUnderstood(Exception)>>unhandledErrorAction
UnhandledError>>defaultAction
UndefinedObject>>handleSignal:
Context>>handleSignal:
Context>>handleSignal:
Context>>handleSignal:
UnhandledError(Exception)>>signal
UnhandledError class>>signalForException:
MessageNotUnderstood(Exception)>>raiseUnhandledError
------------------------------

Process: a Process in [delaySemaphore wait] in Delay>>wait
  stack:

[delaySemaphore wait] in Delay>>wait
FullBlockClosure(BlockClosure)>>ifCurtailed:
Delay>>wait
Duration>>wait
[
		"Loop until enough time passed since last #schedule"
		[ DateAndTime now < (lastSchedule + duration) ]
			whileTrue: [ duration wait ].

		"Execute deferred action (if not flushed before) and clean up"
		self flush.
	] in OmDeferrer>>runMessageProcess
[self value.
			"IMPORTANT: Do not step over next line of code. See method comments for details"
			Processor terminateRealActive] in FullBlockClosure(BlockClosure)>>newProcess
------------------------------

Process: a Process in Process>>endProcess
  stack:

Process>>endProcess
------------------------------

Process: a Process in Process>>endProcess
  stack:

Process>>endProcess
------------------------------

Process: a Process in Process>>endProcess
  stack:

Process>>endProcess
------------------------------

Process: a Process in [
		[ true ] whileTrue: [
			semaphore wait.
			[self executeCallback: self nextPendingCallback]
				on: Exception fork:  [:ex | ex pass ] ] ] in TFCallbackQueue>>forkCallbackProcess
  stack:

[
		[ true ] whileTrue: [
			semaphore wait.
			[self executeCallback: self nextPendingCallback]
				on: Exception fork:  [:ex | ex pass ] ] ] in TFCallbackQueue>>forkCallbackProcess
[self value.
			"IMPORTANT: Do not step over next line of code. See method comments for details"
			Processor terminateRealActive] in FullBlockClosure(BlockClosure)>>newProcess
------------------------------

Process: a Process in Process>>endProcess
  stack:

Process>>endProcess
------------------------------


===============================================================================
Notice: Errors in script loaded from Rider.st
===============================================================================
THERE_BE_DRAGONS_HERE
Instance of Rider class did not understand #methodsFor:
2 October 2026 9:54:44.107289 pm

VM: Mac OS - arm64 - 1000 - CoInterpreter VMMaker-tonel.1 uuid: 80e43a52-2018-0e00-bce4-820906d86bc4 Sep 18 2026
StackToRegisterMappingCogit VMMaker-tonel.1 uuid: 80e43a52-2018-0e00-bce4-820906d86bc4 Sep 18 2026
v10.3.11+0.a585304b1 - Commit: a585304b1 - Date: 2026-09-16 09:19:54 +0200

Image: Pharo13.1.0SNAPSHOT [Build information: Pharo-13.1.0+SNAPSHOT.build.749.sha.d7c6f761d5445e8b04a0aa5137e0d546ad9bcd89 (64 Bit)]

Rider class(Object)>>doesNotUnderstand: #methodsFor:
	Receiver: Rider
	Arguments and temporary variables: 
		aMessage: 	methodsFor: 'rides'
		exception: 	Instance of Rider class did not understand #methodsFor:
		resumeValue: 	nil
	Receiver's instance variables: 
		superclass: 	Object
		methodDict: 	a MethodDictionary(#initializeWithID:name:->Rider>>#initializeW[..]
		format: 	65539
		layout: 	a FixedLayout
		protocols: 	an Array(Protocol (initialization) - 1 selector(s))
		subclasses: 	nil
		name: 	#Rider
		classPool: 	nil
		sharedPools: 	an OrderedCollection()
		environment: 	a SystemEnvironment(lots of globals)
		commentSourcePointer: 	nil
		packageTag: 	a PackageTag(Uncategorized)


UndefinedObject>>DoIt
	Receiver: nil
	Arguments and temporary variables: 
x
	Receiver's instance variables: 
nil

OCReceiverDoItSemanticScope(OCDoItSemanticScope)>>evaluateDoIt:
	Receiver: an OCReceiverDoItSemanticScope
	Arguments and temporary variables: 
		doItMethod: 	UndefinedObject>>#DoIt
	Receiver's instance variables: 
		outerScope: 	nil
		targetReceiver: 	nil


OpalCompiler>>evaluate
	Receiver: an OpalCompiler
	Arguments and temporary variables: 
		value: 	nil
		doItMethod: 	UndefinedObject>>#DoIt
	Receiver's instance variables: 
		ast: 	DoIt

	Rider methodsFor: 'rides'
		source: 	'Rider methodsFor: ''rides'''
		compilationContext: 	an OCCompilationContext
		compilationContextClass: 	nil
		permitFaulty: 	false
		permitUndeclared: 	false
		failBlock: 	nil
		logged: 	true
		changeStamp: 	nil
		protocol: 	nil
		requestor: 	nil
		priorMethod: 	nil


DoItChunk>>importFor:logSource:
	Receiver: a DoItChunk(Rider methodsFor: 'rides')
	Arguments and temporary variables: 
		requestor: 	nil
		logSource: 	true
		ast: 	OCMessageNode(Rider methodsFor: 'rides')
	Receiver's instance variables: 
		contents: 	'Rider methodsFor: ''rides'''


[ :declaration |
		value := declaration importFor: nil logSource: logSource  ] in CodeImporter>>evaluate
	Receiver: a CodeImporter
	Arguments and temporary variables: 
		value: 	#initializeWithID:name:
		declaration: 	a DoItChunk(Rider methodsFor: 'rides')
	Receiver's instance variables: 
		readStream: 	a ZnCharacterReadStream
		codeDeclarations: 	an OrderedCollection(a DoItChunk(Object subclass: #Rider
[..]
		parserClass: 	ChunkFileFormatParser
		logSource: 	true


OrderedCollection>>do:
	Receiver: an OrderedCollection(a DoItChunk(Object subclass: #Rider
    instanceVariableNames: 'r[..]
	Arguments and temporary variables: 
		aBlock: 	[ :declaration |
		value := declaration importFor: nil logSource: l[..]
		index: 	3
	Receiver's instance variables: 
		array: 	an Array(a DoItChunk(Object subclass: #Rider
    instanceVariableNam[..]
		firstIndex: 	1
		lastIndex: 	5


CodeImporter>>evaluate
	Receiver: a CodeImporter
	Arguments and temporary variables: 
		value: 	#initializeWithID:name:
	Receiver's instance variables: 
		readStream: 	a ZnCharacterReadStream
		codeDeclarations: 	an OrderedCollection(a DoItChunk(Object subclass: #Rider
[..]
		parserClass: 	ChunkFileFormatParser
		logSource: 	true


[ codeImporter evaluate ] in STCommandLineHandler>>installSourceFile:
	Receiver: a STCommandLineHandler
	Arguments and temporary variables: 
		aReference: 	a File
		codeImporter: 	a CodeImporter
	Receiver's instance variables: 
		commandLine: 	a CommandLineArguments
		session: 	a WorkingSession
		stdout: 	a VTermOutputDriver
		stderr: 	a VTermOutputDriver
		sourceFiles: 	an OrderedCollection(a File)


FullBlockClosure(BlockClosure)>>on:do:
	Receiver: [ codeImporter evaluate ]
	Arguments and temporary variables: 
		exception: 	Error
		handlerAction: 	[ :e | self handleError: e reference: aReference ]
	Receiver's instance variables: 
		outerContext: 	STCommandLineHandler>>installSourceFile:
		compiledBlock: 	a CompiledBlock: [ codeImporter evaluate ]
		numArgs: 	0
		receiver: 	a STCommandLineHandler


STCommandLineHandler>>handleErrorsDuring:reference:
	Receiver: a STCommandLineHandler
	Arguments and temporary variables: 
		aBlock: 	[ codeImporter evaluate ]
		aReference: 	a File
	Receiver's instance variables: 
		commandLine: 	a CommandLineArguments
		session: 	a WorkingSession
		stdout: 	a VTermOutputDriver
		stderr: 	a VTermOutputDriver
		sourceFiles: 	an OrderedCollection(a File)


STCommandLineHandler>>installSourceFile:
	Receiver: a STCommandLineHandler
	Arguments and temporary variables: 
		codeImporter: 	a CodeImporter
		aReference: 	a File
	Receiver's instance variables: 
		commandLine: 	a CommandLineArguments
		session: 	a WorkingSession
		stdout: 	a VTermOutputDriver
		stderr: 	a VTermOutputDriver
		sourceFiles: 	an OrderedCollection(a File)


[ :reference |
		self installSourceFile: reference ] in [ sourceFiles do: [ :reference |
		self installSourceFile: reference ]
	] in STCommandLineHandler>>installSourceFiles
	Receiver: a STCommandLineHandler
	Arguments and temporary variables: 
		reference: 	a File
	Receiver's instance variables: 
		commandLine: 	a CommandLineArguments
		session: 	a WorkingSession
		stdout: 	a VTermOutputDriver
		stderr: 	a VTermOutputDriver
		sourceFiles: 	an OrderedCollection(a File)


OrderedCollection>>do:
	Receiver: an OrderedCollection(a File)
	Arguments and temporary variables: 
		aBlock: 	[ :reference |
		self installSourceFile: reference ]
		index: 	1
	Receiver's instance variables: 
		array: 	an Array(a File)
		firstIndex: 	1
		lastIndex: 	1


[ sourceFiles do: [ :reference |
		self installSourceFile: reference ]
	] in STCommandLineHandler>>installSourceFiles
	Receiver: a STCommandLineHandler
	Arguments and temporary variables: 
x
	Receiver's instance variables: 
		commandLine: 	a CommandLineArguments
		session: 	a WorkingSession
		stdout: 	a VTermOutputDriver
		stderr: 	a VTermOutputDriver
		sourceFiles: 	an OrderedCollection(a File)


FullBlockClosure(BlockClosure)>>ensure:
	Receiver: [ sourceFiles do: [ :reference |
		self installSourceFile: reference ]
	]
	Arguments and temporary variables: 
		aBlock: 	[ sourceFiles := nil ]
		handler: 	[ sourceFiles := nil ]
		complete: 	nil
		returnValue: 	nil
	Receiver's instance variables: 
		outerContext: 	STCommandLineHandler>>installSourceFiles
		compiledBlock: 	a CompiledBlock: [ sourceFiles do: [ :reference |
		self ins[..]
		numArgs: 	0
		receiver: 	a STCommandLineHandler


STCommandLineHandler>>installSourceFiles
	Receiver: a STCommandLineHandler
	Arguments and temporary variables: 
x
	Receiver's instance variables: 
		commandLine: 	a CommandLineArguments
		session: 	a WorkingSession
		stdout: 	a VTermOutputDriver
		stderr: 	a VTermOutputDriver
		sourceFiles: 	an OrderedCollection(a File)


STCommandLineHandler>>activate
	Receiver: a STCommandLineHandler
	Arguments and temporary variables: 
x
	Receiver's instance variables: 
		commandLine: 	a CommandLineArguments
		session: 	a WorkingSession
		stdout: 	a VTermOutputDriver
		stderr: 	a VTermOutputDriver
		sourceFiles: 	an OrderedCollection(a File)


STCommandLineHandler class(CommandLineHandler class)>>activateWith:
	Receiver: STCommandLineHandler
	Arguments and temporary variables: 
		aCommandLine: 	a CommandLineArguments
	Receiver's instance variables: 
		superclass: 	CommandLineHandler
		methodDict: 	a MethodDictionary(#activate->STCommandLineHandler>>#activate #[..]
		format: 	65541
		layout: 	a FixedLayout
		protocols: 	an Array(Protocol (private) - 3 selector(s) Protocol (installing[..]
		subclasses: 	{EvaluateCommandLineHandler}
		name: 	#STCommandLineHandler
		classPool: 	nil
		sharedPools: 	an OrderedCollection()
		environment: 	a SystemEnvironment(lots of globals)
		commentSourcePointer: 	60986524
		packageTag: 	a PackageTag(Base)


[ aCommandLinehandler activateWith: commandLine ] in PharoCommandLineHandler(BasicCommandLineHandler)>>activateSubCommand:
	Receiver: a PharoCommandLineHandler
	Arguments and temporary variables: 
		aCommandLinehandler: 	STCommandLineHandler
	Receiver's instance variables: 
		commandLine: 	a CommandLineArguments
		session: 	a WorkingSession
		stdout: 	a VTermOutputDriver
		stderr: 	a VTermOutputDriver


FullBlockClosure(BlockClosure)>>on:do:
	Receiver: [ aCommandLinehandler activateWith: commandLine ]
	Arguments and temporary variables: 
		exception: 	Exit
		handlerAction: 	[ :exit |
		^ self handleExit: exit for: aCommandLinehandler ]
	Receiver's instance variables: 
		outerContext: 	PharoCommandLineHandler(BasicCommandLineHandler)>>activateSub[..]
		compiledBlock: 	a CompiledBlock: [ aCommandLinehandler activateWith: command[..]
		numArgs: 	0
		receiver: 	a PharoCommandLineHandler


PharoCommandLineHandler(BasicCommandLineHandler)>>activateSubCommand:
	Receiver: a PharoCommandLineHandler
	Arguments and temporary variables: 
		aCommandLinehandler: 	STCommandLineHandler
	Receiver's instance variables: 
		commandLine: 	a CommandLineArguments
		session: 	a WorkingSession
		stdout: 	a VTermOutputDriver
		stderr: 	a VTermOutputDriver


PharoCommandLineHandler(BasicCommandLineHandler)>>handleSubcommand
	Receiver: a PharoCommandLineHandler
	Arguments and temporary variables: 
		handlers: 	an OrderedCollection(STCommandLineHandler)
	Receiver's instance variables: 
		commandLine: 	a CommandLineArguments
		session: 	a WorkingSession
		stdout: 	a VTermOutputDriver
		stderr: 	a VTermOutputDriver


PharoCommandLineHandler(BasicCommandLineHandler)>>handleArgument:
	Receiver: a PharoCommandLineHandler
	Arguments and temporary variables: 
		aString: 	'st'
	Receiver's instance variables: 
		commandLine: 	a CommandLineArguments
		session: 	a WorkingSession
		stdout: 	a VTermOutputDriver
		stderr: 	a VTermOutputDriver


[ self handleArgument: self firstArgument ] in [ [ self handleArgument: self firstArgument ]
		on: Exit
		do: [ :exit |
			"If the command line is protected by password, we just exit the image because in non-headless mode the handleExit will let the image open. If the password protection is enabled, it is to avoid to let the access to the image."
			self class commandLinePasswordManager hasPasswordSet
				ifTrue: [ Smalltalk snapshot: false andQuit: true ].
			self handleExit: exit ] ] in PharoCommandLineHandler(BasicCommandLineHandler)>>activate
	Receiver: a PharoCommandLineHandler
	Arguments and temporary variables: 
x
	Receiver's instance variables: 
		commandLine: 	a CommandLineArguments
		session: 	a WorkingSession
		stdout: 	a VTermOutputDriver
		stderr: 	a VTermOutputDriver


FullBlockClosure(BlockClosure)>>on:do:
	Receiver: [ self handleArgument: self firstArgument ]
	Arguments and temporary variables: 
		exception: 	Exit
		handlerAction: 	[ :exit |
			"If the command line is protected by password, [..]
	Receiver's instance variables: 
		outerContext: 	[ [ self handleArgument: self firstArgument ]
		on: Exit
		do[..]
		compiledBlock: 	a CompiledBlock: [ self handleArgument: self firstArgument ]
		numArgs: 	0
		receiver: 	a PharoCommandLineHandler


[ [ self handleArgument: self firstArgument ]
		on: Exit
		do: [ :exit |
			"If the command line is protected by password, we just exit the image because in non-headless mode the handleExit will let the image open. If the password protection is enabled, it is to avoid to let the access to the image."
			self class commandLinePasswordManager hasPasswordSet
				ifTrue: [ Smalltalk snapshot: false andQuit: true ].
			self handleExit: exit ] ] in PharoCommandLineHandler(BasicCommandLineHandler)>>activate
	Receiver: a PharoCommandLineHandler
	Arguments and temporary variables: 
x
	Receiver's instance variables: 
		commandLine: 	a CommandLineArguments
		session: 	a WorkingSession
		stdout: 	a VTermOutputDriver
		stderr: 	a VTermOutputDriver


[self value.
			"IMPORTANT: Do not step over next line of code. See method comments for details"
			Processor terminateRealActive] in FullBlockClosure(BlockClosure)>>newProcess
	Receiver: [ [ self handleArgument: self firstArgument ]
		on: Exit
		do: [ :exit |
			"If the co[..]
	Arguments and temporary variables: 
x
	Receiver's instance variables: 
		outerContext: 	PharoCommandLineHandler(BasicCommandLineHandler)>>activate
		compiledBlock: 	a CompiledBlock: [ [ self handleArgument: self firstArgument[..]
		numArgs: 	0
		receiver: 	a PharoCommandLineHandler



--- The full stack ---
Rider class(Object)>>doesNotUnderstand: #methodsFor:
UndefinedObject>>DoIt
OCReceiverDoItSemanticScope(OCDoItSemanticScope)>>evaluateDoIt:
OpalCompiler>>evaluate
DoItChunk>>importFor:logSource:
[ :declaration |
		value := declaration importFor: nil logSource: logSource  ] in CodeImporter>>evaluate
OrderedCollection>>do:
CodeImporter>>evaluate
[ codeImporter evaluate ] in STCommandLineHandler>>installSourceFile:
FullBlockClosure(BlockClosure)>>on:do:
STCommandLineHandler>>handleErrorsDuring:reference:
STCommandLineHandler>>installSourceFile:
[ :reference |
		self installSourceFile: reference ] in [ sourceFiles do: [ :reference |
		self installSourceFile: reference ]
	] in STCommandLineHandler>>installSourceFiles
OrderedCollection>>do:
[ sourceFiles do: [ :reference |
		self installSourceFile: reference ]
	] in STCommandLineHandler>>installSourceFiles
FullBlockClosure(BlockClosure)>>ensure:
STCommandLineHandler>>installSourceFiles
STCommandLineHandler>>activate
STCommandLineHandler class(CommandLineHandler class)>>activateWith:
[ aCommandLinehandler activateWith: commandLine ] in PharoCommandLineHandler(BasicCommandLineHandler)>>activateSubCommand:
FullBlockClosure(BlockClosure)>>on:do:
PharoCommandLineHandler(BasicCommandLineHandler)>>activateSubCommand:
PharoCommandLineHandler(BasicCommandLineHandler)>>handleSubcommand
PharoCommandLineHandler(BasicCommandLineHandler)>>handleArgument:
[ self handleArgument: self firstArgument ] in [ [ self handleArgument: self firstArgument ]
		on: Exit
		do: [ :exit |
			"If the command line is protected by password, we just exit the image because in non-headless mode the handleExit will let the image open. If the password protection is enabled, it is to avoid to let the access to the image."
			self class commandLinePasswordManager hasPasswordSet
				ifTrue: [ Smalltalk snapshot: false andQuit: true ].
			self handleExit: exit ] ] in PharoCommandLineHandler(BasicCommandLineHandler)>>activate
FullBlockClosure(BlockClosure)>>on:do:
[ [ self handleArgument: self firstArgument ]
		on: Exit
		do: [ :exit |
			"If the command line is protected by password, we just exit the image because in non-headless mode the handleExit will let the image open. If the password protection is enabled, it is to avoid to let the access to the image."
			self class commandLinePasswordManager hasPasswordSet
				ifTrue: [ Smalltalk snapshot: false andQuit: true ].
			self handleExit: exit ] ] in PharoCommandLineHandler(BasicCommandLineHandler)>>activate
[self value.
			"IMPORTANT: Do not step over next line of code. See method comments for details"
			Processor terminateRealActive] in FullBlockClosure(BlockClosure)>>newProcess
-------------------------------------------------------------------------------

Processes and their stacks: 
Process: a Process in AtomicSharedQueue>>waitForNewItems
  stack:

AtomicSharedQueue>>waitForNewItems
AtomicSharedQueue>>next
TKTWorkerProcess>>privateNextTask
TKTWorkerProcess>>workerLoop
MessageSend>>value
[ aValuable value ] in TKTPharoProcessProvider>>createProcessDoing:named:
[self value.
			"IMPORTANT: Do not step over next line of code. See method comments for details"
			Processor terminateRealActive] in FullBlockClosure(BlockClosure)>>newProcess
------------------------------

Process: a Process in AtomicSharedQueue>>waitForNewItems
  stack:

AtomicSharedQueue>>waitForNewItems
AtomicSharedQueue>>next
TKTWorkerProcess>>privateNextTask
TKTWorkerProcess>>workerLoop
MessageSend>>value
[ aValuable value ] in TKTPharoProcessProvider>>createProcessDoing:named:
[self value.
			"IMPORTANT: Do not step over next line of code. See method comments for details"
			Processor terminateRealActive] in FullBlockClosure(BlockClosure)>>newProcess
------------------------------

Process: a Process in DelayMicrosecondTicker>>waitForUserSignalled:orExpired:
  stack:

DelayMicrosecondTicker>>waitForUserSignalled:orExpired:
[  [runTimerEventLoop] whileTrue:
		[	|nowTick|
			"Warning! Stepping <Over> the following line may lock the Image. Use <Into> or <Proceed>."
		 	ticker waitForUserSignalled: timingSemaphore orExpired: activeDelay.

			"Invoke the api back-ends, which set the transfer-variable to nil"
			suspendSemaphore ifNotNil: [ self suspendAtTimingPriority    ].
			delayToStart     ifNotNil: [ self scheduleAtTimingPriority   ].
			delayToStop      ifNotNil: [ self unscheduleAtTimingPriority ].

			"Signal any expired delays"
			nowTick := ticker nowTick.
			[ 	activeDelay isNotNil and: [nowTick >= activeDelay resumptionTick] ]
					whileTrue: [
						activeDelay timingPrioritySignalExpired.
						activeDelay := suspendedDelays removeFirstOrNil ].
		]
	] in DelaySemaphoreScheduler(DelayBasicScheduler)>>runBackendLoopAtTimingPriority
FullBlockClosure(BlockClosure)>>ensure:
DelaySemaphoreScheduler(DelayBasicScheduler)>>runBackendLoopAtTimingPriority
[ self runBackendLoopAtTimingPriority ] in DelaySemaphoreScheduler(DelayBasicScheduler)>>startTimerEventLoopPriority:
[self value.
			"IMPORTANT: Do not step over next line of code. See method comments for details"
			Processor terminateRealActive] in FullBlockClosure(BlockClosure)>>newProcess
------------------------------

Process: a Process in MorphicRenderLoop>>doOneCycleWhile:
  stack:

MorphicRenderLoop>>doOneCycleWhile:
[ MorphicRenderLoop new doOneCycleWhile: [ true ] ] in MorphicUIManager>>spawnNewProcess
[self value.
			"IMPORTANT: Do not step over next line of code. See method comments for details"
			Processor terminateRealActive] in FullBlockClosure(BlockClosure)>>newProcess
------------------------------

Process: a Process in Process>>endProcess
  stack:

Process>>endProcess
------------------------------

Process: a Process in Process>>endProcess
  stack:

Process>>endProcess
------------------------------

Process: a Process in Process>>endProcess
  stack:

Process>>endProcess
------------------------------

Process: a Process in Process>>endProcess
  stack:

Process>>endProcess
------------------------------

Process: a Process in Process>>endProcess
  stack:

Process>>endProcess
------------------------------

Process: a Process in SmalltalkImage>>lowSpaceWatcher
  stack:

SmalltalkImage>>lowSpaceWatcher
[ self lowSpaceWatcher ] in SmalltalkImage>>installLowSpaceWatcher
[self value.
			"IMPORTANT: Do not step over next line of code. See method comments for details"
			Processor terminateRealActive] in FullBlockClosure(BlockClosure)>>newProcess
------------------------------

Process: a Process in [self value.
			"IMPORTANT: Do not step over next line of code. See method comments for details"
			Processor terminateRealActive] in FullBlockClosure(BlockClosure)>>newProcess
  stack:

[self value.
			"IMPORTANT: Do not step over next line of code. See method comments for details"
			Processor terminateRealActive] in FullBlockClosure(BlockClosure)>>newProcess
------------------------------

Process: a Process in FinalizationProcess class>>finalizationProcess
  stack:

FinalizationProcess class>>finalizationProcess
[self finalizationProcess] in FinalizationProcess class>>restartFinalizationProcess
[self value.
			"IMPORTANT: Do not step over next line of code. See method comments for details"
			Processor terminateRealActive] in FullBlockClosure(BlockClosure)>>newProcess
------------------------------

Process: a Process in nil
  stack:

Array(SequenceableCollection)>>do:
[:logger |
		logger nextPutAll: 'Processes and their stacks: ';cr.

		Process allInstances do: [:each | | ctx |
			logger nextPutAll: 'Process: '; print: each; cr; nextPutAll: '  stack:'; cr; cr.

			ctx := each isActive ifTrue: [ thisContext sender ] ifFalse: [ each suspendedContext ].
			ctx ifNotNil: [
				(ctx stackOfSize: 20) do: [:s | logger print: s; cr ]].
			logger nextPutAll: '------------------------------'; cr; cr.
		]] in [ Smalltalk
		logError: aString
		inContext: aContext.

	" Print stacks of all current processes "

	Smalltalk logDuring: [:logger |
		logger nextPutAll: 'Processes and their stacks: ';cr.

		Process allInstances do: [:each | | ctx |
			logger nextPutAll: 'Process: '; print: each; cr; nextPutAll: '  stack:'; cr; cr.

			ctx := each isActive ifTrue: [ thisContext sender ] ifFalse: [ each suspendedContext ].
			ctx ifNotNil: [
				(ctx stackOfSize: 20) do: [:s | logger print: s; cr ]].
			logger nextPutAll: '------------------------------'; cr; cr.
		]].
	] in NonInteractiveUIManager(CommandLineUIManager)>>quitFrom:withMessage:
[
		logStream := self openLog.
		aMonadicBlock value: logStream.
	] in SmalltalkImage>>logDuring:
FullBlockClosure(BlockClosure)>>ensure:
SmalltalkImage>>logDuring:
[ Smalltalk
		logError: aString
		inContext: aContext.

	" Print stacks of all current processes "

	Smalltalk logDuring: [:logger |
		logger nextPutAll: 'Processes and their stacks: ';cr.

		Process allInstances do: [:each | | ctx |
			logger nextPutAll: 'Process: '; print: each; cr; nextPutAll: '  stack:'; cr; cr.

			ctx := each isActive ifTrue: [ thisContext sender ] ifFalse: [ each suspendedContext ].
			ctx ifNotNil: [
				(ctx stackOfSize: 20) do: [:s | logger print: s; cr ]].
			logger nextPutAll: '------------------------------'; cr; cr.
		]].
	] in NonInteractiveUIManager(CommandLineUIManager)>>quitFrom:withMessage:
FullBlockClosure(BlockClosure)>>ensure:
NonInteractiveUIManager(CommandLineUIManager)>>quitFrom:withMessage:
NonInteractiveUIManager(CommandLineUIManager)>>handleError:log:
NonInteractiveUIManager(UIManager)>>handleError:
Process>>handleError:
MessageNotUnderstood(Exception)>>unhandledErrorAction
UnhandledError>>defaultAction
UndefinedObject>>handleSignal:
Context>>handleSignal:
Context>>handleSignal:
Context>>handleSignal:
UnhandledError(Exception)>>signal
UnhandledError class>>signalForException:
MessageNotUnderstood(Exception)>>raiseUnhandledError
------------------------------

Process: a Process in [delaySemaphore wait] in Delay>>wait
  stack:

[delaySemaphore wait] in Delay>>wait
FullBlockClosure(BlockClosure)>>ifCurtailed:
Delay>>wait
Duration>>wait
[
		"Loop until enough time passed since last #schedule"
		[ DateAndTime now < (lastSchedule + duration) ]
			whileTrue: [ duration wait ].

		"Execute deferred action (if not flushed before) and clean up"
		self flush.
	] in OmDeferrer>>runMessageProcess
[self value.
			"IMPORTANT: Do not step over next line of code. See method comments for details"
			Processor terminateRealActive] in FullBlockClosure(BlockClosure)>>newProcess
------------------------------

Process: a Process in Process>>endProcess
  stack:

Process>>endProcess
------------------------------

Process: a Process in Process>>endProcess
  stack:

Process>>endProcess
------------------------------

Process: a Process in Process>>endProcess
  stack:

Process>>endProcess
------------------------------

Process: a Process in [
		[ true ] whileTrue: [
			semaphore wait.
			[self executeCallback: self nextPendingCallback]
				on: Exception fork:  [:ex | ex pass ] ] ] in TFCallbackQueue>>forkCallbackProcess
  stack:

[
		[ true ] whileTrue: [
			semaphore wait.
			[self executeCallback: self nextPendingCallback]
				on: Exception fork:  [:ex | ex pass ] ] ] in TFCallbackQueue>>forkCallbackProcess
[self value.
			"IMPORTANT: Do not step over next line of code. See method comments for details"
			Processor terminateRealActive] in FullBlockClosure(BlockClosure)>>newProcess
------------------------------

Process: a Process in Process>>endProcess
  stack:

Process>>endProcess
------------------------------


===============================================================================
Notice: Errors in script loaded from main.st
===============================================================================
THERE_BE_DRAGONS_HERE
OCCodeError:OCUndeclaredVariableNotice UndefinedObject>>#DoIt 46:Undeclared variable->StandardRide
2 October 2026 9:54:44.292227 pm

VM: Mac OS - arm64 - 1000 - CoInterpreter VMMaker-tonel.1 uuid: 80e43a52-2018-0e00-bce4-820906d86bc4 Sep 18 2026
StackToRegisterMappingCogit VMMaker-tonel.1 uuid: 80e43a52-2018-0e00-bce4-820906d86bc4 Sep 18 2026
v10.3.11+0.a585304b1 - Commit: a585304b1 - Date: 2026-09-16 09:19:54 +0200

Image: Pharo13.1.0SNAPSHOT [Build information: Pharo-13.1.0+SNAPSHOT.build.749.sha.d7c6f761d5445e8b04a0aa5137e0d546ad9bcd89 (64 Bit)]

OCUndeclaredVariableNotice(OCNotice)>>signalError
	Receiver: OCUndeclaredVariableNotice(46:Undeclared variable)
	Arguments and temporary variables: 
x
	Receiver's instance variables: 
		messageText: 	'Undeclared variable'
		node: 	OCVariableNode(StandardRide)


OpalCompiler>>checkNotice:
	Receiver: an OpalCompiler
	Arguments and temporary variables: 
		aNotice: 	OCUndeclaredVariableNotice(46:Undeclared variable)
	Receiver's instance variables: 
		ast: 	DoIt

	| ride1 ride2 rides driver rider |
	ride1 := StandardRide new
	[..]
		source: 	'| ride1 ride2 rides driver rider |

ride1 := StandardRide new
    [..]
		compilationContext: 	an OCCompilationContext
		compilationContextClass: 	nil
		permitFaulty: 	false
		permitUndeclared: 	false
		failBlock: 	nil
		logged: 	true
		changeStamp: 	nil
		protocol: 	nil
		requestor: 	nil
		priorMethod: 	nil


[ :n |
			| check |
			check := self checkNotice: n.
			check ifNil: [ ^ ast ].
			check ifFalse: [
				ast := nil.
				^ self failBlock ifNotNil: [ :block | block cull: n ] ifNil: [ nil ].
				] ] in OpalCompiler>>parse
	Receiver: an OpalCompiler
	Arguments and temporary variables: 
		parser: 	an OCParser
		n: 	OCUndeclaredVariableNotice(46:Undeclared variable)
		check: 	nil
	Receiver's instance variables: 
		ast: 	DoIt

	| ride1 ride2 rides driver rider |
	ride1 := StandardRide new
	[..]
		source: 	'| ride1 ride2 rides driver rider |

ride1 := StandardRide new
    [..]
		compilationContext: 	an OCCompilationContext
		compilationContextClass: 	nil
		permitFaulty: 	false
		permitUndeclared: 	false
		failBlock: 	nil
		logged: 	true
		changeStamp: 	nil
		protocol: 	nil
		requestor: 	nil
		priorMethod: 	nil


OrderedCollection>>do:
	Receiver: an OrderedCollection(OCUndeclaredVariableNotice(46:Undeclared variable) OCUndeclaredVa[..]
	Arguments and temporary variables: 
		aBlock: 	[ :n |
			| check |
			check := self checkNotice: n.
			check ifNil[..]
		index: 	1
	Receiver's instance variables: 
		array: 	an Array(OCUndeclaredVariableNotice(46:Undeclared variable) OCUndecl[..]
		firstIndex: 	1
		lastIndex: 	4


OpalCompiler>>parse
	Receiver: an OpalCompiler
	Arguments and temporary variables: 
		parser: 	an OCParser
	Receiver's instance variables: 
		ast: 	DoIt

	| ride1 ride2 rides driver rider |
	ride1 := StandardRide new
	[..]
		source: 	'| ride1 ride2 rides driver rider |

ride1 := StandardRide new
    [..]
		compilationContext: 	an OCCompilationContext
		compilationContextClass: 	nil
		permitFaulty: 	false
		permitUndeclared: 	false
		failBlock: 	nil
		logged: 	true
		changeStamp: 	nil
		protocol: 	nil
		requestor: 	nil
		priorMethod: 	nil


OpalCompiler>>compile
	Receiver: an OpalCompiler
	Arguments and temporary variables: 
		result: 	nil
	Receiver's instance variables: 
		ast: 	DoIt

	| ride1 ride2 rides driver rider |
	ride1 := StandardRide new
	[..]
		source: 	'| ride1 ride2 rides driver rider |

ride1 := StandardRide new
    [..]
		compilationContext: 	an OCCompilationContext
		compilationContextClass: 	nil
		permitFaulty: 	false
		permitUndeclared: 	false
		failBlock: 	nil
		logged: 	true
		changeStamp: 	nil
		protocol: 	nil
		requestor: 	nil
		priorMethod: 	nil


OpalCompiler>>evaluate
	Receiver: an OpalCompiler
	Arguments and temporary variables: 
		value: 	nil
		doItMethod: 	nil
	Receiver's instance variables: 
		ast: 	DoIt

	| ride1 ride2 rides driver rider |
	ride1 := StandardRide new
	[..]
		source: 	'| ride1 ride2 rides driver rider |

ride1 := StandardRide new
    [..]
		compilationContext: 	an OCCompilationContext
		compilationContextClass: 	nil
		permitFaulty: 	false
		permitUndeclared: 	false
		failBlock: 	nil
		logged: 	true
		changeStamp: 	nil
		protocol: 	nil
		requestor: 	nil
		priorMethod: 	nil


DoItChunk>>importFor:logSource:
	Receiver: a DoItChunk(| ride1 ride2 rides driver rider |

ride1 := StandardRide new
    initiali[..]
	Arguments and temporary variables: 
		requestor: 	nil
		logSource: 	true
		ast: 	OCSequenceNode(| ride1 ride2 rides driver rider |
ride1 := StandardRid[..]
	Receiver's instance variables: 
		contents: 	'| ride1 ride2 rides driver rider |

ride1 := StandardRide new
  [..]


[ :declaration |
		value := declaration importFor: nil logSource: logSource  ] in CodeImporter>>evaluate
	Receiver: a CodeImporter
	Arguments and temporary variables: 
		value: 	nil
		declaration: 	a DoItChunk(| ride1 ride2 rides driver rider |

ride1 := Stand[..]
	Receiver's instance variables: 
		readStream: 	a ZnCharacterReadStream
		codeDeclarations: 	an OrderedCollection(a DoItChunk(| ride1 ride2 rides driv[..]
		parserClass: 	ChunkFileFormatParser
		logSource: 	true


OrderedCollection>>do:
	Receiver: an OrderedCollection(a DoItChunk(| ride1 ride2 rides driver rider |

ride1 := Standard[..]
	Arguments and temporary variables: 
		aBlock: 	[ :declaration |
		value := declaration importFor: nil logSource: l[..]
		index: 	1
	Receiver's instance variables: 
		array: 	an Array(a DoItChunk(| ride1 ride2 rides driver rider |

ride1 := St[..]
		firstIndex: 	1
		lastIndex: 	1


CodeImporter>>evaluate
	Receiver: a CodeImporter
	Arguments and temporary variables: 
		value: 	nil
	Receiver's instance variables: 
		readStream: 	a ZnCharacterReadStream
		codeDeclarations: 	an OrderedCollection(a DoItChunk(| ride1 ride2 rides driv[..]
		parserClass: 	ChunkFileFormatParser
		logSource: 	true


[ codeImporter evaluate ] in STCommandLineHandler>>installSourceFile:
	Receiver: a STCommandLineHandler
	Arguments and temporary variables: 
		aReference: 	a File
		codeImporter: 	a CodeImporter
	Receiver's instance variables: 
		commandLine: 	a CommandLineArguments
		session: 	a WorkingSession
		stdout: 	a VTermOutputDriver
		stderr: 	a VTermOutputDriver
		sourceFiles: 	an OrderedCollection(a File)


FullBlockClosure(BlockClosure)>>on:do:
	Receiver: [ codeImporter evaluate ]
	Arguments and temporary variables: 
		exception: 	Error
		handlerAction: 	[ :e | self handleError: e reference: aReference ]
	Receiver's instance variables: 
		outerContext: 	STCommandLineHandler>>installSourceFile:
		compiledBlock: 	a CompiledBlock: [ codeImporter evaluate ]
		numArgs: 	0
		receiver: 	a STCommandLineHandler


STCommandLineHandler>>handleErrorsDuring:reference:
	Receiver: a STCommandLineHandler
	Arguments and temporary variables: 
		aBlock: 	[ codeImporter evaluate ]
		aReference: 	a File
	Receiver's instance variables: 
		commandLine: 	a CommandLineArguments
		session: 	a WorkingSession
		stdout: 	a VTermOutputDriver
		stderr: 	a VTermOutputDriver
		sourceFiles: 	an OrderedCollection(a File)


STCommandLineHandler>>installSourceFile:
	Receiver: a STCommandLineHandler
	Arguments and temporary variables: 
		codeImporter: 	a CodeImporter
		aReference: 	a File
	Receiver's instance variables: 
		commandLine: 	a CommandLineArguments
		session: 	a WorkingSession
		stdout: 	a VTermOutputDriver
		stderr: 	a VTermOutputDriver
		sourceFiles: 	an OrderedCollection(a File)


[ :reference |
		self installSourceFile: reference ] in [ sourceFiles do: [ :reference |
		self installSourceFile: reference ]
	] in STCommandLineHandler>>installSourceFiles
	Receiver: a STCommandLineHandler
	Arguments and temporary variables: 
		reference: 	a File
	Receiver's instance variables: 
		commandLine: 	a CommandLineArguments
		session: 	a WorkingSession
		stdout: 	a VTermOutputDriver
		stderr: 	a VTermOutputDriver
		sourceFiles: 	an OrderedCollection(a File)


OrderedCollection>>do:
	Receiver: an OrderedCollection(a File)
	Arguments and temporary variables: 
		aBlock: 	[ :reference |
		self installSourceFile: reference ]
		index: 	1
	Receiver's instance variables: 
		array: 	an Array(a File)
		firstIndex: 	1
		lastIndex: 	1


[ sourceFiles do: [ :reference |
		self installSourceFile: reference ]
	] in STCommandLineHandler>>installSourceFiles
	Receiver: a STCommandLineHandler
	Arguments and temporary variables: 
x
	Receiver's instance variables: 
		commandLine: 	a CommandLineArguments
		session: 	a WorkingSession
		stdout: 	a VTermOutputDriver
		stderr: 	a VTermOutputDriver
		sourceFiles: 	an OrderedCollection(a File)


FullBlockClosure(BlockClosure)>>ensure:
	Receiver: [ sourceFiles do: [ :reference |
		self installSourceFile: reference ]
	]
	Arguments and temporary variables: 
		aBlock: 	[ sourceFiles := nil ]
		handler: 	[ sourceFiles := nil ]
		complete: 	nil
		returnValue: 	nil
	Receiver's instance variables: 
		outerContext: 	STCommandLineHandler>>installSourceFiles
		compiledBlock: 	a CompiledBlock: [ sourceFiles do: [ :reference |
		self ins[..]
		numArgs: 	0
		receiver: 	a STCommandLineHandler


STCommandLineHandler>>installSourceFiles
	Receiver: a STCommandLineHandler
	Arguments and temporary variables: 
x
	Receiver's instance variables: 
		commandLine: 	a CommandLineArguments
		session: 	a WorkingSession
		stdout: 	a VTermOutputDriver
		stderr: 	a VTermOutputDriver
		sourceFiles: 	an OrderedCollection(a File)


STCommandLineHandler>>activate
	Receiver: a STCommandLineHandler
	Arguments and temporary variables: 
x
	Receiver's instance variables: 
		commandLine: 	a CommandLineArguments
		session: 	a WorkingSession
		stdout: 	a VTermOutputDriver
		stderr: 	a VTermOutputDriver
		sourceFiles: 	an OrderedCollection(a File)


STCommandLineHandler class(CommandLineHandler class)>>activateWith:
	Receiver: STCommandLineHandler
	Arguments and temporary variables: 
		aCommandLine: 	a CommandLineArguments
	Receiver's instance variables: 
		superclass: 	CommandLineHandler
		methodDict: 	a MethodDictionary(#activate->STCommandLineHandler>>#activate #[..]
		format: 	65541
		layout: 	a FixedLayout
		protocols: 	an Array(Protocol (private) - 3 selector(s) Protocol (installing[..]
		subclasses: 	{EvaluateCommandLineHandler}
		name: 	#STCommandLineHandler
		classPool: 	nil
		sharedPools: 	an OrderedCollection()
		environment: 	a SystemEnvironment(lots of globals)
		commentSourcePointer: 	60986524
		packageTag: 	a PackageTag(Base)


[ aCommandLinehandler activateWith: commandLine ] in PharoCommandLineHandler(BasicCommandLineHandler)>>activateSubCommand:
	Receiver: a PharoCommandLineHandler
	Arguments and temporary variables: 
		aCommandLinehandler: 	STCommandLineHandler
	Receiver's instance variables: 
		commandLine: 	a CommandLineArguments
		session: 	a WorkingSession
		stdout: 	a VTermOutputDriver
		stderr: 	a VTermOutputDriver


FullBlockClosure(BlockClosure)>>on:do:
	Receiver: [ aCommandLinehandler activateWith: commandLine ]
	Arguments and temporary variables: 
		exception: 	Exit
		handlerAction: 	[ :exit |
		^ self handleExit: exit for: aCommandLinehandler ]
	Receiver's instance variables: 
		outerContext: 	PharoCommandLineHandler(BasicCommandLineHandler)>>activateSub[..]
		compiledBlock: 	a CompiledBlock: [ aCommandLinehandler activateWith: command[..]
		numArgs: 	0
		receiver: 	a PharoCommandLineHandler


PharoCommandLineHandler(BasicCommandLineHandler)>>activateSubCommand:
	Receiver: a PharoCommandLineHandler
	Arguments and temporary variables: 
		aCommandLinehandler: 	STCommandLineHandler
	Receiver's instance variables: 
		commandLine: 	a CommandLineArguments
		session: 	a WorkingSession
		stdout: 	a VTermOutputDriver
		stderr: 	a VTermOutputDriver


PharoCommandLineHandler(BasicCommandLineHandler)>>handleSubcommand
	Receiver: a PharoCommandLineHandler
	Arguments and temporary variables: 
		handlers: 	an OrderedCollection(STCommandLineHandler)
	Receiver's instance variables: 
		commandLine: 	a CommandLineArguments
		session: 	a WorkingSession
		stdout: 	a VTermOutputDriver
		stderr: 	a VTermOutputDriver


PharoCommandLineHandler(BasicCommandLineHandler)>>handleArgument:
	Receiver: a PharoCommandLineHandler
	Arguments and temporary variables: 
		aString: 	'st'
	Receiver's instance variables: 
		commandLine: 	a CommandLineArguments
		session: 	a WorkingSession
		stdout: 	a VTermOutputDriver
		stderr: 	a VTermOutputDriver


[ self handleArgument: self firstArgument ] in [ [ self handleArgument: self firstArgument ]
		on: Exit
		do: [ :exit |
			"If the command line is protected by password, we just exit the image because in non-headless mode the handleExit will let the image open. If the password protection is enabled, it is to avoid to let the access to the image."
			self class commandLinePasswordManager hasPasswordSet
				ifTrue: [ Smalltalk snapshot: false andQuit: true ].
			self handleExit: exit ] ] in PharoCommandLineHandler(BasicCommandLineHandler)>>activate
	Receiver: a PharoCommandLineHandler
	Arguments and temporary variables: 
x
	Receiver's instance variables: 
		commandLine: 	a CommandLineArguments
		session: 	a WorkingSession
		stdout: 	a VTermOutputDriver
		stderr: 	a VTermOutputDriver


FullBlockClosure(BlockClosure)>>on:do:
	Receiver: [ self handleArgument: self firstArgument ]
	Arguments and temporary variables: 
		exception: 	Exit
		handlerAction: 	[ :exit |
			"If the command line is protected by password, [..]
	Receiver's instance variables: 
		outerContext: 	[ [ self handleArgument: self firstArgument ]
		on: Exit
		do[..]
		compiledBlock: 	a CompiledBlock: [ self handleArgument: self firstArgument ]
		numArgs: 	0
		receiver: 	a PharoCommandLineHandler


[ [ self handleArgument: self firstArgument ]
		on: Exit
		do: [ :exit |
			"If the command line is protected by password, we just exit the image because in non-headless mode the handleExit will let the image open. If the password protection is enabled, it is to avoid to let the access to the image."
			self class commandLinePasswordManager hasPasswordSet
				ifTrue: [ Smalltalk snapshot: false andQuit: true ].
			self handleExit: exit ] ] in PharoCommandLineHandler(BasicCommandLineHandler)>>activate
	Receiver: a PharoCommandLineHandler
	Arguments and temporary variables: 
x
	Receiver's instance variables: 
		commandLine: 	a CommandLineArguments
		session: 	a WorkingSession
		stdout: 	a VTermOutputDriver
		stderr: 	a VTermOutputDriver


[self value.
			"IMPORTANT: Do not step over next line of code. See method comments for details"
			Processor terminateRealActive] in FullBlockClosure(BlockClosure)>>newProcess
	Receiver: [ [ self handleArgument: self firstArgument ]
		on: Exit
		do: [ :exit |
			"If the co[..]
	Arguments and temporary variables: 
x
	Receiver's instance variables: 
		outerContext: 	PharoCommandLineHandler(BasicCommandLineHandler)>>activate
		compiledBlock: 	a CompiledBlock: [ [ self handleArgument: self firstArgument[..]
		numArgs: 	0
		receiver: 	a PharoCommandLineHandler



--- The full stack ---
OCUndeclaredVariableNotice(OCNotice)>>signalError
OpalCompiler>>checkNotice:
[ :n |
			| check |
			check := self checkNotice: n.
			check ifNil: [ ^ ast ].
			check ifFalse: [
				ast := nil.
				^ self failBlock ifNotNil: [ :block | block cull: n ] ifNil: [ nil ].
				] ] in OpalCompiler>>parse
OrderedCollection>>do:
OpalCompiler>>parse
OpalCompiler>>compile
OpalCompiler>>evaluate
DoItChunk>>importFor:logSource:
[ :declaration |
		value := declaration importFor: nil logSource: logSource  ] in CodeImporter>>evaluate
OrderedCollection>>do:
CodeImporter>>evaluate
[ codeImporter evaluate ] in STCommandLineHandler>>installSourceFile:
FullBlockClosure(BlockClosure)>>on:do:
STCommandLineHandler>>handleErrorsDuring:reference:
STCommandLineHandler>>installSourceFile:
[ :reference |
		self installSourceFile: reference ] in [ sourceFiles do: [ :reference |
		self installSourceFile: reference ]
	] in STCommandLineHandler>>installSourceFiles
OrderedCollection>>do:
[ sourceFiles do: [ :reference |
		self installSourceFile: reference ]
	] in STCommandLineHandler>>installSourceFiles
FullBlockClosure(BlockClosure)>>ensure:
STCommandLineHandler>>installSourceFiles
STCommandLineHandler>>activate
STCommandLineHandler class(CommandLineHandler class)>>activateWith:
[ aCommandLinehandler activateWith: commandLine ] in PharoCommandLineHandler(BasicCommandLineHandler)>>activateSubCommand:
FullBlockClosure(BlockClosure)>>on:do:
PharoCommandLineHandler(BasicCommandLineHandler)>>activateSubCommand:
PharoCommandLineHandler(BasicCommandLineHandler)>>handleSubcommand
PharoCommandLineHandler(BasicCommandLineHandler)>>handleArgument:
[ self handleArgument: self firstArgument ] in [ [ self handleArgument: self firstArgument ]
		on: Exit
		do: [ :exit |
			"If the command line is protected by password, we just exit the image because in non-headless mode the handleExit will let the image open. If the password protection is enabled, it is to avoid to let the access to the image."
			self class commandLinePasswordManager hasPasswordSet
				ifTrue: [ Smalltalk snapshot: false andQuit: true ].
			self handleExit: exit ] ] in PharoCommandLineHandler(BasicCommandLineHandler)>>activate
FullBlockClosure(BlockClosure)>>on:do:
[ [ self handleArgument: self firstArgument ]
		on: Exit
		do: [ :exit |
			"If the command line is protected by password, we just exit the image because in non-headless mode the handleExit will let the image open. If the password protection is enabled, it is to avoid to let the access to the image."
			self class commandLinePasswordManager hasPasswordSet
				ifTrue: [ Smalltalk snapshot: false andQuit: true ].
			self handleExit: exit ] ] in PharoCommandLineHandler(BasicCommandLineHandler)>>activate
[self value.
			"IMPORTANT: Do not step over next line of code. See method comments for details"
			Processor terminateRealActive] in FullBlockClosure(BlockClosure)>>newProcess
-------------------------------------------------------------------------------

Processes and their stacks: 
Process: a Process in AtomicSharedQueue>>waitForNewItems
  stack:

AtomicSharedQueue>>waitForNewItems
AtomicSharedQueue>>next
TKTWorkerProcess>>privateNextTask
TKTWorkerProcess>>workerLoop
MessageSend>>value
[ aValuable value ] in TKTPharoProcessProvider>>createProcessDoing:named:
[self value.
			"IMPORTANT: Do not step over next line of code. See method comments for details"
			Processor terminateRealActive] in FullBlockClosure(BlockClosure)>>newProcess
------------------------------

Process: a Process in AtomicSharedQueue>>waitForNewItems
  stack:

AtomicSharedQueue>>waitForNewItems
AtomicSharedQueue>>next
TKTWorkerProcess>>privateNextTask
TKTWorkerProcess>>workerLoop
MessageSend>>value
[ aValuable value ] in TKTPharoProcessProvider>>createProcessDoing:named:
[self value.
			"IMPORTANT: Do not step over next line of code. See method comments for details"
			Processor terminateRealActive] in FullBlockClosure(BlockClosure)>>newProcess
------------------------------

Process: a Process in DelayMicrosecondTicker>>waitForUserSignalled:orExpired:
  stack:

DelayMicrosecondTicker>>waitForUserSignalled:orExpired:
[  [runTimerEventLoop] whileTrue:
		[	|nowTick|
			"Warning! Stepping <Over> the following line may lock the Image. Use <Into> or <Proceed>."
		 	ticker waitForUserSignalled: timingSemaphore orExpired: activeDelay.

			"Invoke the api back-ends, which set the transfer-variable to nil"
			suspendSemaphore ifNotNil: [ self suspendAtTimingPriority    ].
			delayToStart     ifNotNil: [ self scheduleAtTimingPriority   ].
			delayToStop      ifNotNil: [ self unscheduleAtTimingPriority ].

			"Signal any expired delays"
			nowTick := ticker nowTick.
			[ 	activeDelay isNotNil and: [nowTick >= activeDelay resumptionTick] ]
					whileTrue: [
						activeDelay timingPrioritySignalExpired.
						activeDelay := suspendedDelays removeFirstOrNil ].
		]
	] in DelaySemaphoreScheduler(DelayBasicScheduler)>>runBackendLoopAtTimingPriority
FullBlockClosure(BlockClosure)>>ensure:
DelaySemaphoreScheduler(DelayBasicScheduler)>>runBackendLoopAtTimingPriority
[ self runBackendLoopAtTimingPriority ] in DelaySemaphoreScheduler(DelayBasicScheduler)>>startTimerEventLoopPriority:
[self value.
			"IMPORTANT: Do not step over next line of code. See method comments for details"
			Processor terminateRealActive] in FullBlockClosure(BlockClosure)>>newProcess
------------------------------

Process: a Process in MorphicRenderLoop>>doOneCycleWhile:
  stack:

MorphicRenderLoop>>doOneCycleWhile:
[ MorphicRenderLoop new doOneCycleWhile: [ true ] ] in MorphicUIManager>>spawnNewProcess
[self value.
			"IMPORTANT: Do not step over next line of code. See method comments for details"
			Processor terminateRealActive] in FullBlockClosure(BlockClosure)>>newProcess
------------------------------

Process: a Process in Process>>endProcess
  stack:

Process>>endProcess
------------------------------

Process: a Process in Process>>endProcess
  stack:

Process>>endProcess
------------------------------

Process: a Process in Process>>endProcess
  stack:

Process>>endProcess
------------------------------

Process: a Process in Process>>endProcess
  stack:

Process>>endProcess
------------------------------

Process: a Process in Process>>endProcess
  stack:

Process>>endProcess
------------------------------

Process: a Process in SmalltalkImage>>lowSpaceWatcher
  stack:

SmalltalkImage>>lowSpaceWatcher
[ self lowSpaceWatcher ] in SmalltalkImage>>installLowSpaceWatcher
[self value.
			"IMPORTANT: Do not step over next line of code. See method comments for details"
			Processor terminateRealActive] in FullBlockClosure(BlockClosure)>>newProcess
------------------------------

Process: a Process in [self value.
			"IMPORTANT: Do not step over next line of code. See method comments for details"
			Processor terminateRealActive] in FullBlockClosure(BlockClosure)>>newProcess
  stack:

[self value.
			"IMPORTANT: Do not step over next line of code. See method comments for details"
			Processor terminateRealActive] in FullBlockClosure(BlockClosure)>>newProcess
------------------------------

Process: a Process in FinalizationProcess class>>finalizationProcess
  stack:

FinalizationProcess class>>finalizationProcess
[self finalizationProcess] in FinalizationProcess class>>restartFinalizationProcess
[self value.
			"IMPORTANT: Do not step over next line of code. See method comments for details"
			Processor terminateRealActive] in FullBlockClosure(BlockClosure)>>newProcess
------------------------------

Process: a Process in nil
  stack:

Array(SequenceableCollection)>>do:
[:logger |
		logger nextPutAll: 'Processes and their stacks: ';cr.

		Process allInstances do: [:each | | ctx |
			logger nextPutAll: 'Process: '; print: each; cr; nextPutAll: '  stack:'; cr; cr.

			ctx := each isActive ifTrue: [ thisContext sender ] ifFalse: [ each suspendedContext ].
			ctx ifNotNil: [
				(ctx stackOfSize: 20) do: [:s | logger print: s; cr ]].
			logger nextPutAll: '------------------------------'; cr; cr.
		]] in [ Smalltalk
		logError: aString
		inContext: aContext.

	" Print stacks of all current processes "

	Smalltalk logDuring: [:logger |
		logger nextPutAll: 'Processes and their stacks: ';cr.

		Process allInstances do: [:each | | ctx |
			logger nextPutAll: 'Process: '; print: each; cr; nextPutAll: '  stack:'; cr; cr.

			ctx := each isActive ifTrue: [ thisContext sender ] ifFalse: [ each suspendedContext ].
			ctx ifNotNil: [
				(ctx stackOfSize: 20) do: [:s | logger print: s; cr ]].
			logger nextPutAll: '------------------------------'; cr; cr.
		]].
	] in NonInteractiveUIManager(CommandLineUIManager)>>quitFrom:withMessage:
[
		logStream := self openLog.
		aMonadicBlock value: logStream.
	] in SmalltalkImage>>logDuring:
FullBlockClosure(BlockClosure)>>ensure:
SmalltalkImage>>logDuring:
[ Smalltalk
		logError: aString
		inContext: aContext.

	" Print stacks of all current processes "

	Smalltalk logDuring: [:logger |
		logger nextPutAll: 'Processes and their stacks: ';cr.

		Process allInstances do: [:each | | ctx |
			logger nextPutAll: 'Process: '; print: each; cr; nextPutAll: '  stack:'; cr; cr.

			ctx := each isActive ifTrue: [ thisContext sender ] ifFalse: [ each suspendedContext ].
			ctx ifNotNil: [
				(ctx stackOfSize: 20) do: [:s | logger print: s; cr ]].
			logger nextPutAll: '------------------------------'; cr; cr.
		]].
	] in NonInteractiveUIManager(CommandLineUIManager)>>quitFrom:withMessage:
FullBlockClosure(BlockClosure)>>ensure:
NonInteractiveUIManager(CommandLineUIManager)>>quitFrom:withMessage:
NonInteractiveUIManager(CommandLineUIManager)>>handleError:log:
NonInteractiveUIManager(UIManager)>>handleError:
Process>>handleError:
OCCodeError(Exception)>>unhandledErrorAction
UnhandledError>>defaultAction
UndefinedObject>>handleSignal:
Context>>handleSignal:
Context>>handleSignal:
Context>>handleSignal:
UnhandledError(Exception)>>signal
UnhandledError class>>signalForException:
OCCodeError(Exception)>>raiseUnhandledError
------------------------------

Process: a Process in Process>>endProcess
  stack:

Process>>endProcess
------------------------------

Process: a Process in Process>>endProcess
  stack:

Process>>endProcess
------------------------------

Process: a Process in Process>>endProcess
  stack:

Process>>endProcess
------------------------------

Process: a Process in [
		[ true ] whileTrue: [
			semaphore wait.
			[self executeCallback: self nextPendingCallback]
				on: Exception fork:  [:ex | ex pass ] ] ] in TFCallbackQueue>>forkCallbackProcess
  stack:

[
		[ true ] whileTrue: [
			semaphore wait.
			[self executeCallback: self nextPendingCallback]
				on: Exception fork:  [:ex | ex pass ] ] ] in TFCallbackQueue>>forkCallbackProcess
[self value.
			"IMPORTANT: Do not step over next line of code. See method comments for details"
			Processor terminateRealActive] in FullBlockClosure(BlockClosure)>>newProcess
------------------------------

Process: a Process in Process>>endProcess
  stack:

Process>>endProcess
------------------------------


===============================================================================
Notice: Errors in script loaded from Ride.st
===============================================================================
THERE_BE_DRAGONS_HERE
Instance of Ride class did not understand #methodsFor:
3 October 2026 6:10:26.087231 am

VM: Mac OS - arm64 - 1000 - CoInterpreter VMMaker-tonel.1 uuid: 80e43a52-2018-0e00-bce4-820906d86bc4 Sep 18 2026
StackToRegisterMappingCogit VMMaker-tonel.1 uuid: 80e43a52-2018-0e00-bce4-820906d86bc4 Sep 18 2026
v10.3.11+0.a585304b1 - Commit: a585304b1 - Date: 2026-09-16 09:19:54 +0200

Image: Pharo13.1.0SNAPSHOT [Build information: Pharo-13.1.0+SNAPSHOT.build.749.sha.d7c6f761d5445e8b04a0aa5137e0d546ad9bcd89 (64 Bit)]

Ride class(Object)>>doesNotUnderstand: #methodsFor:
	Receiver: Ride
	Arguments and temporary variables: 
		aMessage: 	methodsFor: 'accessing'
		exception: 	Instance of Ride class did not understand #methodsFor:
		resumeValue: 	nil
	Receiver's instance variables: 
		superclass: 	Object
		methodDict: 	a MethodDictionary(#initializeWithID:pickup:dropoff:distance:->[..]
		format: 	65540
		layout: 	a FixedLayout
		protocols: 	an Array(Protocol (initialization) - 1 selector(s))
		subclasses: 	nil
		name: 	#Ride
		classPool: 	nil
		sharedPools: 	an OrderedCollection()
		environment: 	a SystemEnvironment(lots of globals)
		commentSourcePointer: 	nil
		packageTag: 	a PackageTag(Uncategorized)


UndefinedObject>>DoIt
	Receiver: nil
	Arguments and temporary variables: 
x
	Receiver's instance variables: 
nil

OCReceiverDoItSemanticScope(OCDoItSemanticScope)>>evaluateDoIt:
	Receiver: an OCReceiverDoItSemanticScope
	Arguments and temporary variables: 
		doItMethod: 	UndefinedObject>>#DoIt
	Receiver's instance variables: 
		outerScope: 	nil
		targetReceiver: 	nil


OpalCompiler>>evaluate
	Receiver: an OpalCompiler
	Arguments and temporary variables: 
		value: 	nil
		doItMethod: 	UndefinedObject>>#DoIt
	Receiver's instance variables: 
		ast: 	DoIt

	Ride methodsFor: 'accessing'
		source: 	'Ride methodsFor: ''accessing'''
		compilationContext: 	an OCCompilationContext
		compilationContextClass: 	nil
		permitFaulty: 	false
		permitUndeclared: 	false
		failBlock: 	nil
		logged: 	true
		changeStamp: 	nil
		protocol: 	nil
		requestor: 	nil
		priorMethod: 	nil


DoItChunk>>importFor:logSource:
	Receiver: a DoItChunk(Ride methodsFor: 'accessing')
	Arguments and temporary variables: 
		requestor: 	nil
		logSource: 	true
		ast: 	OCMessageNode(Ride methodsFor: 'accessing')
	Receiver's instance variables: 
		contents: 	'Ride methodsFor: ''accessing'''


[ :declaration |
		value := declaration importFor: nil logSource: logSource  ] in CodeImporter>>evaluate
	Receiver: a CodeImporter
	Arguments and temporary variables: 
		value: 	#initializeWithID:pickup:dropoff:distance:
		declaration: 	a DoItChunk(Ride methodsFor: 'accessing')
	Receiver's instance variables: 
		readStream: 	a ZnCharacterReadStream
		codeDeclarations: 	an OrderedCollection(a DoItChunk(Object subclass: #Ride
 [..]
		parserClass: 	ChunkFileFormatParser
		logSource: 	true


OrderedCollection>>do:
	Receiver: an OrderedCollection(a DoItChunk(Object subclass: #Ride
    instanceVariableNames: 'ri[..]
	Arguments and temporary variables: 
		aBlock: 	[ :declaration |
		value := declaration importFor: nil logSource: l[..]
		index: 	3
	Receiver's instance variables: 
		array: 	an Array(a DoItChunk(Object subclass: #Ride
    instanceVariableName[..]
		firstIndex: 	1
		lastIndex: 	9


CodeImporter>>evaluate
	Receiver: a CodeImporter
	Arguments and temporary variables: 
		value: 	#initializeWithID:pickup:dropoff:distance:
	Receiver's instance variables: 
		readStream: 	a ZnCharacterReadStream
		codeDeclarations: 	an OrderedCollection(a DoItChunk(Object subclass: #Ride
 [..]
		parserClass: 	ChunkFileFormatParser
		logSource: 	true


[ codeImporter evaluate ] in STCommandLineHandler>>installSourceFile:
	Receiver: a STCommandLineHandler
	Arguments and temporary variables: 
		aReference: 	a File
		codeImporter: 	a CodeImporter
	Receiver's instance variables: 
		commandLine: 	a CommandLineArguments
		session: 	a WorkingSession
		stdout: 	a VTermOutputDriver
		stderr: 	a VTermOutputDriver
		sourceFiles: 	an OrderedCollection(a File)


FullBlockClosure(BlockClosure)>>on:do:
	Receiver: [ codeImporter evaluate ]
	Arguments and temporary variables: 
		exception: 	Error
		handlerAction: 	[ :e | self handleError: e reference: aReference ]
	Receiver's instance variables: 
		outerContext: 	STCommandLineHandler>>installSourceFile:
		compiledBlock: 	a CompiledBlock: [ codeImporter evaluate ]
		numArgs: 	0
		receiver: 	a STCommandLineHandler


STCommandLineHandler>>handleErrorsDuring:reference:
	Receiver: a STCommandLineHandler
	Arguments and temporary variables: 
		aBlock: 	[ codeImporter evaluate ]
		aReference: 	a File
	Receiver's instance variables: 
		commandLine: 	a CommandLineArguments
		session: 	a WorkingSession
		stdout: 	a VTermOutputDriver
		stderr: 	a VTermOutputDriver
		sourceFiles: 	an OrderedCollection(a File)


STCommandLineHandler>>installSourceFile:
	Receiver: a STCommandLineHandler
	Arguments and temporary variables: 
		codeImporter: 	a CodeImporter
		aReference: 	a File
	Receiver's instance variables: 
		commandLine: 	a CommandLineArguments
		session: 	a WorkingSession
		stdout: 	a VTermOutputDriver
		stderr: 	a VTermOutputDriver
		sourceFiles: 	an OrderedCollection(a File)


[ :reference |
		self installSourceFile: reference ] in [ sourceFiles do: [ :reference |
		self installSourceFile: reference ]
	] in STCommandLineHandler>>installSourceFiles
	Receiver: a STCommandLineHandler
	Arguments and temporary variables: 
		reference: 	a File
	Receiver's instance variables: 
		commandLine: 	a CommandLineArguments
		session: 	a WorkingSession
		stdout: 	a VTermOutputDriver
		stderr: 	a VTermOutputDriver
		sourceFiles: 	an OrderedCollection(a File)


OrderedCollection>>do:
	Receiver: an OrderedCollection(a File)
	Arguments and temporary variables: 
		aBlock: 	[ :reference |
		self installSourceFile: reference ]
		index: 	1
	Receiver's instance variables: 
		array: 	an Array(a File)
		firstIndex: 	1
		lastIndex: 	1


[ sourceFiles do: [ :reference |
		self installSourceFile: reference ]
	] in STCommandLineHandler>>installSourceFiles
	Receiver: a STCommandLineHandler
	Arguments and temporary variables: 
x
	Receiver's instance variables: 
		commandLine: 	a CommandLineArguments
		session: 	a WorkingSession
		stdout: 	a VTermOutputDriver
		stderr: 	a VTermOutputDriver
		sourceFiles: 	an OrderedCollection(a File)


FullBlockClosure(BlockClosure)>>ensure:
	Receiver: [ sourceFiles do: [ :reference |
		self installSourceFile: reference ]
	]
	Arguments and temporary variables: 
		aBlock: 	[ sourceFiles := nil ]
		handler: 	[ sourceFiles := nil ]
		complete: 	nil
		returnValue: 	nil
	Receiver's instance variables: 
		outerContext: 	STCommandLineHandler>>installSourceFiles
		compiledBlock: 	a CompiledBlock: [ sourceFiles do: [ :reference |
		self ins[..]
		numArgs: 	0
		receiver: 	a STCommandLineHandler


STCommandLineHandler>>installSourceFiles
	Receiver: a STCommandLineHandler
	Arguments and temporary variables: 
x
	Receiver's instance variables: 
		commandLine: 	a CommandLineArguments
		session: 	a WorkingSession
		stdout: 	a VTermOutputDriver
		stderr: 	a VTermOutputDriver
		sourceFiles: 	an OrderedCollection(a File)


STCommandLineHandler>>activate
	Receiver: a STCommandLineHandler
	Arguments and temporary variables: 
x
	Receiver's instance variables: 
		commandLine: 	a CommandLineArguments
		session: 	a WorkingSession
		stdout: 	a VTermOutputDriver
		stderr: 	a VTermOutputDriver
		sourceFiles: 	an OrderedCollection(a File)


STCommandLineHandler class(CommandLineHandler class)>>activateWith:
	Receiver: STCommandLineHandler
	Arguments and temporary variables: 
		aCommandLine: 	a CommandLineArguments
	Receiver's instance variables: 
		superclass: 	CommandLineHandler
		methodDict: 	a MethodDictionary(#activate->STCommandLineHandler>>#activate #[..]
		format: 	65541
		layout: 	a FixedLayout
		protocols: 	an Array(Protocol (private) - 3 selector(s) Protocol (installing[..]
		subclasses: 	{EvaluateCommandLineHandler}
		name: 	#STCommandLineHandler
		classPool: 	nil
		sharedPools: 	an OrderedCollection()
		environment: 	a SystemEnvironment(lots of globals)
		commentSourcePointer: 	60986524
		packageTag: 	a PackageTag(Base)


[ aCommandLinehandler activateWith: commandLine ] in PharoCommandLineHandler(BasicCommandLineHandler)>>activateSubCommand:
	Receiver: a PharoCommandLineHandler
	Arguments and temporary variables: 
		aCommandLinehandler: 	STCommandLineHandler
	Receiver's instance variables: 
		commandLine: 	a CommandLineArguments
		session: 	a WorkingSession
		stdout: 	a VTermOutputDriver
		stderr: 	a VTermOutputDriver


FullBlockClosure(BlockClosure)>>on:do:
	Receiver: [ aCommandLinehandler activateWith: commandLine ]
	Arguments and temporary variables: 
		exception: 	Exit
		handlerAction: 	[ :exit |
		^ self handleExit: exit for: aCommandLinehandler ]
	Receiver's instance variables: 
		outerContext: 	PharoCommandLineHandler(BasicCommandLineHandler)>>activateSub[..]
		compiledBlock: 	a CompiledBlock: [ aCommandLinehandler activateWith: command[..]
		numArgs: 	0
		receiver: 	a PharoCommandLineHandler


PharoCommandLineHandler(BasicCommandLineHandler)>>activateSubCommand:
	Receiver: a PharoCommandLineHandler
	Arguments and temporary variables: 
		aCommandLinehandler: 	STCommandLineHandler
	Receiver's instance variables: 
		commandLine: 	a CommandLineArguments
		session: 	a WorkingSession
		stdout: 	a VTermOutputDriver
		stderr: 	a VTermOutputDriver


PharoCommandLineHandler(BasicCommandLineHandler)>>handleSubcommand
	Receiver: a PharoCommandLineHandler
	Arguments and temporary variables: 
		handlers: 	an OrderedCollection(STCommandLineHandler)
	Receiver's instance variables: 
		commandLine: 	a CommandLineArguments
		session: 	a WorkingSession
		stdout: 	a VTermOutputDriver
		stderr: 	a VTermOutputDriver


PharoCommandLineHandler(BasicCommandLineHandler)>>handleArgument:
	Receiver: a PharoCommandLineHandler
	Arguments and temporary variables: 
		aString: 	'st'
	Receiver's instance variables: 
		commandLine: 	a CommandLineArguments
		session: 	a WorkingSession
		stdout: 	a VTermOutputDriver
		stderr: 	a VTermOutputDriver


[ self handleArgument: self firstArgument ] in [ [ self handleArgument: self firstArgument ]
		on: Exit
		do: [ :exit |
			"If the command line is protected by password, we just exit the image because in non-headless mode the handleExit will let the image open. If the password protection is enabled, it is to avoid to let the access to the image."
			self class commandLinePasswordManager hasPasswordSet
				ifTrue: [ Smalltalk snapshot: false andQuit: true ].
			self handleExit: exit ] ] in PharoCommandLineHandler(BasicCommandLineHandler)>>activate
	Receiver: a PharoCommandLineHandler
	Arguments and temporary variables: 
x
	Receiver's instance variables: 
		commandLine: 	a CommandLineArguments
		session: 	a WorkingSession
		stdout: 	a VTermOutputDriver
		stderr: 	a VTermOutputDriver


FullBlockClosure(BlockClosure)>>on:do:
	Receiver: [ self handleArgument: self firstArgument ]
	Arguments and temporary variables: 
		exception: 	Exit
		handlerAction: 	[ :exit |
			"If the command line is protected by password, [..]
	Receiver's instance variables: 
		outerContext: 	[ [ self handleArgument: self firstArgument ]
		on: Exit
		do[..]
		compiledBlock: 	a CompiledBlock: [ self handleArgument: self firstArgument ]
		numArgs: 	0
		receiver: 	a PharoCommandLineHandler


[ [ self handleArgument: self firstArgument ]
		on: Exit
		do: [ :exit |
			"If the command line is protected by password, we just exit the image because in non-headless mode the handleExit will let the image open. If the password protection is enabled, it is to avoid to let the access to the image."
			self class commandLinePasswordManager hasPasswordSet
				ifTrue: [ Smalltalk snapshot: false andQuit: true ].
			self handleExit: exit ] ] in PharoCommandLineHandler(BasicCommandLineHandler)>>activate
	Receiver: a PharoCommandLineHandler
	Arguments and temporary variables: 
x
	Receiver's instance variables: 
		commandLine: 	a CommandLineArguments
		session: 	a WorkingSession
		stdout: 	a VTermOutputDriver
		stderr: 	a VTermOutputDriver


[self value.
			"IMPORTANT: Do not step over next line of code. See method comments for details"
			Processor terminateRealActive] in FullBlockClosure(BlockClosure)>>newProcess
	Receiver: [ [ self handleArgument: self firstArgument ]
		on: Exit
		do: [ :exit |
			"If the co[..]
	Arguments and temporary variables: 
x
	Receiver's instance variables: 
		outerContext: 	PharoCommandLineHandler(BasicCommandLineHandler)>>activate
		compiledBlock: 	a CompiledBlock: [ [ self handleArgument: self firstArgument[..]
		numArgs: 	0
		receiver: 	a PharoCommandLineHandler



--- The full stack ---
Ride class(Object)>>doesNotUnderstand: #methodsFor:
UndefinedObject>>DoIt
OCReceiverDoItSemanticScope(OCDoItSemanticScope)>>evaluateDoIt:
OpalCompiler>>evaluate
DoItChunk>>importFor:logSource:
[ :declaration |
		value := declaration importFor: nil logSource: logSource  ] in CodeImporter>>evaluate
OrderedCollection>>do:
CodeImporter>>evaluate
[ codeImporter evaluate ] in STCommandLineHandler>>installSourceFile:
FullBlockClosure(BlockClosure)>>on:do:
STCommandLineHandler>>handleErrorsDuring:reference:
STCommandLineHandler>>installSourceFile:
[ :reference |
		self installSourceFile: reference ] in [ sourceFiles do: [ :reference |
		self installSourceFile: reference ]
	] in STCommandLineHandler>>installSourceFiles
OrderedCollection>>do:
[ sourceFiles do: [ :reference |
		self installSourceFile: reference ]
	] in STCommandLineHandler>>installSourceFiles
FullBlockClosure(BlockClosure)>>ensure:
STCommandLineHandler>>installSourceFiles
STCommandLineHandler>>activate
STCommandLineHandler class(CommandLineHandler class)>>activateWith:
[ aCommandLinehandler activateWith: commandLine ] in PharoCommandLineHandler(BasicCommandLineHandler)>>activateSubCommand:
FullBlockClosure(BlockClosure)>>on:do:
PharoCommandLineHandler(BasicCommandLineHandler)>>activateSubCommand:
PharoCommandLineHandler(BasicCommandLineHandler)>>handleSubcommand
PharoCommandLineHandler(BasicCommandLineHandler)>>handleArgument:
[ self handleArgument: self firstArgument ] in [ [ self handleArgument: self firstArgument ]
		on: Exit
		do: [ :exit |
			"If the command line is protected by password, we just exit the image because in non-headless mode the handleExit will let the image open. If the password protection is enabled, it is to avoid to let the access to the image."
			self class commandLinePasswordManager hasPasswordSet
				ifTrue: [ Smalltalk snapshot: false andQuit: true ].
			self handleExit: exit ] ] in PharoCommandLineHandler(BasicCommandLineHandler)>>activate
FullBlockClosure(BlockClosure)>>on:do:
[ [ self handleArgument: self firstArgument ]
		on: Exit
		do: [ :exit |
			"If the command line is protected by password, we just exit the image because in non-headless mode the handleExit will let the image open. If the password protection is enabled, it is to avoid to let the access to the image."
			self class commandLinePasswordManager hasPasswordSet
				ifTrue: [ Smalltalk snapshot: false andQuit: true ].
			self handleExit: exit ] ] in PharoCommandLineHandler(BasicCommandLineHandler)>>activate
[self value.
			"IMPORTANT: Do not step over next line of code. See method comments for details"
			Processor terminateRealActive] in FullBlockClosure(BlockClosure)>>newProcess
-------------------------------------------------------------------------------

Processes and their stacks: 
Process: a Process in AtomicSharedQueue>>waitForNewItems
  stack:

AtomicSharedQueue>>waitForNewItems
AtomicSharedQueue>>next
TKTWorkerProcess>>privateNextTask
TKTWorkerProcess>>workerLoop
MessageSend>>value
[ aValuable value ] in TKTPharoProcessProvider>>createProcessDoing:named:
[self value.
			"IMPORTANT: Do not step over next line of code. See method comments for details"
			Processor terminateRealActive] in FullBlockClosure(BlockClosure)>>newProcess
------------------------------

Process: a Process in AtomicSharedQueue>>waitForNewItems
  stack:

AtomicSharedQueue>>waitForNewItems
AtomicSharedQueue>>next
TKTWorkerProcess>>privateNextTask
TKTWorkerProcess>>workerLoop
MessageSend>>value
[ aValuable value ] in TKTPharoProcessProvider>>createProcessDoing:named:
[self value.
			"IMPORTANT: Do not step over next line of code. See method comments for details"
			Processor terminateRealActive] in FullBlockClosure(BlockClosure)>>newProcess
------------------------------

Process: a Process in DelayMicrosecondTicker>>waitForUserSignalled:orExpired:
  stack:

DelayMicrosecondTicker>>waitForUserSignalled:orExpired:
[  [runTimerEventLoop] whileTrue:
		[	|nowTick|
			"Warning! Stepping <Over> the following line may lock the Image. Use <Into> or <Proceed>."
		 	ticker waitForUserSignalled: timingSemaphore orExpired: activeDelay.

			"Invoke the api back-ends, which set the transfer-variable to nil"
			suspendSemaphore ifNotNil: [ self suspendAtTimingPriority    ].
			delayToStart     ifNotNil: [ self scheduleAtTimingPriority   ].
			delayToStop      ifNotNil: [ self unscheduleAtTimingPriority ].

			"Signal any expired delays"
			nowTick := ticker nowTick.
			[ 	activeDelay isNotNil and: [nowTick >= activeDelay resumptionTick] ]
					whileTrue: [
						activeDelay timingPrioritySignalExpired.
						activeDelay := suspendedDelays removeFirstOrNil ].
		]
	] in DelaySemaphoreScheduler(DelayBasicScheduler)>>runBackendLoopAtTimingPriority
FullBlockClosure(BlockClosure)>>ensure:
DelaySemaphoreScheduler(DelayBasicScheduler)>>runBackendLoopAtTimingPriority
[ self runBackendLoopAtTimingPriority ] in DelaySemaphoreScheduler(DelayBasicScheduler)>>startTimerEventLoopPriority:
[self value.
			"IMPORTANT: Do not step over next line of code. See method comments for details"
			Processor terminateRealActive] in FullBlockClosure(BlockClosure)>>newProcess
------------------------------

Process: a Process in MorphicRenderLoop>>doOneCycleWhile:
  stack:

MorphicRenderLoop>>doOneCycleWhile:
[ MorphicRenderLoop new doOneCycleWhile: [ true ] ] in MorphicUIManager>>spawnNewProcess
[self value.
			"IMPORTANT: Do not step over next line of code. See method comments for details"
			Processor terminateRealActive] in FullBlockClosure(BlockClosure)>>newProcess
------------------------------

Process: a Process in Process>>endProcess
  stack:

Process>>endProcess
------------------------------

Process: a Process in Process>>endProcess
  stack:

Process>>endProcess
------------------------------

Process: a Process in Process>>endProcess
  stack:

Process>>endProcess
------------------------------

Process: a Process in Process>>endProcess
  stack:

Process>>endProcess
------------------------------

Process: a Process in Process>>endProcess
  stack:

Process>>endProcess
------------------------------

Process: a Process in SmalltalkImage>>lowSpaceWatcher
  stack:

SmalltalkImage>>lowSpaceWatcher
[ self lowSpaceWatcher ] in SmalltalkImage>>installLowSpaceWatcher
[self value.
			"IMPORTANT: Do not step over next line of code. See method comments for details"
			Processor terminateRealActive] in FullBlockClosure(BlockClosure)>>newProcess
------------------------------

Process: a Process in [self value.
			"IMPORTANT: Do not step over next line of code. See method comments for details"
			Processor terminateRealActive] in FullBlockClosure(BlockClosure)>>newProcess
  stack:

[self value.
			"IMPORTANT: Do not step over next line of code. See method comments for details"
			Processor terminateRealActive] in FullBlockClosure(BlockClosure)>>newProcess
------------------------------

Process: a Process in FinalizationProcess class>>finalizationProcess
  stack:

FinalizationProcess class>>finalizationProcess
[self finalizationProcess] in FinalizationProcess class>>restartFinalizationProcess
[self value.
			"IMPORTANT: Do not step over next line of code. See method comments for details"
			Processor terminateRealActive] in FullBlockClosure(BlockClosure)>>newProcess
------------------------------

Process: a Process in nil
  stack:

Array(SequenceableCollection)>>do:
[:logger |
		logger nextPutAll: 'Processes and their stacks: ';cr.

		Process allInstances do: [:each | | ctx |
			logger nextPutAll: 'Process: '; print: each; cr; nextPutAll: '  stack:'; cr; cr.

			ctx := each isActive ifTrue: [ thisContext sender ] ifFalse: [ each suspendedContext ].
			ctx ifNotNil: [
				(ctx stackOfSize: 20) do: [:s | logger print: s; cr ]].
			logger nextPutAll: '------------------------------'; cr; cr.
		]] in [ Smalltalk
		logError: aString
		inContext: aContext.

	" Print stacks of all current processes "

	Smalltalk logDuring: [:logger |
		logger nextPutAll: 'Processes and their stacks: ';cr.

		Process allInstances do: [:each | | ctx |
			logger nextPutAll: 'Process: '; print: each; cr; nextPutAll: '  stack:'; cr; cr.

			ctx := each isActive ifTrue: [ thisContext sender ] ifFalse: [ each suspendedContext ].
			ctx ifNotNil: [
				(ctx stackOfSize: 20) do: [:s | logger print: s; cr ]].
			logger nextPutAll: '------------------------------'; cr; cr.
		]].
	] in NonInteractiveUIManager(CommandLineUIManager)>>quitFrom:withMessage:
[
		logStream := self openLog.
		aMonadicBlock value: logStream.
	] in SmalltalkImage>>logDuring:
FullBlockClosure(BlockClosure)>>ensure:
SmalltalkImage>>logDuring:
[ Smalltalk
		logError: aString
		inContext: aContext.

	" Print stacks of all current processes "

	Smalltalk logDuring: [:logger |
		logger nextPutAll: 'Processes and their stacks: ';cr.

		Process allInstances do: [:each | | ctx |
			logger nextPutAll: 'Process: '; print: each; cr; nextPutAll: '  stack:'; cr; cr.

			ctx := each isActive ifTrue: [ thisContext sender ] ifFalse: [ each suspendedContext ].
			ctx ifNotNil: [
				(ctx stackOfSize: 20) do: [:s | logger print: s; cr ]].
			logger nextPutAll: '------------------------------'; cr; cr.
		]].
	] in NonInteractiveUIManager(CommandLineUIManager)>>quitFrom:withMessage:
FullBlockClosure(BlockClosure)>>ensure:
NonInteractiveUIManager(CommandLineUIManager)>>quitFrom:withMessage:
NonInteractiveUIManager(CommandLineUIManager)>>handleError:log:
NonInteractiveUIManager(UIManager)>>handleError:
Process>>handleError:
MessageNotUnderstood(Exception)>>unhandledErrorAction
UnhandledError>>defaultAction
UndefinedObject>>handleSignal:
Context>>handleSignal:
Context>>handleSignal:
Context>>handleSignal:
UnhandledError(Exception)>>signal
UnhandledError class>>signalForException:
MessageNotUnderstood(Exception)>>raiseUnhandledError
------------------------------

Process: a Process in Process>>endProcess
  stack:

Process>>endProcess
------------------------------

Process: a Process in Process>>endProcess
  stack:

Process>>endProcess
------------------------------

Process: a Process in Process>>endProcess
  stack:

Process>>endProcess
------------------------------

Process: a Process in [
		[ true ] whileTrue: [
			semaphore wait.
			[self executeCallback: self nextPendingCallback]
				on: Exception fork:  [:ex | ex pass ] ] ] in TFCallbackQueue>>forkCallbackProcess
  stack:

[
		[ true ] whileTrue: [
			semaphore wait.
			[self executeCallback: self nextPendingCallback]
				on: Exception fork:  [:ex | ex pass ] ] ] in TFCallbackQueue>>forkCallbackProcess
[self value.
			"IMPORTANT: Do not step over next line of code. See method comments for details"
			Processor terminateRealActive] in FullBlockClosure(BlockClosure)>>newProcess
------------------------------

Process: a Process in [delaySemaphore wait] in Delay>>wait
  stack:

[delaySemaphore wait] in Delay>>wait
FullBlockClosure(BlockClosure)>>ifCurtailed:
Delay>>wait
Duration>>wait
[
		"Loop until enough time passed since last #schedule"
		[ DateAndTime now < (lastSchedule + duration) ]
			whileTrue: [ duration wait ].

		"Execute deferred action (if not flushed before) and clean up"
		self flush.
	] in OmDeferrer>>runMessageProcess
[self value.
			"IMPORTANT: Do not step over next line of code. See method comments for details"
			Processor terminateRealActive] in FullBlockClosure(BlockClosure)>>newProcess
------------------------------

Process: a Process in Process>>endProcess
  stack:

Process>>endProcess
------------------------------


===============================================================================
Notice: Errors in script loaded from StandardRide.st
===============================================================================
THERE_BE_DRAGONS_HERE
KeyNotFound: key #Ride not found in SystemEnvironment
3 October 2026 6:10:26.279429 am

VM: Mac OS - arm64 - 1000 - CoInterpreter VMMaker-tonel.1 uuid: 80e43a52-2018-0e00-bce4-820906d86bc4 Sep 18 2026
StackToRegisterMappingCogit VMMaker-tonel.1 uuid: 80e43a52-2018-0e00-bce4-820906d86bc4 Sep 18 2026
v10.3.11+0.a585304b1 - Commit: a585304b1 - Date: 2026-09-16 09:19:54 +0200

Image: Pharo13.1.0SNAPSHOT [Build information: Pharo-13.1.0+SNAPSHOT.build.749.sha.d7c6f761d5445e8b04a0aa5137e0d546ad9bcd89 (64 Bit)]

SystemEnvironment(Dictionary)>>errorKeyNotFound:
	Receiver: a SystemEnvironment(lots of globals)
	Arguments and temporary variables: 
		aKey: 	#Ride
	Receiver's instance variables: 
		tally: 	10841
		array: 	an Array(#SpMockBackend->SpMockBackend #PragmaMenuBuilder->PragmaMen[..]
		cachedClassNames: 	an OrderedCollection(#AColorSelectorMorph #AIAstar #AIAst[..]
		cachedNonClassNames: 	an OrderedCollection(#ASTAbstractBlockVisitor #ASTAbst[..]
		cachedBehaviors: 	an OrderedCollection(AColorSelectorMorph AColorSelectorMor[..]
		pseudoVariables: 	a Dictionary(#self->self #super->super #thisContext->thisC[..]


[self errorKeyNotFound: key] in SystemEnvironment(Dictionary)>>at:
	Receiver: a SystemEnvironment(lots of globals)
	Arguments and temporary variables: 
		key: 	#Ride
	Receiver's instance variables: 
		tally: 	10841
		array: 	an Array(#SpMockBackend->SpMockBackend #PragmaMenuBuilder->PragmaMen[..]
		cachedClassNames: 	an OrderedCollection(#AColorSelectorMorph #AIAstar #AIAst[..]
		cachedNonClassNames: 	an OrderedCollection(#ASTAbstractBlockVisitor #ASTAbst[..]
		cachedBehaviors: 	an OrderedCollection(AColorSelectorMorph AColorSelectorMor[..]
		pseudoVariables: 	a Dictionary(#self->self #super->super #thisContext->thisC[..]


SystemEnvironment(Dictionary)>>at:ifAbsent:
	Receiver: a SystemEnvironment(lots of globals)
	Arguments and temporary variables: 
		key: 	#Ride
		aBlock: 	[self errorKeyNotFound: key]
	Receiver's instance variables: 
		tally: 	10841
		array: 	an Array(#SpMockBackend->SpMockBackend #PragmaMenuBuilder->PragmaMen[..]
		cachedClassNames: 	an OrderedCollection(#AColorSelectorMorph #AIAstar #AIAst[..]
		cachedNonClassNames: 	an OrderedCollection(#ASTAbstractBlockVisitor #ASTAbst[..]
		cachedBehaviors: 	an OrderedCollection(AColorSelectorMorph AColorSelectorMor[..]
		pseudoVariables: 	a Dictionary(#self->self #super->super #thisContext->thisC[..]


SystemEnvironment(Dictionary)>>at:
	Receiver: a SystemEnvironment(lots of globals)
	Arguments and temporary variables: 
		key: 	#Ride
	Receiver's instance variables: 
		tally: 	10841
		array: 	an Array(#SpMockBackend->SpMockBackend #PragmaMenuBuilder->PragmaMen[..]
		cachedClassNames: 	an OrderedCollection(#AColorSelectorMorph #AIAstar #AIAst[..]
		cachedNonClassNames: 	an OrderedCollection(#ASTAbstractBlockVisitor #ASTAbst[..]
		cachedBehaviors: 	an OrderedCollection(AColorSelectorMorph AColorSelectorMor[..]
		pseudoVariables: 	a Dictionary(#self->self #super->super #thisContext->thisC[..]


[ :aBuilder |
		  | superclass converter |
		  superclass := self class environment at: superclassName asSymbol.

		  aBuilder
			  superclass: superclass;
			  environment: superclass environment;
			  name: subclassName;
			  layoutClass: layoutClass.
		  instanceVariableNames ifNotNil: [ aBuilder slotsFromString: instanceVariableNames ].
		  classVariableNames ifNotNil: [ aBuilder sharedVariablesFromString: classVariableNames ].
		
		  converter := CategoryConverter category: packageName environment: superclass environment.
		  aBuilder package: converter packageName.
		  aBuilder tag: converter tagName.

		  poolDictionariesNames ifNotNil: [ aBuilder sharedPoolsFromString: poolDictionariesNames ].
		  isTrait ifTrue: [ aBuilder beTrait ].
		  traitsDefinition ifNotNil: [ aBuilder traitComposition: (self class compiler evaluate: traitsDefinition) ] ] in OldClassDefinitionBuilder>>build
	Receiver: an OldClassDefinitionBuilder
	Arguments and temporary variables: 
		selectorParts: 	an OrderedCollection('subclass' 'instanceVariableNames' 'cla[..]
		superclassName: 	'Ride'
		layoutClass: 	FixedLayout
		subclassName: 	#StandardRide
		instanceVariableNames: 	''
		classVariableNames: 	''
		packageName: 	'RideSharing'
		poolDictionariesNames: 	nil
		traitsDefinition: 	nil
		isTrait: 	false
		aBuilder: 	a ShiftClassBuilder
		superclass: 	nil
		converter: 	nil
	Receiver's instance variables: 
		ast: 	OCMessageNode(Ride
	subclass: #StandardRide
	instanceVariableNames: ''[..]


ShiftClassInstaller>>make:
	Receiver: a ShiftClassInstaller
	Arguments and temporary variables: 
		aBlock: 	[ :aBuilder |
		  | superclass converter |
		  superclass := self c[..]
	Receiver's instance variables: 
		builder: 	a ShiftClassBuilder


ShiftClassInstaller class>>make:
	Receiver: ShiftClassInstaller
	Arguments and temporary variables: 
		aBlock: 	[ :aBuilder |
		  | superclass converter |
		  superclass := self c[..]
	Receiver's instance variables: 
		superclass: 	Object
		methodDict: 	a MethodDictionary(#builder->ShiftClassInstaller>>#builder #com[..]
		format: 	65537
		layout: 	a FixedLayout
		protocols: 	an Array(Protocol (accessing) - 4 selector(s) Protocol (copying)[..]
		subclasses: 	{ShiftAnonymousClassInstaller}
		name: 	#ShiftClassInstaller
		classPool: 	a Dictionary()
		sharedPools: 	an OrderedCollection()
		environment: 	a SystemEnvironment(lots of globals)
		commentSourcePointer: 	62738680
		packageTag: 	a PackageTag(Installer)


OldClassDefinitionBuilder>>build
	Receiver: an OldClassDefinitionBuilder
	Arguments and temporary variables: 
		layoutClass: 	FixedLayout
		subclassName: 	#StandardRide
		instanceVariableNames: 	''
		classVariableNames: 	''
		packageName: 	'RideSharing'
		poolDictionariesNames: 	nil
		traitsDefinition: 	nil
		isTrait: 	false
		selectorParts: 	an OrderedCollection('subclass' 'instanceVariableNames' 'cla[..]
		superclassName: 	'Ride'
	Receiver's instance variables: 
		ast: 	OCMessageNode(Ride
	subclass: #StandardRide
	instanceVariableNames: ''[..]


OldClassDefinitionBuilder class>>buildFromAST:
	Receiver: OldClassDefinitionBuilder
	Arguments and temporary variables: 
		ast: 	OCMessageNode(Ride
	subclass: #StandardRide
	instanceVariableNames: ''[..]
	Receiver's instance variables: 
		superclass: 	Object
		methodDict: 	a MethodDictionary(#ast->OldClassDefinitionBuilder>>#ast #ast:-[..]
		format: 	65537
		layout: 	a FixedLayout
		protocols: 	an Array(Protocol (building) - 1 selector(s) Protocol (accessing[..]
		subclasses: 	nil
		name: 	#OldClassDefinitionBuilder
		classPool: 	nil
		sharedPools: 	an OrderedCollection()
		environment: 	a SystemEnvironment(lots of globals)
		commentSourcePointer: 	42276418
		packageTag: 	a PackageTag(Chunks)


DoItChunk>>importFor:logSource:
	Receiver: a DoItChunk(Ride subclass: #StandardRide
    instanceVariableNames: ''
    classVariab[..]
	Arguments and temporary variables: 
		requestor: 	nil
		logSource: 	true
		ast: 	OCMessageNode(Ride
	subclass: #StandardRide
	instanceVariableNames: ''[..]
	Receiver's instance variables: 
		contents: 	'Ride subclass: #StandardRide
    instanceVariableNames: ''''
   [..]


[ :declaration |
		value := declaration importFor: nil logSource: logSource  ] in CodeImporter>>evaluate
	Receiver: a CodeImporter
	Arguments and temporary variables: 
		value: 	nil
		declaration: 	a DoItChunk(Ride subclass: #StandardRide
    instanceVariableN[..]
	Receiver's instance variables: 
		readStream: 	a ZnCharacterReadStream
		codeDeclarations: 	an OrderedCollection(a DoItChunk(Ride subclass: #Standard[..]
		parserClass: 	ChunkFileFormatParser
		logSource: 	true


OrderedCollection>>do:
	Receiver: an OrderedCollection(a DoItChunk(Ride subclass: #StandardRide
    instanceVariableName[..]
	Arguments and temporary variables: 
		aBlock: 	[ :declaration |
		value := declaration importFor: nil logSource: l[..]
		index: 	1
	Receiver's instance variables: 
		array: 	an Array(a DoItChunk(Ride subclass: #StandardRide
    instanceVariab[..]
		firstIndex: 	1
		lastIndex: 	3


CodeImporter>>evaluate
	Receiver: a CodeImporter
	Arguments and temporary variables: 
		value: 	nil
	Receiver's instance variables: 
		readStream: 	a ZnCharacterReadStream
		codeDeclarations: 	an OrderedCollection(a DoItChunk(Ride subclass: #Standard[..]
		parserClass: 	ChunkFileFormatParser
		logSource: 	true


[ codeImporter evaluate ] in STCommandLineHandler>>installSourceFile:
	Receiver: a STCommandLineHandler
	Arguments and temporary variables: 
		aReference: 	a File
		codeImporter: 	a CodeImporter
	Receiver's instance variables: 
		commandLine: 	a CommandLineArguments
		session: 	a WorkingSession
		stdout: 	a VTermOutputDriver
		stderr: 	a VTermOutputDriver
		sourceFiles: 	an OrderedCollection(a File)


FullBlockClosure(BlockClosure)>>on:do:
	Receiver: [ codeImporter evaluate ]
	Arguments and temporary variables: 
		exception: 	Error
		handlerAction: 	[ :e | self handleError: e reference: aReference ]
	Receiver's instance variables: 
		outerContext: 	STCommandLineHandler>>installSourceFile:
		compiledBlock: 	a CompiledBlock: [ codeImporter evaluate ]
		numArgs: 	0
		receiver: 	a STCommandLineHandler


STCommandLineHandler>>handleErrorsDuring:reference:
	Receiver: a STCommandLineHandler
	Arguments and temporary variables: 
		aBlock: 	[ codeImporter evaluate ]
		aReference: 	a File
	Receiver's instance variables: 
		commandLine: 	a CommandLineArguments
		session: 	a WorkingSession
		stdout: 	a VTermOutputDriver
		stderr: 	a VTermOutputDriver
		sourceFiles: 	an OrderedCollection(a File)


STCommandLineHandler>>installSourceFile:
	Receiver: a STCommandLineHandler
	Arguments and temporary variables: 
		codeImporter: 	a CodeImporter
		aReference: 	a File
	Receiver's instance variables: 
		commandLine: 	a CommandLineArguments
		session: 	a WorkingSession
		stdout: 	a VTermOutputDriver
		stderr: 	a VTermOutputDriver
		sourceFiles: 	an OrderedCollection(a File)


[ :reference |
		self installSourceFile: reference ] in [ sourceFiles do: [ :reference |
		self installSourceFile: reference ]
	] in STCommandLineHandler>>installSourceFiles
	Receiver: a STCommandLineHandler
	Arguments and temporary variables: 
		reference: 	a File
	Receiver's instance variables: 
		commandLine: 	a CommandLineArguments
		session: 	a WorkingSession
		stdout: 	a VTermOutputDriver
		stderr: 	a VTermOutputDriver
		sourceFiles: 	an OrderedCollection(a File)


OrderedCollection>>do:
	Receiver: an OrderedCollection(a File)
	Arguments and temporary variables: 
		aBlock: 	[ :reference |
		self installSourceFile: reference ]
		index: 	1
	Receiver's instance variables: 
		array: 	an Array(a File)
		firstIndex: 	1
		lastIndex: 	1


[ sourceFiles do: [ :reference |
		self installSourceFile: reference ]
	] in STCommandLineHandler>>installSourceFiles
	Receiver: a STCommandLineHandler
	Arguments and temporary variables: 
x
	Receiver's instance variables: 
		commandLine: 	a CommandLineArguments
		session: 	a WorkingSession
		stdout: 	a VTermOutputDriver
		stderr: 	a VTermOutputDriver
		sourceFiles: 	an OrderedCollection(a File)


FullBlockClosure(BlockClosure)>>ensure:
	Receiver: [ sourceFiles do: [ :reference |
		self installSourceFile: reference ]
	]
	Arguments and temporary variables: 
		aBlock: 	[ sourceFiles := nil ]
		handler: 	[ sourceFiles := nil ]
		complete: 	nil
		returnValue: 	nil
	Receiver's instance variables: 
		outerContext: 	STCommandLineHandler>>installSourceFiles
		compiledBlock: 	a CompiledBlock: [ sourceFiles do: [ :reference |
		self ins[..]
		numArgs: 	0
		receiver: 	a STCommandLineHandler


STCommandLineHandler>>installSourceFiles
	Receiver: a STCommandLineHandler
	Arguments and temporary variables: 
x
	Receiver's instance variables: 
		commandLine: 	a CommandLineArguments
		session: 	a WorkingSession
		stdout: 	a VTermOutputDriver
		stderr: 	a VTermOutputDriver
		sourceFiles: 	an OrderedCollection(a File)


STCommandLineHandler>>activate
	Receiver: a STCommandLineHandler
	Arguments and temporary variables: 
x
	Receiver's instance variables: 
		commandLine: 	a CommandLineArguments
		session: 	a WorkingSession
		stdout: 	a VTermOutputDriver
		stderr: 	a VTermOutputDriver
		sourceFiles: 	an OrderedCollection(a File)


STCommandLineHandler class(CommandLineHandler class)>>activateWith:
	Receiver: STCommandLineHandler
	Arguments and temporary variables: 
		aCommandLine: 	a CommandLineArguments
	Receiver's instance variables: 
		superclass: 	CommandLineHandler
		methodDict: 	a MethodDictionary(#activate->STCommandLineHandler>>#activate #[..]
		format: 	65541
		layout: 	a FixedLayout
		protocols: 	an Array(Protocol (private) - 3 selector(s) Protocol (installing[..]
		subclasses: 	{EvaluateCommandLineHandler}
		name: 	#STCommandLineHandler
		classPool: 	nil
		sharedPools: 	an OrderedCollection()
		environment: 	a SystemEnvironment(lots of globals)
		commentSourcePointer: 	60986524
		packageTag: 	a PackageTag(Base)


[ aCommandLinehandler activateWith: commandLine ] in PharoCommandLineHandler(BasicCommandLineHandler)>>activateSubCommand:
	Receiver: a PharoCommandLineHandler
	Arguments and temporary variables: 
		aCommandLinehandler: 	STCommandLineHandler
	Receiver's instance variables: 
		commandLine: 	a CommandLineArguments
		session: 	a WorkingSession
		stdout: 	a VTermOutputDriver
		stderr: 	a VTermOutputDriver


FullBlockClosure(BlockClosure)>>on:do:
	Receiver: [ aCommandLinehandler activateWith: commandLine ]
	Arguments and temporary variables: 
		exception: 	Exit
		handlerAction: 	[ :exit |
		^ self handleExit: exit for: aCommandLinehandler ]
	Receiver's instance variables: 
		outerContext: 	PharoCommandLineHandler(BasicCommandLineHandler)>>activateSub[..]
		compiledBlock: 	a CompiledBlock: [ aCommandLinehandler activateWith: command[..]
		numArgs: 	0
		receiver: 	a PharoCommandLineHandler


PharoCommandLineHandler(BasicCommandLineHandler)>>activateSubCommand:
	Receiver: a PharoCommandLineHandler
	Arguments and temporary variables: 
		aCommandLinehandler: 	STCommandLineHandler
	Receiver's instance variables: 
		commandLine: 	a CommandLineArguments
		session: 	a WorkingSession
		stdout: 	a VTermOutputDriver
		stderr: 	a VTermOutputDriver


PharoCommandLineHandler(BasicCommandLineHandler)>>handleSubcommand
	Receiver: a PharoCommandLineHandler
	Arguments and temporary variables: 
		handlers: 	an OrderedCollection(STCommandLineHandler)
	Receiver's instance variables: 
		commandLine: 	a CommandLineArguments
		session: 	a WorkingSession
		stdout: 	a VTermOutputDriver
		stderr: 	a VTermOutputDriver


PharoCommandLineHandler(BasicCommandLineHandler)>>handleArgument:
	Receiver: a PharoCommandLineHandler
	Arguments and temporary variables: 
		aString: 	'st'
	Receiver's instance variables: 
		commandLine: 	a CommandLineArguments
		session: 	a WorkingSession
		stdout: 	a VTermOutputDriver
		stderr: 	a VTermOutputDriver


[ self handleArgument: self firstArgument ] in [ [ self handleArgument: self firstArgument ]
		on: Exit
		do: [ :exit |
			"If the command line is protected by password, we just exit the image because in non-headless mode the handleExit will let the image open. If the password protection is enabled, it is to avoid to let the access to the image."
			self class commandLinePasswordManager hasPasswordSet
				ifTrue: [ Smalltalk snapshot: false andQuit: true ].
			self handleExit: exit ] ] in PharoCommandLineHandler(BasicCommandLineHandler)>>activate
	Receiver: a PharoCommandLineHandler
	Arguments and temporary variables: 
x
	Receiver's instance variables: 
		commandLine: 	a CommandLineArguments
		session: 	a WorkingSession
		stdout: 	a VTermOutputDriver
		stderr: 	a VTermOutputDriver


FullBlockClosure(BlockClosure)>>on:do:
	Receiver: [ self handleArgument: self firstArgument ]
	Arguments and temporary variables: 
		exception: 	Exit
		handlerAction: 	[ :exit |
			"If the command line is protected by password, [..]
	Receiver's instance variables: 
		outerContext: 	[ [ self handleArgument: self firstArgument ]
		on: Exit
		do[..]
		compiledBlock: 	a CompiledBlock: [ self handleArgument: self firstArgument ]
		numArgs: 	0
		receiver: 	a PharoCommandLineHandler


[ [ self handleArgument: self firstArgument ]
		on: Exit
		do: [ :exit |
			"If the command line is protected by password, we just exit the image because in non-headless mode the handleExit will let the image open. If the password protection is enabled, it is to avoid to let the access to the image."
			self class commandLinePasswordManager hasPasswordSet
				ifTrue: [ Smalltalk snapshot: false andQuit: true ].
			self handleExit: exit ] ] in PharoCommandLineHandler(BasicCommandLineHandler)>>activate
	Receiver: a PharoCommandLineHandler
	Arguments and temporary variables: 
x
	Receiver's instance variables: 
		commandLine: 	a CommandLineArguments
		session: 	a WorkingSession
		stdout: 	a VTermOutputDriver
		stderr: 	a VTermOutputDriver


[self value.
			"IMPORTANT: Do not step over next line of code. See method comments for details"
			Processor terminateRealActive] in FullBlockClosure(BlockClosure)>>newProcess
	Receiver: [ [ self handleArgument: self firstArgument ]
		on: Exit
		do: [ :exit |
			"If the co[..]
	Arguments and temporary variables: 
x
	Receiver's instance variables: 
		outerContext: 	PharoCommandLineHandler(BasicCommandLineHandler)>>activate
		compiledBlock: 	a CompiledBlock: [ [ self handleArgument: self firstArgument[..]
		numArgs: 	0
		receiver: 	a PharoCommandLineHandler



--- The full stack ---
SystemEnvironment(Dictionary)>>errorKeyNotFound:
[self errorKeyNotFound: key] in SystemEnvironment(Dictionary)>>at:
SystemEnvironment(Dictionary)>>at:ifAbsent:
SystemEnvironment(Dictionary)>>at:
[ :aBuilder |
		  | superclass converter |
		  superclass := self class environment at: superclassName asSymbol.

		  aBuilder
			  superclass: superclass;
			  environment: superclass environment;
			  name: subclassName;
			  layoutClass: layoutClass.
		  instanceVariableNames ifNotNil: [ aBuilder slotsFromString: instanceVariableNames ].
		  classVariableNames ifNotNil: [ aBuilder sharedVariablesFromString: classVariableNames ].
		
		  converter := CategoryConverter category: packageName environment: superclass environment.
		  aBuilder package: converter packageName.
		  aBuilder tag: converter tagName.

		  poolDictionariesNames ifNotNil: [ aBuilder sharedPoolsFromString: poolDictionariesNames ].
		  isTrait ifTrue: [ aBuilder beTrait ].
		  traitsDefinition ifNotNil: [ aBuilder traitComposition: (self class compiler evaluate: traitsDefinition) ] ] in OldClassDefinitionBuilder>>build
ShiftClassInstaller>>make:
ShiftClassInstaller class>>make:
OldClassDefinitionBuilder>>build
OldClassDefinitionBuilder class>>buildFromAST:
DoItChunk>>importFor:logSource:
[ :declaration |
		value := declaration importFor: nil logSource: logSource  ] in CodeImporter>>evaluate
OrderedCollection>>do:
CodeImporter>>evaluate
[ codeImporter evaluate ] in STCommandLineHandler>>installSourceFile:
FullBlockClosure(BlockClosure)>>on:do:
STCommandLineHandler>>handleErrorsDuring:reference:
STCommandLineHandler>>installSourceFile:
[ :reference |
		self installSourceFile: reference ] in [ sourceFiles do: [ :reference |
		self installSourceFile: reference ]
	] in STCommandLineHandler>>installSourceFiles
OrderedCollection>>do:
[ sourceFiles do: [ :reference |
		self installSourceFile: reference ]
	] in STCommandLineHandler>>installSourceFiles
FullBlockClosure(BlockClosure)>>ensure:
STCommandLineHandler>>installSourceFiles
STCommandLineHandler>>activate
STCommandLineHandler class(CommandLineHandler class)>>activateWith:
[ aCommandLinehandler activateWith: commandLine ] in PharoCommandLineHandler(BasicCommandLineHandler)>>activateSubCommand:
FullBlockClosure(BlockClosure)>>on:do:
PharoCommandLineHandler(BasicCommandLineHandler)>>activateSubCommand:
PharoCommandLineHandler(BasicCommandLineHandler)>>handleSubcommand
PharoCommandLineHandler(BasicCommandLineHandler)>>handleArgument:
[ self handleArgument: self firstArgument ] in [ [ self handleArgument: self firstArgument ]
		on: Exit
		do: [ :exit |
			"If the command line is protected by password, we just exit the image because in non-headless mode the handleExit will let the image open. If the password protection is enabled, it is to avoid to let the access to the image."
			self class commandLinePasswordManager hasPasswordSet
				ifTrue: [ Smalltalk snapshot: false andQuit: true ].
			self handleExit: exit ] ] in PharoCommandLineHandler(BasicCommandLineHandler)>>activate
FullBlockClosure(BlockClosure)>>on:do:
[ [ self handleArgument: self firstArgument ]
		on: Exit
		do: [ :exit |
			"If the command line is protected by password, we just exit the image because in non-headless mode the handleExit will let the image open. If the password protection is enabled, it is to avoid to let the access to the image."
			self class commandLinePasswordManager hasPasswordSet
				ifTrue: [ Smalltalk snapshot: false andQuit: true ].
			self handleExit: exit ] ] in PharoCommandLineHandler(BasicCommandLineHandler)>>activate
[self value.
			"IMPORTANT: Do not step over next line of code. See method comments for details"
			Processor terminateRealActive] in FullBlockClosure(BlockClosure)>>newProcess
-------------------------------------------------------------------------------

Processes and their stacks: 
Process: a Process in AtomicSharedQueue>>waitForNewItems
  stack:

AtomicSharedQueue>>waitForNewItems
AtomicSharedQueue>>next
TKTWorkerProcess>>privateNextTask
TKTWorkerProcess>>workerLoop
MessageSend>>value
[ aValuable value ] in TKTPharoProcessProvider>>createProcessDoing:named:
[self value.
			"IMPORTANT: Do not step over next line of code. See method comments for details"
			Processor terminateRealActive] in FullBlockClosure(BlockClosure)>>newProcess
------------------------------

Process: a Process in AtomicSharedQueue>>waitForNewItems
  stack:

AtomicSharedQueue>>waitForNewItems
AtomicSharedQueue>>next
TKTWorkerProcess>>privateNextTask
TKTWorkerProcess>>workerLoop
MessageSend>>value
[ aValuable value ] in TKTPharoProcessProvider>>createProcessDoing:named:
[self value.
			"IMPORTANT: Do not step over next line of code. See method comments for details"
			Processor terminateRealActive] in FullBlockClosure(BlockClosure)>>newProcess
------------------------------

Process: a Process in DelayMicrosecondTicker>>waitForUserSignalled:orExpired:
  stack:

DelayMicrosecondTicker>>waitForUserSignalled:orExpired:
[  [runTimerEventLoop] whileTrue:
		[	|nowTick|
			"Warning! Stepping <Over> the following line may lock the Image. Use <Into> or <Proceed>."
		 	ticker waitForUserSignalled: timingSemaphore orExpired: activeDelay.

			"Invoke the api back-ends, which set the transfer-variable to nil"
			suspendSemaphore ifNotNil: [ self suspendAtTimingPriority    ].
			delayToStart     ifNotNil: [ self scheduleAtTimingPriority   ].
			delayToStop      ifNotNil: [ self unscheduleAtTimingPriority ].

			"Signal any expired delays"
			nowTick := ticker nowTick.
			[ 	activeDelay isNotNil and: [nowTick >= activeDelay resumptionTick] ]
					whileTrue: [
						activeDelay timingPrioritySignalExpired.
						activeDelay := suspendedDelays removeFirstOrNil ].
		]
	] in DelaySemaphoreScheduler(DelayBasicScheduler)>>runBackendLoopAtTimingPriority
FullBlockClosure(BlockClosure)>>ensure:
DelaySemaphoreScheduler(DelayBasicScheduler)>>runBackendLoopAtTimingPriority
[ self runBackendLoopAtTimingPriority ] in DelaySemaphoreScheduler(DelayBasicScheduler)>>startTimerEventLoopPriority:
[self value.
			"IMPORTANT: Do not step over next line of code. See method comments for details"
			Processor terminateRealActive] in FullBlockClosure(BlockClosure)>>newProcess
------------------------------

Process: a Process in MorphicRenderLoop>>doOneCycleWhile:
  stack:

MorphicRenderLoop>>doOneCycleWhile:
[ MorphicRenderLoop new doOneCycleWhile: [ true ] ] in MorphicUIManager>>spawnNewProcess
[self value.
			"IMPORTANT: Do not step over next line of code. See method comments for details"
			Processor terminateRealActive] in FullBlockClosure(BlockClosure)>>newProcess
------------------------------

Process: a Process in Process>>endProcess
  stack:

Process>>endProcess
------------------------------

Process: a Process in Process>>endProcess
  stack:

Process>>endProcess
------------------------------

Process: a Process in Process>>endProcess
  stack:

Process>>endProcess
------------------------------

Process: a Process in Process>>endProcess
  stack:

Process>>endProcess
------------------------------

Process: a Process in Process>>endProcess
  stack:

Process>>endProcess
------------------------------

Process: a Process in SmalltalkImage>>lowSpaceWatcher
  stack:

SmalltalkImage>>lowSpaceWatcher
[ self lowSpaceWatcher ] in SmalltalkImage>>installLowSpaceWatcher
[self value.
			"IMPORTANT: Do not step over next line of code. See method comments for details"
			Processor terminateRealActive] in FullBlockClosure(BlockClosure)>>newProcess
------------------------------

Process: a Process in [self value.
			"IMPORTANT: Do not step over next line of code. See method comments for details"
			Processor terminateRealActive] in FullBlockClosure(BlockClosure)>>newProcess
  stack:

[self value.
			"IMPORTANT: Do not step over next line of code. See method comments for details"
			Processor terminateRealActive] in FullBlockClosure(BlockClosure)>>newProcess
------------------------------

Process: a Process in FinalizationProcess class>>finalizationProcess
  stack:

FinalizationProcess class>>finalizationProcess
[self finalizationProcess] in FinalizationProcess class>>restartFinalizationProcess
[self value.
			"IMPORTANT: Do not step over next line of code. See method comments for details"
			Processor terminateRealActive] in FullBlockClosure(BlockClosure)>>newProcess
------------------------------

Process: a Process in nil
  stack:

Array(SequenceableCollection)>>do:
[:logger |
		logger nextPutAll: 'Processes and their stacks: ';cr.

		Process allInstances do: [:each | | ctx |
			logger nextPutAll: 'Process: '; print: each; cr; nextPutAll: '  stack:'; cr; cr.

			ctx := each isActive ifTrue: [ thisContext sender ] ifFalse: [ each suspendedContext ].
			ctx ifNotNil: [
				(ctx stackOfSize: 20) do: [:s | logger print: s; cr ]].
			logger nextPutAll: '------------------------------'; cr; cr.
		]] in [ Smalltalk
		logError: aString
		inContext: aContext.

	" Print stacks of all current processes "

	Smalltalk logDuring: [:logger |
		logger nextPutAll: 'Processes and their stacks: ';cr.

		Process allInstances do: [:each | | ctx |
			logger nextPutAll: 'Process: '; print: each; cr; nextPutAll: '  stack:'; cr; cr.

			ctx := each isActive ifTrue: [ thisContext sender ] ifFalse: [ each suspendedContext ].
			ctx ifNotNil: [
				(ctx stackOfSize: 20) do: [:s | logger print: s; cr ]].
			logger nextPutAll: '------------------------------'; cr; cr.
		]].
	] in NonInteractiveUIManager(CommandLineUIManager)>>quitFrom:withMessage:
[
		logStream := self openLog.
		aMonadicBlock value: logStream.
	] in SmalltalkImage>>logDuring:
FullBlockClosure(BlockClosure)>>ensure:
SmalltalkImage>>logDuring:
[ Smalltalk
		logError: aString
		inContext: aContext.

	" Print stacks of all current processes "

	Smalltalk logDuring: [:logger |
		logger nextPutAll: 'Processes and their stacks: ';cr.

		Process allInstances do: [:each | | ctx |
			logger nextPutAll: 'Process: '; print: each; cr; nextPutAll: '  stack:'; cr; cr.

			ctx := each isActive ifTrue: [ thisContext sender ] ifFalse: [ each suspendedContext ].
			ctx ifNotNil: [
				(ctx stackOfSize: 20) do: [:s | logger print: s; cr ]].
			logger nextPutAll: '------------------------------'; cr; cr.
		]].
	] in NonInteractiveUIManager(CommandLineUIManager)>>quitFrom:withMessage:
FullBlockClosure(BlockClosure)>>ensure:
NonInteractiveUIManager(CommandLineUIManager)>>quitFrom:withMessage:
NonInteractiveUIManager(CommandLineUIManager)>>handleError:log:
NonInteractiveUIManager(UIManager)>>handleError:
Process>>handleError:
KeyNotFound(Exception)>>unhandledErrorAction
UnhandledError>>defaultAction
UndefinedObject>>handleSignal:
Context>>handleSignal:
Context>>handleSignal:
Context>>handleSignal:
UnhandledError(Exception)>>signal
UnhandledError class>>signalForException:
KeyNotFound(Exception)>>raiseUnhandledError
------------------------------

Process: a Process in Process>>endProcess
  stack:

Process>>endProcess
------------------------------

Process: a Process in Process>>endProcess
  stack:

Process>>endProcess
------------------------------

Process: a Process in Process>>endProcess
  stack:

Process>>endProcess
------------------------------

Process: a Process in [
		[ true ] whileTrue: [
			semaphore wait.
			[self executeCallback: self nextPendingCallback]
				on: Exception fork:  [:ex | ex pass ] ] ] in TFCallbackQueue>>forkCallbackProcess
  stack:

[
		[ true ] whileTrue: [
			semaphore wait.
			[self executeCallback: self nextPendingCallback]
				on: Exception fork:  [:ex | ex pass ] ] ] in TFCallbackQueue>>forkCallbackProcess
[self value.
			"IMPORTANT: Do not step over next line of code. See method comments for details"
			Processor terminateRealActive] in FullBlockClosure(BlockClosure)>>newProcess
------------------------------

Process: a Process in Process>>endProcess
  stack:

Process>>endProcess
------------------------------


===============================================================================
Notice: Errors in script loaded from PremiumRide.st
===============================================================================
THERE_BE_DRAGONS_HERE
KeyNotFound: key #Ride not found in SystemEnvironment
3 October 2026 6:10:26.506078 am

VM: Mac OS - arm64 - 1000 - CoInterpreter VMMaker-tonel.1 uuid: 80e43a52-2018-0e00-bce4-820906d86bc4 Sep 18 2026
StackToRegisterMappingCogit VMMaker-tonel.1 uuid: 80e43a52-2018-0e00-bce4-820906d86bc4 Sep 18 2026
v10.3.11+0.a585304b1 - Commit: a585304b1 - Date: 2026-09-16 09:19:54 +0200

Image: Pharo13.1.0SNAPSHOT [Build information: Pharo-13.1.0+SNAPSHOT.build.749.sha.d7c6f761d5445e8b04a0aa5137e0d546ad9bcd89 (64 Bit)]

SystemEnvironment(Dictionary)>>errorKeyNotFound:
	Receiver: a SystemEnvironment(lots of globals)
	Arguments and temporary variables: 
		aKey: 	#Ride
	Receiver's instance variables: 
		tally: 	10841
		array: 	an Array(#SpMockBackend->SpMockBackend #PragmaMenuBuilder->PragmaMen[..]
		cachedClassNames: 	an OrderedCollection(#AColorSelectorMorph #AIAstar #AIAst[..]
		cachedNonClassNames: 	an OrderedCollection(#ASTAbstractBlockVisitor #ASTAbst[..]
		cachedBehaviors: 	an OrderedCollection(AColorSelectorMorph AColorSelectorMor[..]
		pseudoVariables: 	a Dictionary(#self->self #super->super #thisContext->thisC[..]


[self errorKeyNotFound: key] in SystemEnvironment(Dictionary)>>at:
	Receiver: a SystemEnvironment(lots of globals)
	Arguments and temporary variables: 
		key: 	#Ride
	Receiver's instance variables: 
		tally: 	10841
		array: 	an Array(#SpMockBackend->SpMockBackend #PragmaMenuBuilder->PragmaMen[..]
		cachedClassNames: 	an OrderedCollection(#AColorSelectorMorph #AIAstar #AIAst[..]
		cachedNonClassNames: 	an OrderedCollection(#ASTAbstractBlockVisitor #ASTAbst[..]
		cachedBehaviors: 	an OrderedCollection(AColorSelectorMorph AColorSelectorMor[..]
		pseudoVariables: 	a Dictionary(#self->self #super->super #thisContext->thisC[..]


SystemEnvironment(Dictionary)>>at:ifAbsent:
	Receiver: a SystemEnvironment(lots of globals)
	Arguments and temporary variables: 
		key: 	#Ride
		aBlock: 	[self errorKeyNotFound: key]
	Receiver's instance variables: 
		tally: 	10841
		array: 	an Array(#SpMockBackend->SpMockBackend #PragmaMenuBuilder->PragmaMen[..]
		cachedClassNames: 	an OrderedCollection(#AColorSelectorMorph #AIAstar #AIAst[..]
		cachedNonClassNames: 	an OrderedCollection(#ASTAbstractBlockVisitor #ASTAbst[..]
		cachedBehaviors: 	an OrderedCollection(AColorSelectorMorph AColorSelectorMor[..]
		pseudoVariables: 	a Dictionary(#self->self #super->super #thisContext->thisC[..]


SystemEnvironment(Dictionary)>>at:
	Receiver: a SystemEnvironment(lots of globals)
	Arguments and temporary variables: 
		key: 	#Ride
	Receiver's instance variables: 
		tally: 	10841
		array: 	an Array(#SpMockBackend->SpMockBackend #PragmaMenuBuilder->PragmaMen[..]
		cachedClassNames: 	an OrderedCollection(#AColorSelectorMorph #AIAstar #AIAst[..]
		cachedNonClassNames: 	an OrderedCollection(#ASTAbstractBlockVisitor #ASTAbst[..]
		cachedBehaviors: 	an OrderedCollection(AColorSelectorMorph AColorSelectorMor[..]
		pseudoVariables: 	a Dictionary(#self->self #super->super #thisContext->thisC[..]


[ :aBuilder |
		  | superclass converter |
		  superclass := self class environment at: superclassName asSymbol.

		  aBuilder
			  superclass: superclass;
			  environment: superclass environment;
			  name: subclassName;
			  layoutClass: layoutClass.
		  instanceVariableNames ifNotNil: [ aBuilder slotsFromString: instanceVariableNames ].
		  classVariableNames ifNotNil: [ aBuilder sharedVariablesFromString: classVariableNames ].
		
		  converter := CategoryConverter category: packageName environment: superclass environment.
		  aBuilder package: converter packageName.
		  aBuilder tag: converter tagName.

		  poolDictionariesNames ifNotNil: [ aBuilder sharedPoolsFromString: poolDictionariesNames ].
		  isTrait ifTrue: [ aBuilder beTrait ].
		  traitsDefinition ifNotNil: [ aBuilder traitComposition: (self class compiler evaluate: traitsDefinition) ] ] in OldClassDefinitionBuilder>>build
	Receiver: an OldClassDefinitionBuilder
	Arguments and temporary variables: 
		selectorParts: 	an OrderedCollection('subclass' 'instanceVariableNames' 'cla[..]
		superclassName: 	'Ride'
		layoutClass: 	FixedLayout
		subclassName: 	#PremiumRide
		instanceVariableNames: 	''
		classVariableNames: 	''
		packageName: 	'RideSharing'
		poolDictionariesNames: 	nil
		traitsDefinition: 	nil
		isTrait: 	false
		aBuilder: 	a ShiftClassBuilder
		superclass: 	nil
		converter: 	nil
	Receiver's instance variables: 
		ast: 	OCMessageNode(Ride
	subclass: #PremiumRide
	instanceVariableNames: ''
[..]


ShiftClassInstaller>>make:
	Receiver: a ShiftClassInstaller
	Arguments and temporary variables: 
		aBlock: 	[ :aBuilder |
		  | superclass converter |
		  superclass := self c[..]
	Receiver's instance variables: 
		builder: 	a ShiftClassBuilder


ShiftClassInstaller class>>make:
	Receiver: ShiftClassInstaller
	Arguments and temporary variables: 
		aBlock: 	[ :aBuilder |
		  | superclass converter |
		  superclass := self c[..]
	Receiver's instance variables: 
		superclass: 	Object
		methodDict: 	a MethodDictionary(#builder->ShiftClassInstaller>>#builder #com[..]
		format: 	65537
		layout: 	a FixedLayout
		protocols: 	an Array(Protocol (accessing) - 4 selector(s) Protocol (copying)[..]
		subclasses: 	{ShiftAnonymousClassInstaller}
		name: 	#ShiftClassInstaller
		classPool: 	a Dictionary()
		sharedPools: 	an OrderedCollection()
		environment: 	a SystemEnvironment(lots of globals)
		commentSourcePointer: 	62738680
		packageTag: 	a PackageTag(Installer)


OldClassDefinitionBuilder>>build
	Receiver: an OldClassDefinitionBuilder
	Arguments and temporary variables: 
		layoutClass: 	FixedLayout
		subclassName: 	#PremiumRide
		instanceVariableNames: 	''
		classVariableNames: 	''
		packageName: 	'RideSharing'
		poolDictionariesNames: 	nil
		traitsDefinition: 	nil
		isTrait: 	false
		selectorParts: 	an OrderedCollection('subclass' 'instanceVariableNames' 'cla[..]
		superclassName: 	'Ride'
	Receiver's instance variables: 
		ast: 	OCMessageNode(Ride
	subclass: #PremiumRide
	instanceVariableNames: ''
[..]


OldClassDefinitionBuilder class>>buildFromAST:
	Receiver: OldClassDefinitionBuilder
	Arguments and temporary variables: 
		ast: 	OCMessageNode(Ride
	subclass: #PremiumRide
	instanceVariableNames: ''
[..]
	Receiver's instance variables: 
		superclass: 	Object
		methodDict: 	a MethodDictionary(#ast->OldClassDefinitionBuilder>>#ast #ast:-[..]
		format: 	65537
		layout: 	a FixedLayout
		protocols: 	an Array(Protocol (building) - 1 selector(s) Protocol (accessing[..]
		subclasses: 	nil
		name: 	#OldClassDefinitionBuilder
		classPool: 	nil
		sharedPools: 	an OrderedCollection()
		environment: 	a SystemEnvironment(lots of globals)
		commentSourcePointer: 	42276418
		packageTag: 	a PackageTag(Chunks)


DoItChunk>>importFor:logSource:
	Receiver: a DoItChunk(Ride subclass: #PremiumRide
    instanceVariableNames: ''
    classVariabl[..]
	Arguments and temporary variables: 
		requestor: 	nil
		logSource: 	true
		ast: 	OCMessageNode(Ride
	subclass: #PremiumRide
	instanceVariableNames: ''
[..]
	Receiver's instance variables: 
		contents: 	'Ride subclass: #PremiumRide
    instanceVariableNames: ''''
    [..]


[ :declaration |
		value := declaration importFor: nil logSource: logSource  ] in CodeImporter>>evaluate
	Receiver: a CodeImporter
	Arguments and temporary variables: 
		value: 	nil
		declaration: 	a DoItChunk(Ride subclass: #PremiumRide
    instanceVariableNa[..]
	Receiver's instance variables: 
		readStream: 	a ZnCharacterReadStream
		codeDeclarations: 	an OrderedCollection(a DoItChunk(Ride subclass: #PremiumR[..]
		parserClass: 	ChunkFileFormatParser
		logSource: 	true


OrderedCollection>>do:
	Receiver: an OrderedCollection(a DoItChunk(Ride subclass: #PremiumRide
    instanceVariableNames[..]
	Arguments and temporary variables: 
		aBlock: 	[ :declaration |
		value := declaration importFor: nil logSource: l[..]
		index: 	1
	Receiver's instance variables: 
		array: 	an Array(a DoItChunk(Ride subclass: #PremiumRide
    instanceVariabl[..]
		firstIndex: 	1
		lastIndex: 	3


CodeImporter>>evaluate
	Receiver: a CodeImporter
	Arguments and temporary variables: 
		value: 	nil
	Receiver's instance variables: 
		readStream: 	a ZnCharacterReadStream
		codeDeclarations: 	an OrderedCollection(a DoItChunk(Ride subclass: #PremiumR[..]
		parserClass: 	ChunkFileFormatParser
		logSource: 	true


[ codeImporter evaluate ] in STCommandLineHandler>>installSourceFile:
	Receiver: a STCommandLineHandler
	Arguments and temporary variables: 
		aReference: 	a File
		codeImporter: 	a CodeImporter
	Receiver's instance variables: 
		commandLine: 	a CommandLineArguments
		session: 	a WorkingSession
		stdout: 	a VTermOutputDriver
		stderr: 	a VTermOutputDriver
		sourceFiles: 	an OrderedCollection(a File)


FullBlockClosure(BlockClosure)>>on:do:
	Receiver: [ codeImporter evaluate ]
	Arguments and temporary variables: 
		exception: 	Error
		handlerAction: 	[ :e | self handleError: e reference: aReference ]
	Receiver's instance variables: 
		outerContext: 	STCommandLineHandler>>installSourceFile:
		compiledBlock: 	a CompiledBlock: [ codeImporter evaluate ]
		numArgs: 	0
		receiver: 	a STCommandLineHandler


STCommandLineHandler>>handleErrorsDuring:reference:
	Receiver: a STCommandLineHandler
	Arguments and temporary variables: 
		aBlock: 	[ codeImporter evaluate ]
		aReference: 	a File
	Receiver's instance variables: 
		commandLine: 	a CommandLineArguments
		session: 	a WorkingSession
		stdout: 	a VTermOutputDriver
		stderr: 	a VTermOutputDriver
		sourceFiles: 	an OrderedCollection(a File)


STCommandLineHandler>>installSourceFile:
	Receiver: a STCommandLineHandler
	Arguments and temporary variables: 
		codeImporter: 	a CodeImporter
		aReference: 	a File
	Receiver's instance variables: 
		commandLine: 	a CommandLineArguments
		session: 	a WorkingSession
		stdout: 	a VTermOutputDriver
		stderr: 	a VTermOutputDriver
		sourceFiles: 	an OrderedCollection(a File)


[ :reference |
		self installSourceFile: reference ] in [ sourceFiles do: [ :reference |
		self installSourceFile: reference ]
	] in STCommandLineHandler>>installSourceFiles
	Receiver: a STCommandLineHandler
	Arguments and temporary variables: 
		reference: 	a File
	Receiver's instance variables: 
		commandLine: 	a CommandLineArguments
		session: 	a WorkingSession
		stdout: 	a VTermOutputDriver
		stderr: 	a VTermOutputDriver
		sourceFiles: 	an OrderedCollection(a File)


OrderedCollection>>do:
	Receiver: an OrderedCollection(a File)
	Arguments and temporary variables: 
		aBlock: 	[ :reference |
		self installSourceFile: reference ]
		index: 	1
	Receiver's instance variables: 
		array: 	an Array(a File)
		firstIndex: 	1
		lastIndex: 	1


[ sourceFiles do: [ :reference |
		self installSourceFile: reference ]
	] in STCommandLineHandler>>installSourceFiles
	Receiver: a STCommandLineHandler
	Arguments and temporary variables: 
x
	Receiver's instance variables: 
		commandLine: 	a CommandLineArguments
		session: 	a WorkingSession
		stdout: 	a VTermOutputDriver
		stderr: 	a VTermOutputDriver
		sourceFiles: 	an OrderedCollection(a File)


FullBlockClosure(BlockClosure)>>ensure:
	Receiver: [ sourceFiles do: [ :reference |
		self installSourceFile: reference ]
	]
	Arguments and temporary variables: 
		aBlock: 	[ sourceFiles := nil ]
		handler: 	[ sourceFiles := nil ]
		complete: 	nil
		returnValue: 	nil
	Receiver's instance variables: 
		outerContext: 	STCommandLineHandler>>installSourceFiles
		compiledBlock: 	a CompiledBlock: [ sourceFiles do: [ :reference |
		self ins[..]
		numArgs: 	0
		receiver: 	a STCommandLineHandler


STCommandLineHandler>>installSourceFiles
	Receiver: a STCommandLineHandler
	Arguments and temporary variables: 
x
	Receiver's instance variables: 
		commandLine: 	a CommandLineArguments
		session: 	a WorkingSession
		stdout: 	a VTermOutputDriver
		stderr: 	a VTermOutputDriver
		sourceFiles: 	an OrderedCollection(a File)


STCommandLineHandler>>activate
	Receiver: a STCommandLineHandler
	Arguments and temporary variables: 
x
	Receiver's instance variables: 
		commandLine: 	a CommandLineArguments
		session: 	a WorkingSession
		stdout: 	a VTermOutputDriver
		stderr: 	a VTermOutputDriver
		sourceFiles: 	an OrderedCollection(a File)


STCommandLineHandler class(CommandLineHandler class)>>activateWith:
	Receiver: STCommandLineHandler
	Arguments and temporary variables: 
		aCommandLine: 	a CommandLineArguments
	Receiver's instance variables: 
		superclass: 	CommandLineHandler
		methodDict: 	a MethodDictionary(#activate->STCommandLineHandler>>#activate #[..]
		format: 	65541
		layout: 	a FixedLayout
		protocols: 	an Array(Protocol (private) - 3 selector(s) Protocol (installing[..]
		subclasses: 	{EvaluateCommandLineHandler}
		name: 	#STCommandLineHandler
		classPool: 	nil
		sharedPools: 	an OrderedCollection()
		environment: 	a SystemEnvironment(lots of globals)
		commentSourcePointer: 	60986524
		packageTag: 	a PackageTag(Base)


[ aCommandLinehandler activateWith: commandLine ] in PharoCommandLineHandler(BasicCommandLineHandler)>>activateSubCommand:
	Receiver: a PharoCommandLineHandler
	Arguments and temporary variables: 
		aCommandLinehandler: 	STCommandLineHandler
	Receiver's instance variables: 
		commandLine: 	a CommandLineArguments
		session: 	a WorkingSession
		stdout: 	a VTermOutputDriver
		stderr: 	a VTermOutputDriver


FullBlockClosure(BlockClosure)>>on:do:
	Receiver: [ aCommandLinehandler activateWith: commandLine ]
	Arguments and temporary variables: 
		exception: 	Exit
		handlerAction: 	[ :exit |
		^ self handleExit: exit for: aCommandLinehandler ]
	Receiver's instance variables: 
		outerContext: 	PharoCommandLineHandler(BasicCommandLineHandler)>>activateSub[..]
		compiledBlock: 	a CompiledBlock: [ aCommandLinehandler activateWith: command[..]
		numArgs: 	0
		receiver: 	a PharoCommandLineHandler


PharoCommandLineHandler(BasicCommandLineHandler)>>activateSubCommand:
	Receiver: a PharoCommandLineHandler
	Arguments and temporary variables: 
		aCommandLinehandler: 	STCommandLineHandler
	Receiver's instance variables: 
		commandLine: 	a CommandLineArguments
		session: 	a WorkingSession
		stdout: 	a VTermOutputDriver
		stderr: 	a VTermOutputDriver


PharoCommandLineHandler(BasicCommandLineHandler)>>handleSubcommand
	Receiver: a PharoCommandLineHandler
	Arguments and temporary variables: 
		handlers: 	an OrderedCollection(STCommandLineHandler)
	Receiver's instance variables: 
		commandLine: 	a CommandLineArguments
		session: 	a WorkingSession
		stdout: 	a VTermOutputDriver
		stderr: 	a VTermOutputDriver


PharoCommandLineHandler(BasicCommandLineHandler)>>handleArgument:
	Receiver: a PharoCommandLineHandler
	Arguments and temporary variables: 
		aString: 	'st'
	Receiver's instance variables: 
		commandLine: 	a CommandLineArguments
		session: 	a WorkingSession
		stdout: 	a VTermOutputDriver
		stderr: 	a VTermOutputDriver


[ self handleArgument: self firstArgument ] in [ [ self handleArgument: self firstArgument ]
		on: Exit
		do: [ :exit |
			"If the command line is protected by password, we just exit the image because in non-headless mode the handleExit will let the image open. If the password protection is enabled, it is to avoid to let the access to the image."
			self class commandLinePasswordManager hasPasswordSet
				ifTrue: [ Smalltalk snapshot: false andQuit: true ].
			self handleExit: exit ] ] in PharoCommandLineHandler(BasicCommandLineHandler)>>activate
	Receiver: a PharoCommandLineHandler
	Arguments and temporary variables: 
x
	Receiver's instance variables: 
		commandLine: 	a CommandLineArguments
		session: 	a WorkingSession
		stdout: 	a VTermOutputDriver
		stderr: 	a VTermOutputDriver


FullBlockClosure(BlockClosure)>>on:do:
	Receiver: [ self handleArgument: self firstArgument ]
	Arguments and temporary variables: 
		exception: 	Exit
		handlerAction: 	[ :exit |
			"If the command line is protected by password, [..]
	Receiver's instance variables: 
		outerContext: 	[ [ self handleArgument: self firstArgument ]
		on: Exit
		do[..]
		compiledBlock: 	a CompiledBlock: [ self handleArgument: self firstArgument ]
		numArgs: 	0
		receiver: 	a PharoCommandLineHandler


[ [ self handleArgument: self firstArgument ]
		on: Exit
		do: [ :exit |
			"If the command line is protected by password, we just exit the image because in non-headless mode the handleExit will let the image open. If the password protection is enabled, it is to avoid to let the access to the image."
			self class commandLinePasswordManager hasPasswordSet
				ifTrue: [ Smalltalk snapshot: false andQuit: true ].
			self handleExit: exit ] ] in PharoCommandLineHandler(BasicCommandLineHandler)>>activate
	Receiver: a PharoCommandLineHandler
	Arguments and temporary variables: 
x
	Receiver's instance variables: 
		commandLine: 	a CommandLineArguments
		session: 	a WorkingSession
		stdout: 	a VTermOutputDriver
		stderr: 	a VTermOutputDriver


[self value.
			"IMPORTANT: Do not step over next line of code. See method comments for details"
			Processor terminateRealActive] in FullBlockClosure(BlockClosure)>>newProcess
	Receiver: [ [ self handleArgument: self firstArgument ]
		on: Exit
		do: [ :exit |
			"If the co[..]
	Arguments and temporary variables: 
x
	Receiver's instance variables: 
		outerContext: 	PharoCommandLineHandler(BasicCommandLineHandler)>>activate
		compiledBlock: 	a CompiledBlock: [ [ self handleArgument: self firstArgument[..]
		numArgs: 	0
		receiver: 	a PharoCommandLineHandler



--- The full stack ---
SystemEnvironment(Dictionary)>>errorKeyNotFound:
[self errorKeyNotFound: key] in SystemEnvironment(Dictionary)>>at:
SystemEnvironment(Dictionary)>>at:ifAbsent:
SystemEnvironment(Dictionary)>>at:
[ :aBuilder |
		  | superclass converter |
		  superclass := self class environment at: superclassName asSymbol.

		  aBuilder
			  superclass: superclass;
			  environment: superclass environment;
			  name: subclassName;
			  layoutClass: layoutClass.
		  instanceVariableNames ifNotNil: [ aBuilder slotsFromString: instanceVariableNames ].
		  classVariableNames ifNotNil: [ aBuilder sharedVariablesFromString: classVariableNames ].
		
		  converter := CategoryConverter category: packageName environment: superclass environment.
		  aBuilder package: converter packageName.
		  aBuilder tag: converter tagName.

		  poolDictionariesNames ifNotNil: [ aBuilder sharedPoolsFromString: poolDictionariesNames ].
		  isTrait ifTrue: [ aBuilder beTrait ].
		  traitsDefinition ifNotNil: [ aBuilder traitComposition: (self class compiler evaluate: traitsDefinition) ] ] in OldClassDefinitionBuilder>>build
ShiftClassInstaller>>make:
ShiftClassInstaller class>>make:
OldClassDefinitionBuilder>>build
OldClassDefinitionBuilder class>>buildFromAST:
DoItChunk>>importFor:logSource:
[ :declaration |
		value := declaration importFor: nil logSource: logSource  ] in CodeImporter>>evaluate
OrderedCollection>>do:
CodeImporter>>evaluate
[ codeImporter evaluate ] in STCommandLineHandler>>installSourceFile:
FullBlockClosure(BlockClosure)>>on:do:
STCommandLineHandler>>handleErrorsDuring:reference:
STCommandLineHandler>>installSourceFile:
[ :reference |
		self installSourceFile: reference ] in [ sourceFiles do: [ :reference |
		self installSourceFile: reference ]
	] in STCommandLineHandler>>installSourceFiles
OrderedCollection>>do:
[ sourceFiles do: [ :reference |
		self installSourceFile: reference ]
	] in STCommandLineHandler>>installSourceFiles
FullBlockClosure(BlockClosure)>>ensure:
STCommandLineHandler>>installSourceFiles
STCommandLineHandler>>activate
STCommandLineHandler class(CommandLineHandler class)>>activateWith:
[ aCommandLinehandler activateWith: commandLine ] in PharoCommandLineHandler(BasicCommandLineHandler)>>activateSubCommand:
FullBlockClosure(BlockClosure)>>on:do:
PharoCommandLineHandler(BasicCommandLineHandler)>>activateSubCommand:
PharoCommandLineHandler(BasicCommandLineHandler)>>handleSubcommand
PharoCommandLineHandler(BasicCommandLineHandler)>>handleArgument:
[ self handleArgument: self firstArgument ] in [ [ self handleArgument: self firstArgument ]
		on: Exit
		do: [ :exit |
			"If the command line is protected by password, we just exit the image because in non-headless mode the handleExit will let the image open. If the password protection is enabled, it is to avoid to let the access to the image."
			self class commandLinePasswordManager hasPasswordSet
				ifTrue: [ Smalltalk snapshot: false andQuit: true ].
			self handleExit: exit ] ] in PharoCommandLineHandler(BasicCommandLineHandler)>>activate
FullBlockClosure(BlockClosure)>>on:do:
[ [ self handleArgument: self firstArgument ]
		on: Exit
		do: [ :exit |
			"If the command line is protected by password, we just exit the image because in non-headless mode the handleExit will let the image open. If the password protection is enabled, it is to avoid to let the access to the image."
			self class commandLinePasswordManager hasPasswordSet
				ifTrue: [ Smalltalk snapshot: false andQuit: true ].
			self handleExit: exit ] ] in PharoCommandLineHandler(BasicCommandLineHandler)>>activate
[self value.
			"IMPORTANT: Do not step over next line of code. See method comments for details"
			Processor terminateRealActive] in FullBlockClosure(BlockClosure)>>newProcess
-------------------------------------------------------------------------------

Processes and their stacks: 
Process: a Process in AtomicSharedQueue>>waitForNewItems
  stack:

AtomicSharedQueue>>waitForNewItems
AtomicSharedQueue>>next
TKTWorkerProcess>>privateNextTask
TKTWorkerProcess>>workerLoop
MessageSend>>value
[ aValuable value ] in TKTPharoProcessProvider>>createProcessDoing:named:
[self value.
			"IMPORTANT: Do not step over next line of code. See method comments for details"
			Processor terminateRealActive] in FullBlockClosure(BlockClosure)>>newProcess
------------------------------

Process: a Process in AtomicSharedQueue>>waitForNewItems
  stack:

AtomicSharedQueue>>waitForNewItems
AtomicSharedQueue>>next
TKTWorkerProcess>>privateNextTask
TKTWorkerProcess>>workerLoop
MessageSend>>value
[ aValuable value ] in TKTPharoProcessProvider>>createProcessDoing:named:
[self value.
			"IMPORTANT: Do not step over next line of code. See method comments for details"
			Processor terminateRealActive] in FullBlockClosure(BlockClosure)>>newProcess
------------------------------

Process: a Process in DelayMicrosecondTicker>>waitForUserSignalled:orExpired:
  stack:

DelayMicrosecondTicker>>waitForUserSignalled:orExpired:
[  [runTimerEventLoop] whileTrue:
		[	|nowTick|
			"Warning! Stepping <Over> the following line may lock the Image. Use <Into> or <Proceed>."
		 	ticker waitForUserSignalled: timingSemaphore orExpired: activeDelay.

			"Invoke the api back-ends, which set the transfer-variable to nil"
			suspendSemaphore ifNotNil: [ self suspendAtTimingPriority    ].
			delayToStart     ifNotNil: [ self scheduleAtTimingPriority   ].
			delayToStop      ifNotNil: [ self unscheduleAtTimingPriority ].

			"Signal any expired delays"
			nowTick := ticker nowTick.
			[ 	activeDelay isNotNil and: [nowTick >= activeDelay resumptionTick] ]
					whileTrue: [
						activeDelay timingPrioritySignalExpired.
						activeDelay := suspendedDelays removeFirstOrNil ].
		]
	] in DelaySemaphoreScheduler(DelayBasicScheduler)>>runBackendLoopAtTimingPriority
FullBlockClosure(BlockClosure)>>ensure:
DelaySemaphoreScheduler(DelayBasicScheduler)>>runBackendLoopAtTimingPriority
[ self runBackendLoopAtTimingPriority ] in DelaySemaphoreScheduler(DelayBasicScheduler)>>startTimerEventLoopPriority:
[self value.
			"IMPORTANT: Do not step over next line of code. See method comments for details"
			Processor terminateRealActive] in FullBlockClosure(BlockClosure)>>newProcess
------------------------------

Process: a Process in MorphicRenderLoop>>doOneCycleWhile:
  stack:

MorphicRenderLoop>>doOneCycleWhile:
[ MorphicRenderLoop new doOneCycleWhile: [ true ] ] in MorphicUIManager>>spawnNewProcess
[self value.
			"IMPORTANT: Do not step over next line of code. See method comments for details"
			Processor terminateRealActive] in FullBlockClosure(BlockClosure)>>newProcess
------------------------------

Process: a Process in Process>>endProcess
  stack:

Process>>endProcess
------------------------------

Process: a Process in Process>>endProcess
  stack:

Process>>endProcess
------------------------------

Process: a Process in Process>>endProcess
  stack:

Process>>endProcess
------------------------------

Process: a Process in Process>>endProcess
  stack:

Process>>endProcess
------------------------------

Process: a Process in Process>>endProcess
  stack:

Process>>endProcess
------------------------------

Process: a Process in SmalltalkImage>>lowSpaceWatcher
  stack:

SmalltalkImage>>lowSpaceWatcher
[ self lowSpaceWatcher ] in SmalltalkImage>>installLowSpaceWatcher
[self value.
			"IMPORTANT: Do not step over next line of code. See method comments for details"
			Processor terminateRealActive] in FullBlockClosure(BlockClosure)>>newProcess
------------------------------

Process: a Process in [self value.
			"IMPORTANT: Do not step over next line of code. See method comments for details"
			Processor terminateRealActive] in FullBlockClosure(BlockClosure)>>newProcess
  stack:

[self value.
			"IMPORTANT: Do not step over next line of code. See method comments for details"
			Processor terminateRealActive] in FullBlockClosure(BlockClosure)>>newProcess
------------------------------

Process: a Process in FinalizationProcess class>>finalizationProcess
  stack:

FinalizationProcess class>>finalizationProcess
[self finalizationProcess] in FinalizationProcess class>>restartFinalizationProcess
[self value.
			"IMPORTANT: Do not step over next line of code. See method comments for details"
			Processor terminateRealActive] in FullBlockClosure(BlockClosure)>>newProcess
------------------------------

Process: a Process in nil
  stack:

Array(SequenceableCollection)>>do:
[:logger |
		logger nextPutAll: 'Processes and their stacks: ';cr.

		Process allInstances do: [:each | | ctx |
			logger nextPutAll: 'Process: '; print: each; cr; nextPutAll: '  stack:'; cr; cr.

			ctx := each isActive ifTrue: [ thisContext sender ] ifFalse: [ each suspendedContext ].
			ctx ifNotNil: [
				(ctx stackOfSize: 20) do: [:s | logger print: s; cr ]].
			logger nextPutAll: '------------------------------'; cr; cr.
		]] in [ Smalltalk
		logError: aString
		inContext: aContext.

	" Print stacks of all current processes "

	Smalltalk logDuring: [:logger |
		logger nextPutAll: 'Processes and their stacks: ';cr.

		Process allInstances do: [:each | | ctx |
			logger nextPutAll: 'Process: '; print: each; cr; nextPutAll: '  stack:'; cr; cr.

			ctx := each isActive ifTrue: [ thisContext sender ] ifFalse: [ each suspendedContext ].
			ctx ifNotNil: [
				(ctx stackOfSize: 20) do: [:s | logger print: s; cr ]].
			logger nextPutAll: '------------------------------'; cr; cr.
		]].
	] in NonInteractiveUIManager(CommandLineUIManager)>>quitFrom:withMessage:
[
		logStream := self openLog.
		aMonadicBlock value: logStream.
	] in SmalltalkImage>>logDuring:
FullBlockClosure(BlockClosure)>>ensure:
SmalltalkImage>>logDuring:
[ Smalltalk
		logError: aString
		inContext: aContext.

	" Print stacks of all current processes "

	Smalltalk logDuring: [:logger |
		logger nextPutAll: 'Processes and their stacks: ';cr.

		Process allInstances do: [:each | | ctx |
			logger nextPutAll: 'Process: '; print: each; cr; nextPutAll: '  stack:'; cr; cr.

			ctx := each isActive ifTrue: [ thisContext sender ] ifFalse: [ each suspendedContext ].
			ctx ifNotNil: [
				(ctx stackOfSize: 20) do: [:s | logger print: s; cr ]].
			logger nextPutAll: '------------------------------'; cr; cr.
		]].
	] in NonInteractiveUIManager(CommandLineUIManager)>>quitFrom:withMessage:
FullBlockClosure(BlockClosure)>>ensure:
NonInteractiveUIManager(CommandLineUIManager)>>quitFrom:withMessage:
NonInteractiveUIManager(CommandLineUIManager)>>handleError:log:
NonInteractiveUIManager(UIManager)>>handleError:
Process>>handleError:
KeyNotFound(Exception)>>unhandledErrorAction
UnhandledError>>defaultAction
UndefinedObject>>handleSignal:
Context>>handleSignal:
Context>>handleSignal:
Context>>handleSignal:
UnhandledError(Exception)>>signal
UnhandledError class>>signalForException:
KeyNotFound(Exception)>>raiseUnhandledError
------------------------------

Process: a Process in Process>>endProcess
  stack:

Process>>endProcess
------------------------------

Process: a Process in Process>>endProcess
  stack:

Process>>endProcess
------------------------------

Process: a Process in Process>>endProcess
  stack:

Process>>endProcess
------------------------------

Process: a Process in [
		[ true ] whileTrue: [
			semaphore wait.
			[self executeCallback: self nextPendingCallback]
				on: Exception fork:  [:ex | ex pass ] ] ] in TFCallbackQueue>>forkCallbackProcess
  stack:

[
		[ true ] whileTrue: [
			semaphore wait.
			[self executeCallback: self nextPendingCallback]
				on: Exception fork:  [:ex | ex pass ] ] ] in TFCallbackQueue>>forkCallbackProcess
[self value.
			"IMPORTANT: Do not step over next line of code. See method comments for details"
			Processor terminateRealActive] in FullBlockClosure(BlockClosure)>>newProcess
------------------------------

Process: a Process in Process>>endProcess
  stack:

Process>>endProcess
------------------------------


===============================================================================
Notice: Errors in script loaded from Driver.st
===============================================================================
THERE_BE_DRAGONS_HERE
Instance of Driver class did not understand #methodsFor:
3 October 2026 6:10:26.746155 am

VM: Mac OS - arm64 - 1000 - CoInterpreter VMMaker-tonel.1 uuid: 80e43a52-2018-0e00-bce4-820906d86bc4 Sep 18 2026
StackToRegisterMappingCogit VMMaker-tonel.1 uuid: 80e43a52-2018-0e00-bce4-820906d86bc4 Sep 18 2026
v10.3.11+0.a585304b1 - Commit: a585304b1 - Date: 2026-09-16 09:19:54 +0200

Image: Pharo13.1.0SNAPSHOT [Build information: Pharo-13.1.0+SNAPSHOT.build.749.sha.d7c6f761d5445e8b04a0aa5137e0d546ad9bcd89 (64 Bit)]

Driver class(Object)>>doesNotUnderstand: #methodsFor:
	Receiver: Driver
	Arguments and temporary variables: 
		aMessage: 	methodsFor: 'rides'
		exception: 	Instance of Driver class did not understand #methodsFor:
		resumeValue: 	nil
	Receiver's instance variables: 
		superclass: 	Object
		methodDict: 	a MethodDictionary(#initializeWithID:name:rating:->Driver>>#ini[..]
		format: 	65540
		layout: 	a FixedLayout
		protocols: 	an Array(Protocol (initialization) - 1 selector(s))
		subclasses: 	nil
		name: 	#Driver
		classPool: 	nil
		sharedPools: 	an OrderedCollection()
		environment: 	a SystemEnvironment(lots of globals)
		commentSourcePointer: 	nil
		packageTag: 	a PackageTag(Uncategorized)


UndefinedObject>>DoIt
	Receiver: nil
	Arguments and temporary variables: 
x
	Receiver's instance variables: 
nil

OCReceiverDoItSemanticScope(OCDoItSemanticScope)>>evaluateDoIt:
	Receiver: an OCReceiverDoItSemanticScope
	Arguments and temporary variables: 
		doItMethod: 	UndefinedObject>>#DoIt
	Receiver's instance variables: 
		outerScope: 	nil
		targetReceiver: 	nil


OpalCompiler>>evaluate
	Receiver: an OpalCompiler
	Arguments and temporary variables: 
		value: 	nil
		doItMethod: 	UndefinedObject>>#DoIt
	Receiver's instance variables: 
		ast: 	DoIt

	Driver methodsFor: 'rides'
		source: 	'Driver methodsFor: ''rides'''
		compilationContext: 	an OCCompilationContext
		compilationContextClass: 	nil
		permitFaulty: 	false
		permitUndeclared: 	false
		failBlock: 	nil
		logged: 	true
		changeStamp: 	nil
		protocol: 	nil
		requestor: 	nil
		priorMethod: 	nil


DoItChunk>>importFor:logSource:
	Receiver: a DoItChunk(Driver methodsFor: 'rides')
	Arguments and temporary variables: 
		requestor: 	nil
		logSource: 	true
		ast: 	OCMessageNode(Driver methodsFor: 'rides')
	Receiver's instance variables: 
		contents: 	'Driver methodsFor: ''rides'''


[ :declaration |
		value := declaration importFor: nil logSource: logSource  ] in CodeImporter>>evaluate
	Receiver: a CodeImporter
	Arguments and temporary variables: 
		value: 	#initializeWithID:name:rating:
		declaration: 	a DoItChunk(Driver methodsFor: 'rides')
	Receiver's instance variables: 
		readStream: 	a ZnCharacterReadStream
		codeDeclarations: 	an OrderedCollection(a DoItChunk(Object subclass: #Driver[..]
		parserClass: 	ChunkFileFormatParser
		logSource: 	true


OrderedCollection>>do:
	Receiver: an OrderedCollection(a DoItChunk(Object subclass: #Driver
    instanceVariableNames: '[..]
	Arguments and temporary variables: 
		aBlock: 	[ :declaration |
		value := declaration importFor: nil logSource: l[..]
		index: 	3
	Receiver's instance variables: 
		array: 	an Array(a DoItChunk(Object subclass: #Driver
    instanceVariableNa[..]
		firstIndex: 	1
		lastIndex: 	5


CodeImporter>>evaluate
	Receiver: a CodeImporter
	Arguments and temporary variables: 
		value: 	#initializeWithID:name:rating:
	Receiver's instance variables: 
		readStream: 	a ZnCharacterReadStream
		codeDeclarations: 	an OrderedCollection(a DoItChunk(Object subclass: #Driver[..]
		parserClass: 	ChunkFileFormatParser
		logSource: 	true


[ codeImporter evaluate ] in STCommandLineHandler>>installSourceFile:
	Receiver: a STCommandLineHandler
	Arguments and temporary variables: 
		aReference: 	a File
		codeImporter: 	a CodeImporter
	Receiver's instance variables: 
		commandLine: 	a CommandLineArguments
		session: 	a WorkingSession
		stdout: 	a VTermOutputDriver
		stderr: 	a VTermOutputDriver
		sourceFiles: 	an OrderedCollection(a File)


FullBlockClosure(BlockClosure)>>on:do:
	Receiver: [ codeImporter evaluate ]
	Arguments and temporary variables: 
		exception: 	Error
		handlerAction: 	[ :e | self handleError: e reference: aReference ]
	Receiver's instance variables: 
		outerContext: 	STCommandLineHandler>>installSourceFile:
		compiledBlock: 	a CompiledBlock: [ codeImporter evaluate ]
		numArgs: 	0
		receiver: 	a STCommandLineHandler


STCommandLineHandler>>handleErrorsDuring:reference:
	Receiver: a STCommandLineHandler
	Arguments and temporary variables: 
		aBlock: 	[ codeImporter evaluate ]
		aReference: 	a File
	Receiver's instance variables: 
		commandLine: 	a CommandLineArguments
		session: 	a WorkingSession
		stdout: 	a VTermOutputDriver
		stderr: 	a VTermOutputDriver
		sourceFiles: 	an OrderedCollection(a File)


STCommandLineHandler>>installSourceFile:
	Receiver: a STCommandLineHandler
	Arguments and temporary variables: 
		codeImporter: 	a CodeImporter
		aReference: 	a File
	Receiver's instance variables: 
		commandLine: 	a CommandLineArguments
		session: 	a WorkingSession
		stdout: 	a VTermOutputDriver
		stderr: 	a VTermOutputDriver
		sourceFiles: 	an OrderedCollection(a File)


[ :reference |
		self installSourceFile: reference ] in [ sourceFiles do: [ :reference |
		self installSourceFile: reference ]
	] in STCommandLineHandler>>installSourceFiles
	Receiver: a STCommandLineHandler
	Arguments and temporary variables: 
		reference: 	a File
	Receiver's instance variables: 
		commandLine: 	a CommandLineArguments
		session: 	a WorkingSession
		stdout: 	a VTermOutputDriver
		stderr: 	a VTermOutputDriver
		sourceFiles: 	an OrderedCollection(a File)


OrderedCollection>>do:
	Receiver: an OrderedCollection(a File)
	Arguments and temporary variables: 
		aBlock: 	[ :reference |
		self installSourceFile: reference ]
		index: 	1
	Receiver's instance variables: 
		array: 	an Array(a File)
		firstIndex: 	1
		lastIndex: 	1


[ sourceFiles do: [ :reference |
		self installSourceFile: reference ]
	] in STCommandLineHandler>>installSourceFiles
	Receiver: a STCommandLineHandler
	Arguments and temporary variables: 
x
	Receiver's instance variables: 
		commandLine: 	a CommandLineArguments
		session: 	a WorkingSession
		stdout: 	a VTermOutputDriver
		stderr: 	a VTermOutputDriver
		sourceFiles: 	an OrderedCollection(a File)


FullBlockClosure(BlockClosure)>>ensure:
	Receiver: [ sourceFiles do: [ :reference |
		self installSourceFile: reference ]
	]
	Arguments and temporary variables: 
		aBlock: 	[ sourceFiles := nil ]
		handler: 	[ sourceFiles := nil ]
		complete: 	nil
		returnValue: 	nil
	Receiver's instance variables: 
		outerContext: 	STCommandLineHandler>>installSourceFiles
		compiledBlock: 	a CompiledBlock: [ sourceFiles do: [ :reference |
		self ins[..]
		numArgs: 	0
		receiver: 	a STCommandLineHandler


STCommandLineHandler>>installSourceFiles
	Receiver: a STCommandLineHandler
	Arguments and temporary variables: 
x
	Receiver's instance variables: 
		commandLine: 	a CommandLineArguments
		session: 	a WorkingSession
		stdout: 	a VTermOutputDriver
		stderr: 	a VTermOutputDriver
		sourceFiles: 	an OrderedCollection(a File)


STCommandLineHandler>>activate
	Receiver: a STCommandLineHandler
	Arguments and temporary variables: 
x
	Receiver's instance variables: 
		commandLine: 	a CommandLineArguments
		session: 	a WorkingSession
		stdout: 	a VTermOutputDriver
		stderr: 	a VTermOutputDriver
		sourceFiles: 	an OrderedCollection(a File)


STCommandLineHandler class(CommandLineHandler class)>>activateWith:
	Receiver: STCommandLineHandler
	Arguments and temporary variables: 
		aCommandLine: 	a CommandLineArguments
	Receiver's instance variables: 
		superclass: 	CommandLineHandler
		methodDict: 	a MethodDictionary(#activate->STCommandLineHandler>>#activate #[..]
		format: 	65541
		layout: 	a FixedLayout
		protocols: 	an Array(Protocol (private) - 3 selector(s) Protocol (installing[..]
		subclasses: 	{EvaluateCommandLineHandler}
		name: 	#STCommandLineHandler
		classPool: 	nil
		sharedPools: 	an OrderedCollection()
		environment: 	a SystemEnvironment(lots of globals)
		commentSourcePointer: 	60986524
		packageTag: 	a PackageTag(Base)


[ aCommandLinehandler activateWith: commandLine ] in PharoCommandLineHandler(BasicCommandLineHandler)>>activateSubCommand:
	Receiver: a PharoCommandLineHandler
	Arguments and temporary variables: 
		aCommandLinehandler: 	STCommandLineHandler
	Receiver's instance variables: 
		commandLine: 	a CommandLineArguments
		session: 	a WorkingSession
		stdout: 	a VTermOutputDriver
		stderr: 	a VTermOutputDriver


FullBlockClosure(BlockClosure)>>on:do:
	Receiver: [ aCommandLinehandler activateWith: commandLine ]
	Arguments and temporary variables: 
		exception: 	Exit
		handlerAction: 	[ :exit |
		^ self handleExit: exit for: aCommandLinehandler ]
	Receiver's instance variables: 
		outerContext: 	PharoCommandLineHandler(BasicCommandLineHandler)>>activateSub[..]
		compiledBlock: 	a CompiledBlock: [ aCommandLinehandler activateWith: command[..]
		numArgs: 	0
		receiver: 	a PharoCommandLineHandler


PharoCommandLineHandler(BasicCommandLineHandler)>>activateSubCommand:
	Receiver: a PharoCommandLineHandler
	Arguments and temporary variables: 
		aCommandLinehandler: 	STCommandLineHandler
	Receiver's instance variables: 
		commandLine: 	a CommandLineArguments
		session: 	a WorkingSession
		stdout: 	a VTermOutputDriver
		stderr: 	a VTermOutputDriver


PharoCommandLineHandler(BasicCommandLineHandler)>>handleSubcommand
	Receiver: a PharoCommandLineHandler
	Arguments and temporary variables: 
		handlers: 	an OrderedCollection(STCommandLineHandler)
	Receiver's instance variables: 
		commandLine: 	a CommandLineArguments
		session: 	a WorkingSession
		stdout: 	a VTermOutputDriver
		stderr: 	a VTermOutputDriver


PharoCommandLineHandler(BasicCommandLineHandler)>>handleArgument:
	Receiver: a PharoCommandLineHandler
	Arguments and temporary variables: 
		aString: 	'st'
	Receiver's instance variables: 
		commandLine: 	a CommandLineArguments
		session: 	a WorkingSession
		stdout: 	a VTermOutputDriver
		stderr: 	a VTermOutputDriver


[ self handleArgument: self firstArgument ] in [ [ self handleArgument: self firstArgument ]
		on: Exit
		do: [ :exit |
			"If the command line is protected by password, we just exit the image because in non-headless mode the handleExit will let the image open. If the password protection is enabled, it is to avoid to let the access to the image."
			self class commandLinePasswordManager hasPasswordSet
				ifTrue: [ Smalltalk snapshot: false andQuit: true ].
			self handleExit: exit ] ] in PharoCommandLineHandler(BasicCommandLineHandler)>>activate
	Receiver: a PharoCommandLineHandler
	Arguments and temporary variables: 
x
	Receiver's instance variables: 
		commandLine: 	a CommandLineArguments
		session: 	a WorkingSession
		stdout: 	a VTermOutputDriver
		stderr: 	a VTermOutputDriver


FullBlockClosure(BlockClosure)>>on:do:
	Receiver: [ self handleArgument: self firstArgument ]
	Arguments and temporary variables: 
		exception: 	Exit
		handlerAction: 	[ :exit |
			"If the command line is protected by password, [..]
	Receiver's instance variables: 
		outerContext: 	[ [ self handleArgument: self firstArgument ]
		on: Exit
		do[..]
		compiledBlock: 	a CompiledBlock: [ self handleArgument: self firstArgument ]
		numArgs: 	0
		receiver: 	a PharoCommandLineHandler


[ [ self handleArgument: self firstArgument ]
		on: Exit
		do: [ :exit |
			"If the command line is protected by password, we just exit the image because in non-headless mode the handleExit will let the image open. If the password protection is enabled, it is to avoid to let the access to the image."
			self class commandLinePasswordManager hasPasswordSet
				ifTrue: [ Smalltalk snapshot: false andQuit: true ].
			self handleExit: exit ] ] in PharoCommandLineHandler(BasicCommandLineHandler)>>activate
	Receiver: a PharoCommandLineHandler
	Arguments and temporary variables: 
x
	Receiver's instance variables: 
		commandLine: 	a CommandLineArguments
		session: 	a WorkingSession
		stdout: 	a VTermOutputDriver
		stderr: 	a VTermOutputDriver


[self value.
			"IMPORTANT: Do not step over next line of code. See method comments for details"
			Processor terminateRealActive] in FullBlockClosure(BlockClosure)>>newProcess
	Receiver: [ [ self handleArgument: self firstArgument ]
		on: Exit
		do: [ :exit |
			"If the co[..]
	Arguments and temporary variables: 
x
	Receiver's instance variables: 
		outerContext: 	PharoCommandLineHandler(BasicCommandLineHandler)>>activate
		compiledBlock: 	a CompiledBlock: [ [ self handleArgument: self firstArgument[..]
		numArgs: 	0
		receiver: 	a PharoCommandLineHandler



--- The full stack ---
Driver class(Object)>>doesNotUnderstand: #methodsFor:
UndefinedObject>>DoIt
OCReceiverDoItSemanticScope(OCDoItSemanticScope)>>evaluateDoIt:
OpalCompiler>>evaluate
DoItChunk>>importFor:logSource:
[ :declaration |
		value := declaration importFor: nil logSource: logSource  ] in CodeImporter>>evaluate
OrderedCollection>>do:
CodeImporter>>evaluate
[ codeImporter evaluate ] in STCommandLineHandler>>installSourceFile:
FullBlockClosure(BlockClosure)>>on:do:
STCommandLineHandler>>handleErrorsDuring:reference:
STCommandLineHandler>>installSourceFile:
[ :reference |
		self installSourceFile: reference ] in [ sourceFiles do: [ :reference |
		self installSourceFile: reference ]
	] in STCommandLineHandler>>installSourceFiles
OrderedCollection>>do:
[ sourceFiles do: [ :reference |
		self installSourceFile: reference ]
	] in STCommandLineHandler>>installSourceFiles
FullBlockClosure(BlockClosure)>>ensure:
STCommandLineHandler>>installSourceFiles
STCommandLineHandler>>activate
STCommandLineHandler class(CommandLineHandler class)>>activateWith:
[ aCommandLinehandler activateWith: commandLine ] in PharoCommandLineHandler(BasicCommandLineHandler)>>activateSubCommand:
FullBlockClosure(BlockClosure)>>on:do:
PharoCommandLineHandler(BasicCommandLineHandler)>>activateSubCommand:
PharoCommandLineHandler(BasicCommandLineHandler)>>handleSubcommand
PharoCommandLineHandler(BasicCommandLineHandler)>>handleArgument:
[ self handleArgument: self firstArgument ] in [ [ self handleArgument: self firstArgument ]
		on: Exit
		do: [ :exit |
			"If the command line is protected by password, we just exit the image because in non-headless mode the handleExit will let the image open. If the password protection is enabled, it is to avoid to let the access to the image."
			self class commandLinePasswordManager hasPasswordSet
				ifTrue: [ Smalltalk snapshot: false andQuit: true ].
			self handleExit: exit ] ] in PharoCommandLineHandler(BasicCommandLineHandler)>>activate
FullBlockClosure(BlockClosure)>>on:do:
[ [ self handleArgument: self firstArgument ]
		on: Exit
		do: [ :exit |
			"If the command line is protected by password, we just exit the image because in non-headless mode the handleExit will let the image open. If the password protection is enabled, it is to avoid to let the access to the image."
			self class commandLinePasswordManager hasPasswordSet
				ifTrue: [ Smalltalk snapshot: false andQuit: true ].
			self handleExit: exit ] ] in PharoCommandLineHandler(BasicCommandLineHandler)>>activate
[self value.
			"IMPORTANT: Do not step over next line of code. See method comments for details"
			Processor terminateRealActive] in FullBlockClosure(BlockClosure)>>newProcess
-------------------------------------------------------------------------------

Processes and their stacks: 
Process: a Process in AtomicSharedQueue>>waitForNewItems
  stack:

AtomicSharedQueue>>waitForNewItems
AtomicSharedQueue>>next
TKTWorkerProcess>>privateNextTask
TKTWorkerProcess>>workerLoop
MessageSend>>value
[ aValuable value ] in TKTPharoProcessProvider>>createProcessDoing:named:
[self value.
			"IMPORTANT: Do not step over next line of code. See method comments for details"
			Processor terminateRealActive] in FullBlockClosure(BlockClosure)>>newProcess
------------------------------

Process: a Process in AtomicSharedQueue>>waitForNewItems
  stack:

AtomicSharedQueue>>waitForNewItems
AtomicSharedQueue>>next
TKTWorkerProcess>>privateNextTask
TKTWorkerProcess>>workerLoop
MessageSend>>value
[ aValuable value ] in TKTPharoProcessProvider>>createProcessDoing:named:
[self value.
			"IMPORTANT: Do not step over next line of code. See method comments for details"
			Processor terminateRealActive] in FullBlockClosure(BlockClosure)>>newProcess
------------------------------

Process: a Process in DelayMicrosecondTicker>>waitForUserSignalled:orExpired:
  stack:

DelayMicrosecondTicker>>waitForUserSignalled:orExpired:
[  [runTimerEventLoop] whileTrue:
		[	|nowTick|
			"Warning! Stepping <Over> the following line may lock the Image. Use <Into> or <Proceed>."
		 	ticker waitForUserSignalled: timingSemaphore orExpired: activeDelay.

			"Invoke the api back-ends, which set the transfer-variable to nil"
			suspendSemaphore ifNotNil: [ self suspendAtTimingPriority    ].
			delayToStart     ifNotNil: [ self scheduleAtTimingPriority   ].
			delayToStop      ifNotNil: [ self unscheduleAtTimingPriority ].

			"Signal any expired delays"
			nowTick := ticker nowTick.
			[ 	activeDelay isNotNil and: [nowTick >= activeDelay resumptionTick] ]
					whileTrue: [
						activeDelay timingPrioritySignalExpired.
						activeDelay := suspendedDelays removeFirstOrNil ].
		]
	] in DelaySemaphoreScheduler(DelayBasicScheduler)>>runBackendLoopAtTimingPriority
FullBlockClosure(BlockClosure)>>ensure:
DelaySemaphoreScheduler(DelayBasicScheduler)>>runBackendLoopAtTimingPriority
[ self runBackendLoopAtTimingPriority ] in DelaySemaphoreScheduler(DelayBasicScheduler)>>startTimerEventLoopPriority:
[self value.
			"IMPORTANT: Do not step over next line of code. See method comments for details"
			Processor terminateRealActive] in FullBlockClosure(BlockClosure)>>newProcess
------------------------------

Process: a Process in MorphicRenderLoop>>doOneCycleWhile:
  stack:

MorphicRenderLoop>>doOneCycleWhile:
[ MorphicRenderLoop new doOneCycleWhile: [ true ] ] in MorphicUIManager>>spawnNewProcess
[self value.
			"IMPORTANT: Do not step over next line of code. See method comments for details"
			Processor terminateRealActive] in FullBlockClosure(BlockClosure)>>newProcess
------------------------------

Process: a Process in Process>>endProcess
  stack:

Process>>endProcess
------------------------------

Process: a Process in Process>>endProcess
  stack:

Process>>endProcess
------------------------------

Process: a Process in Process>>endProcess
  stack:

Process>>endProcess
------------------------------

Process: a Process in Process>>endProcess
  stack:

Process>>endProcess
------------------------------

Process: a Process in Process>>endProcess
  stack:

Process>>endProcess
------------------------------

Process: a Process in SmalltalkImage>>lowSpaceWatcher
  stack:

SmalltalkImage>>lowSpaceWatcher
[ self lowSpaceWatcher ] in SmalltalkImage>>installLowSpaceWatcher
[self value.
			"IMPORTANT: Do not step over next line of code. See method comments for details"
			Processor terminateRealActive] in FullBlockClosure(BlockClosure)>>newProcess
------------------------------

Process: a Process in [self value.
			"IMPORTANT: Do not step over next line of code. See method comments for details"
			Processor terminateRealActive] in FullBlockClosure(BlockClosure)>>newProcess
  stack:

[self value.
			"IMPORTANT: Do not step over next line of code. See method comments for details"
			Processor terminateRealActive] in FullBlockClosure(BlockClosure)>>newProcess
------------------------------

Process: a Process in FinalizationProcess class>>finalizationProcess
  stack:

FinalizationProcess class>>finalizationProcess
[self finalizationProcess] in FinalizationProcess class>>restartFinalizationProcess
[self value.
			"IMPORTANT: Do not step over next line of code. See method comments for details"
			Processor terminateRealActive] in FullBlockClosure(BlockClosure)>>newProcess
------------------------------

Process: a Process in nil
  stack:

Array(SequenceableCollection)>>do:
[:logger |
		logger nextPutAll: 'Processes and their stacks: ';cr.

		Process allInstances do: [:each | | ctx |
			logger nextPutAll: 'Process: '; print: each; cr; nextPutAll: '  stack:'; cr; cr.

			ctx := each isActive ifTrue: [ thisContext sender ] ifFalse: [ each suspendedContext ].
			ctx ifNotNil: [
				(ctx stackOfSize: 20) do: [:s | logger print: s; cr ]].
			logger nextPutAll: '------------------------------'; cr; cr.
		]] in [ Smalltalk
		logError: aString
		inContext: aContext.

	" Print stacks of all current processes "

	Smalltalk logDuring: [:logger |
		logger nextPutAll: 'Processes and their stacks: ';cr.

		Process allInstances do: [:each | | ctx |
			logger nextPutAll: 'Process: '; print: each; cr; nextPutAll: '  stack:'; cr; cr.

			ctx := each isActive ifTrue: [ thisContext sender ] ifFalse: [ each suspendedContext ].
			ctx ifNotNil: [
				(ctx stackOfSize: 20) do: [:s | logger print: s; cr ]].
			logger nextPutAll: '------------------------------'; cr; cr.
		]].
	] in NonInteractiveUIManager(CommandLineUIManager)>>quitFrom:withMessage:
[
		logStream := self openLog.
		aMonadicBlock value: logStream.
	] in SmalltalkImage>>logDuring:
FullBlockClosure(BlockClosure)>>ensure:
SmalltalkImage>>logDuring:
[ Smalltalk
		logError: aString
		inContext: aContext.

	" Print stacks of all current processes "

	Smalltalk logDuring: [:logger |
		logger nextPutAll: 'Processes and their stacks: ';cr.

		Process allInstances do: [:each | | ctx |
			logger nextPutAll: 'Process: '; print: each; cr; nextPutAll: '  stack:'; cr; cr.

			ctx := each isActive ifTrue: [ thisContext sender ] ifFalse: [ each suspendedContext ].
			ctx ifNotNil: [
				(ctx stackOfSize: 20) do: [:s | logger print: s; cr ]].
			logger nextPutAll: '------------------------------'; cr; cr.
		]].
	] in NonInteractiveUIManager(CommandLineUIManager)>>quitFrom:withMessage:
FullBlockClosure(BlockClosure)>>ensure:
NonInteractiveUIManager(CommandLineUIManager)>>quitFrom:withMessage:
NonInteractiveUIManager(CommandLineUIManager)>>handleError:log:
NonInteractiveUIManager(UIManager)>>handleError:
Process>>handleError:
MessageNotUnderstood(Exception)>>unhandledErrorAction
UnhandledError>>defaultAction
UndefinedObject>>handleSignal:
Context>>handleSignal:
Context>>handleSignal:
Context>>handleSignal:
UnhandledError(Exception)>>signal
UnhandledError class>>signalForException:
MessageNotUnderstood(Exception)>>raiseUnhandledError
------------------------------

Process: a Process in [delaySemaphore wait] in Delay>>wait
  stack:

[delaySemaphore wait] in Delay>>wait
FullBlockClosure(BlockClosure)>>ifCurtailed:
Delay>>wait
Duration>>wait
[
		"Loop until enough time passed since last #schedule"
		[ DateAndTime now < (lastSchedule + duration) ]
			whileTrue: [ duration wait ].

		"Execute deferred action (if not flushed before) and clean up"
		self flush.
	] in OmDeferrer>>runMessageProcess
[self value.
			"IMPORTANT: Do not step over next line of code. See method comments for details"
			Processor terminateRealActive] in FullBlockClosure(BlockClosure)>>newProcess
------------------------------

Process: a Process in Process>>endProcess
  stack:

Process>>endProcess
------------------------------

Process: a Process in Process>>endProcess
  stack:

Process>>endProcess
------------------------------

Process: a Process in Process>>endProcess
  stack:

Process>>endProcess
------------------------------

Process: a Process in [
		[ true ] whileTrue: [
			semaphore wait.
			[self executeCallback: self nextPendingCallback]
				on: Exception fork:  [:ex | ex pass ] ] ] in TFCallbackQueue>>forkCallbackProcess
  stack:

[
		[ true ] whileTrue: [
			semaphore wait.
			[self executeCallback: self nextPendingCallback]
				on: Exception fork:  [:ex | ex pass ] ] ] in TFCallbackQueue>>forkCallbackProcess
[self value.
			"IMPORTANT: Do not step over next line of code. See method comments for details"
			Processor terminateRealActive] in FullBlockClosure(BlockClosure)>>newProcess
------------------------------

Process: a Process in Process>>endProcess
  stack:

Process>>endProcess
------------------------------


===============================================================================
Notice: Errors in script loaded from Rider.st
===============================================================================
THERE_BE_DRAGONS_HERE
Instance of Rider class did not understand #methodsFor:
3 October 2026 6:10:26.971121 am

VM: Mac OS - arm64 - 1000 - CoInterpreter VMMaker-tonel.1 uuid: 80e43a52-2018-0e00-bce4-820906d86bc4 Sep 18 2026
StackToRegisterMappingCogit VMMaker-tonel.1 uuid: 80e43a52-2018-0e00-bce4-820906d86bc4 Sep 18 2026
v10.3.11+0.a585304b1 - Commit: a585304b1 - Date: 2026-09-16 09:19:54 +0200

Image: Pharo13.1.0SNAPSHOT [Build information: Pharo-13.1.0+SNAPSHOT.build.749.sha.d7c6f761d5445e8b04a0aa5137e0d546ad9bcd89 (64 Bit)]

Rider class(Object)>>doesNotUnderstand: #methodsFor:
	Receiver: Rider
	Arguments and temporary variables: 
		aMessage: 	methodsFor: 'rides'
		exception: 	Instance of Rider class did not understand #methodsFor:
		resumeValue: 	nil
	Receiver's instance variables: 
		superclass: 	Object
		methodDict: 	a MethodDictionary(#initializeWithID:name:->Rider>>#initializeW[..]
		format: 	65539
		layout: 	a FixedLayout
		protocols: 	an Array(Protocol (initialization) - 1 selector(s))
		subclasses: 	nil
		name: 	#Rider
		classPool: 	nil
		sharedPools: 	an OrderedCollection()
		environment: 	a SystemEnvironment(lots of globals)
		commentSourcePointer: 	nil
		packageTag: 	a PackageTag(Uncategorized)


UndefinedObject>>DoIt
	Receiver: nil
	Arguments and temporary variables: 
x
	Receiver's instance variables: 
nil

OCReceiverDoItSemanticScope(OCDoItSemanticScope)>>evaluateDoIt:
	Receiver: an OCReceiverDoItSemanticScope
	Arguments and temporary variables: 
		doItMethod: 	UndefinedObject>>#DoIt
	Receiver's instance variables: 
		outerScope: 	nil
		targetReceiver: 	nil


OpalCompiler>>evaluate
	Receiver: an OpalCompiler
	Arguments and temporary variables: 
		value: 	nil
		doItMethod: 	UndefinedObject>>#DoIt
	Receiver's instance variables: 
		ast: 	DoIt

	Rider methodsFor: 'rides'
		source: 	'Rider methodsFor: ''rides'''
		compilationContext: 	an OCCompilationContext
		compilationContextClass: 	nil
		permitFaulty: 	false
		permitUndeclared: 	false
		failBlock: 	nil
		logged: 	true
		changeStamp: 	nil
		protocol: 	nil
		requestor: 	nil
		priorMethod: 	nil


DoItChunk>>importFor:logSource:
	Receiver: a DoItChunk(Rider methodsFor: 'rides')
	Arguments and temporary variables: 
		requestor: 	nil
		logSource: 	true
		ast: 	OCMessageNode(Rider methodsFor: 'rides')
	Receiver's instance variables: 
		contents: 	'Rider methodsFor: ''rides'''


[ :declaration |
		value := declaration importFor: nil logSource: logSource  ] in CodeImporter>>evaluate
	Receiver: a CodeImporter
	Arguments and temporary variables: 
		value: 	#initializeWithID:name:
		declaration: 	a DoItChunk(Rider methodsFor: 'rides')
	Receiver's instance variables: 
		readStream: 	a ZnCharacterReadStream
		codeDeclarations: 	an OrderedCollection(a DoItChunk(Object subclass: #Rider
[..]
		parserClass: 	ChunkFileFormatParser
		logSource: 	true


OrderedCollection>>do:
	Receiver: an OrderedCollection(a DoItChunk(Object subclass: #Rider
    instanceVariableNames: 'r[..]
	Arguments and temporary variables: 
		aBlock: 	[ :declaration |
		value := declaration importFor: nil logSource: l[..]
		index: 	3
	Receiver's instance variables: 
		array: 	an Array(a DoItChunk(Object subclass: #Rider
    instanceVariableNam[..]
		firstIndex: 	1
		lastIndex: 	5


CodeImporter>>evaluate
	Receiver: a CodeImporter
	Arguments and temporary variables: 
		value: 	#initializeWithID:name:
	Receiver's instance variables: 
		readStream: 	a ZnCharacterReadStream
		codeDeclarations: 	an OrderedCollection(a DoItChunk(Object subclass: #Rider
[..]
		parserClass: 	ChunkFileFormatParser
		logSource: 	true


[ codeImporter evaluate ] in STCommandLineHandler>>installSourceFile:
	Receiver: a STCommandLineHandler
	Arguments and temporary variables: 
		aReference: 	a File
		codeImporter: 	a CodeImporter
	Receiver's instance variables: 
		commandLine: 	a CommandLineArguments
		session: 	a WorkingSession
		stdout: 	a VTermOutputDriver
		stderr: 	a VTermOutputDriver
		sourceFiles: 	an OrderedCollection(a File)


FullBlockClosure(BlockClosure)>>on:do:
	Receiver: [ codeImporter evaluate ]
	Arguments and temporary variables: 
		exception: 	Error
		handlerAction: 	[ :e | self handleError: e reference: aReference ]
	Receiver's instance variables: 
		outerContext: 	STCommandLineHandler>>installSourceFile:
		compiledBlock: 	a CompiledBlock: [ codeImporter evaluate ]
		numArgs: 	0
		receiver: 	a STCommandLineHandler


STCommandLineHandler>>handleErrorsDuring:reference:
	Receiver: a STCommandLineHandler
	Arguments and temporary variables: 
		aBlock: 	[ codeImporter evaluate ]
		aReference: 	a File
	Receiver's instance variables: 
		commandLine: 	a CommandLineArguments
		session: 	a WorkingSession
		stdout: 	a VTermOutputDriver
		stderr: 	a VTermOutputDriver
		sourceFiles: 	an OrderedCollection(a File)


STCommandLineHandler>>installSourceFile:
	Receiver: a STCommandLineHandler
	Arguments and temporary variables: 
		codeImporter: 	a CodeImporter
		aReference: 	a File
	Receiver's instance variables: 
		commandLine: 	a CommandLineArguments
		session: 	a WorkingSession
		stdout: 	a VTermOutputDriver
		stderr: 	a VTermOutputDriver
		sourceFiles: 	an OrderedCollection(a File)


[ :reference |
		self installSourceFile: reference ] in [ sourceFiles do: [ :reference |
		self installSourceFile: reference ]
	] in STCommandLineHandler>>installSourceFiles
	Receiver: a STCommandLineHandler
	Arguments and temporary variables: 
		reference: 	a File
	Receiver's instance variables: 
		commandLine: 	a CommandLineArguments
		session: 	a WorkingSession
		stdout: 	a VTermOutputDriver
		stderr: 	a VTermOutputDriver
		sourceFiles: 	an OrderedCollection(a File)


OrderedCollection>>do:
	Receiver: an OrderedCollection(a File)
	Arguments and temporary variables: 
		aBlock: 	[ :reference |
		self installSourceFile: reference ]
		index: 	1
	Receiver's instance variables: 
		array: 	an Array(a File)
		firstIndex: 	1
		lastIndex: 	1


[ sourceFiles do: [ :reference |
		self installSourceFile: reference ]
	] in STCommandLineHandler>>installSourceFiles
	Receiver: a STCommandLineHandler
	Arguments and temporary variables: 
x
	Receiver's instance variables: 
		commandLine: 	a CommandLineArguments
		session: 	a WorkingSession
		stdout: 	a VTermOutputDriver
		stderr: 	a VTermOutputDriver
		sourceFiles: 	an OrderedCollection(a File)


FullBlockClosure(BlockClosure)>>ensure:
	Receiver: [ sourceFiles do: [ :reference |
		self installSourceFile: reference ]
	]
	Arguments and temporary variables: 
		aBlock: 	[ sourceFiles := nil ]
		handler: 	[ sourceFiles := nil ]
		complete: 	nil
		returnValue: 	nil
	Receiver's instance variables: 
		outerContext: 	STCommandLineHandler>>installSourceFiles
		compiledBlock: 	a CompiledBlock: [ sourceFiles do: [ :reference |
		self ins[..]
		numArgs: 	0
		receiver: 	a STCommandLineHandler


STCommandLineHandler>>installSourceFiles
	Receiver: a STCommandLineHandler
	Arguments and temporary variables: 
x
	Receiver's instance variables: 
		commandLine: 	a CommandLineArguments
		session: 	a WorkingSession
		stdout: 	a VTermOutputDriver
		stderr: 	a VTermOutputDriver
		sourceFiles: 	an OrderedCollection(a File)


STCommandLineHandler>>activate
	Receiver: a STCommandLineHandler
	Arguments and temporary variables: 
x
	Receiver's instance variables: 
		commandLine: 	a CommandLineArguments
		session: 	a WorkingSession
		stdout: 	a VTermOutputDriver
		stderr: 	a VTermOutputDriver
		sourceFiles: 	an OrderedCollection(a File)


STCommandLineHandler class(CommandLineHandler class)>>activateWith:
	Receiver: STCommandLineHandler
	Arguments and temporary variables: 
		aCommandLine: 	a CommandLineArguments
	Receiver's instance variables: 
		superclass: 	CommandLineHandler
		methodDict: 	a MethodDictionary(#activate->STCommandLineHandler>>#activate #[..]
		format: 	65541
		layout: 	a FixedLayout
		protocols: 	an Array(Protocol (private) - 3 selector(s) Protocol (installing[..]
		subclasses: 	{EvaluateCommandLineHandler}
		name: 	#STCommandLineHandler
		classPool: 	nil
		sharedPools: 	an OrderedCollection()
		environment: 	a SystemEnvironment(lots of globals)
		commentSourcePointer: 	60986524
		packageTag: 	a PackageTag(Base)


[ aCommandLinehandler activateWith: commandLine ] in PharoCommandLineHandler(BasicCommandLineHandler)>>activateSubCommand:
	Receiver: a PharoCommandLineHandler
	Arguments and temporary variables: 
		aCommandLinehandler: 	STCommandLineHandler
	Receiver's instance variables: 
		commandLine: 	a CommandLineArguments
		session: 	a WorkingSession
		stdout: 	a VTermOutputDriver
		stderr: 	a VTermOutputDriver


FullBlockClosure(BlockClosure)>>on:do:
	Receiver: [ aCommandLinehandler activateWith: commandLine ]
	Arguments and temporary variables: 
		exception: 	Exit
		handlerAction: 	[ :exit |
		^ self handleExit: exit for: aCommandLinehandler ]
	Receiver's instance variables: 
		outerContext: 	PharoCommandLineHandler(BasicCommandLineHandler)>>activateSub[..]
		compiledBlock: 	a CompiledBlock: [ aCommandLinehandler activateWith: command[..]
		numArgs: 	0
		receiver: 	a PharoCommandLineHandler


PharoCommandLineHandler(BasicCommandLineHandler)>>activateSubCommand:
	Receiver: a PharoCommandLineHandler
	Arguments and temporary variables: 
		aCommandLinehandler: 	STCommandLineHandler
	Receiver's instance variables: 
		commandLine: 	a CommandLineArguments
		session: 	a WorkingSession
		stdout: 	a VTermOutputDriver
		stderr: 	a VTermOutputDriver


PharoCommandLineHandler(BasicCommandLineHandler)>>handleSubcommand
	Receiver: a PharoCommandLineHandler
	Arguments and temporary variables: 
		handlers: 	an OrderedCollection(STCommandLineHandler)
	Receiver's instance variables: 
		commandLine: 	a CommandLineArguments
		session: 	a WorkingSession
		stdout: 	a VTermOutputDriver
		stderr: 	a VTermOutputDriver


PharoCommandLineHandler(BasicCommandLineHandler)>>handleArgument:
	Receiver: a PharoCommandLineHandler
	Arguments and temporary variables: 
		aString: 	'st'
	Receiver's instance variables: 
		commandLine: 	a CommandLineArguments
		session: 	a WorkingSession
		stdout: 	a VTermOutputDriver
		stderr: 	a VTermOutputDriver


[ self handleArgument: self firstArgument ] in [ [ self handleArgument: self firstArgument ]
		on: Exit
		do: [ :exit |
			"If the command line is protected by password, we just exit the image because in non-headless mode the handleExit will let the image open. If the password protection is enabled, it is to avoid to let the access to the image."
			self class commandLinePasswordManager hasPasswordSet
				ifTrue: [ Smalltalk snapshot: false andQuit: true ].
			self handleExit: exit ] ] in PharoCommandLineHandler(BasicCommandLineHandler)>>activate
	Receiver: a PharoCommandLineHandler
	Arguments and temporary variables: 
x
	Receiver's instance variables: 
		commandLine: 	a CommandLineArguments
		session: 	a WorkingSession
		stdout: 	a VTermOutputDriver
		stderr: 	a VTermOutputDriver


FullBlockClosure(BlockClosure)>>on:do:
	Receiver: [ self handleArgument: self firstArgument ]
	Arguments and temporary variables: 
		exception: 	Exit
		handlerAction: 	[ :exit |
			"If the command line is protected by password, [..]
	Receiver's instance variables: 
		outerContext: 	[ [ self handleArgument: self firstArgument ]
		on: Exit
		do[..]
		compiledBlock: 	a CompiledBlock: [ self handleArgument: self firstArgument ]
		numArgs: 	0
		receiver: 	a PharoCommandLineHandler


[ [ self handleArgument: self firstArgument ]
		on: Exit
		do: [ :exit |
			"If the command line is protected by password, we just exit the image because in non-headless mode the handleExit will let the image open. If the password protection is enabled, it is to avoid to let the access to the image."
			self class commandLinePasswordManager hasPasswordSet
				ifTrue: [ Smalltalk snapshot: false andQuit: true ].
			self handleExit: exit ] ] in PharoCommandLineHandler(BasicCommandLineHandler)>>activate
	Receiver: a PharoCommandLineHandler
	Arguments and temporary variables: 
x
	Receiver's instance variables: 
		commandLine: 	a CommandLineArguments
		session: 	a WorkingSession
		stdout: 	a VTermOutputDriver
		stderr: 	a VTermOutputDriver


[self value.
			"IMPORTANT: Do not step over next line of code. See method comments for details"
			Processor terminateRealActive] in FullBlockClosure(BlockClosure)>>newProcess
	Receiver: [ [ self handleArgument: self firstArgument ]
		on: Exit
		do: [ :exit |
			"If the co[..]
	Arguments and temporary variables: 
x
	Receiver's instance variables: 
		outerContext: 	PharoCommandLineHandler(BasicCommandLineHandler)>>activate
		compiledBlock: 	a CompiledBlock: [ [ self handleArgument: self firstArgument[..]
		numArgs: 	0
		receiver: 	a PharoCommandLineHandler



--- The full stack ---
Rider class(Object)>>doesNotUnderstand: #methodsFor:
UndefinedObject>>DoIt
OCReceiverDoItSemanticScope(OCDoItSemanticScope)>>evaluateDoIt:
OpalCompiler>>evaluate
DoItChunk>>importFor:logSource:
[ :declaration |
		value := declaration importFor: nil logSource: logSource  ] in CodeImporter>>evaluate
OrderedCollection>>do:
CodeImporter>>evaluate
[ codeImporter evaluate ] in STCommandLineHandler>>installSourceFile:
FullBlockClosure(BlockClosure)>>on:do:
STCommandLineHandler>>handleErrorsDuring:reference:
STCommandLineHandler>>installSourceFile:
[ :reference |
		self installSourceFile: reference ] in [ sourceFiles do: [ :reference |
		self installSourceFile: reference ]
	] in STCommandLineHandler>>installSourceFiles
OrderedCollection>>do:
[ sourceFiles do: [ :reference |
		self installSourceFile: reference ]
	] in STCommandLineHandler>>installSourceFiles
FullBlockClosure(BlockClosure)>>ensure:
STCommandLineHandler>>installSourceFiles
STCommandLineHandler>>activate
STCommandLineHandler class(CommandLineHandler class)>>activateWith:
[ aCommandLinehandler activateWith: commandLine ] in PharoCommandLineHandler(BasicCommandLineHandler)>>activateSubCommand:
FullBlockClosure(BlockClosure)>>on:do:
PharoCommandLineHandler(BasicCommandLineHandler)>>activateSubCommand:
PharoCommandLineHandler(BasicCommandLineHandler)>>handleSubcommand
PharoCommandLineHandler(BasicCommandLineHandler)>>handleArgument:
[ self handleArgument: self firstArgument ] in [ [ self handleArgument: self firstArgument ]
		on: Exit
		do: [ :exit |
			"If the command line is protected by password, we just exit the image because in non-headless mode the handleExit will let the image open. If the password protection is enabled, it is to avoid to let the access to the image."
			self class commandLinePasswordManager hasPasswordSet
				ifTrue: [ Smalltalk snapshot: false andQuit: true ].
			self handleExit: exit ] ] in PharoCommandLineHandler(BasicCommandLineHandler)>>activate
FullBlockClosure(BlockClosure)>>on:do:
[ [ self handleArgument: self firstArgument ]
		on: Exit
		do: [ :exit |
			"If the command line is protected by password, we just exit the image because in non-headless mode the handleExit will let the image open. If the password protection is enabled, it is to avoid to let the access to the image."
			self class commandLinePasswordManager hasPasswordSet
				ifTrue: [ Smalltalk snapshot: false andQuit: true ].
			self handleExit: exit ] ] in PharoCommandLineHandler(BasicCommandLineHandler)>>activate
[self value.
			"IMPORTANT: Do not step over next line of code. See method comments for details"
			Processor terminateRealActive] in FullBlockClosure(BlockClosure)>>newProcess
-------------------------------------------------------------------------------

Processes and their stacks: 
Process: a Process in AtomicSharedQueue>>waitForNewItems
  stack:

AtomicSharedQueue>>waitForNewItems
AtomicSharedQueue>>next
TKTWorkerProcess>>privateNextTask
TKTWorkerProcess>>workerLoop
MessageSend>>value
[ aValuable value ] in TKTPharoProcessProvider>>createProcessDoing:named:
[self value.
			"IMPORTANT: Do not step over next line of code. See method comments for details"
			Processor terminateRealActive] in FullBlockClosure(BlockClosure)>>newProcess
------------------------------

Process: a Process in AtomicSharedQueue>>waitForNewItems
  stack:

AtomicSharedQueue>>waitForNewItems
AtomicSharedQueue>>next
TKTWorkerProcess>>privateNextTask
TKTWorkerProcess>>workerLoop
MessageSend>>value
[ aValuable value ] in TKTPharoProcessProvider>>createProcessDoing:named:
[self value.
			"IMPORTANT: Do not step over next line of code. See method comments for details"
			Processor terminateRealActive] in FullBlockClosure(BlockClosure)>>newProcess
------------------------------

Process: a Process in DelayMicrosecondTicker>>waitForUserSignalled:orExpired:
  stack:

DelayMicrosecondTicker>>waitForUserSignalled:orExpired:
[  [runTimerEventLoop] whileTrue:
		[	|nowTick|
			"Warning! Stepping <Over> the following line may lock the Image. Use <Into> or <Proceed>."
		 	ticker waitForUserSignalled: timingSemaphore orExpired: activeDelay.

			"Invoke the api back-ends, which set the transfer-variable to nil"
			suspendSemaphore ifNotNil: [ self suspendAtTimingPriority    ].
			delayToStart     ifNotNil: [ self scheduleAtTimingPriority   ].
			delayToStop      ifNotNil: [ self unscheduleAtTimingPriority ].

			"Signal any expired delays"
			nowTick := ticker nowTick.
			[ 	activeDelay isNotNil and: [nowTick >= activeDelay resumptionTick] ]
					whileTrue: [
						activeDelay timingPrioritySignalExpired.
						activeDelay := suspendedDelays removeFirstOrNil ].
		]
	] in DelaySemaphoreScheduler(DelayBasicScheduler)>>runBackendLoopAtTimingPriority
FullBlockClosure(BlockClosure)>>ensure:
DelaySemaphoreScheduler(DelayBasicScheduler)>>runBackendLoopAtTimingPriority
[ self runBackendLoopAtTimingPriority ] in DelaySemaphoreScheduler(DelayBasicScheduler)>>startTimerEventLoopPriority:
[self value.
			"IMPORTANT: Do not step over next line of code. See method comments for details"
			Processor terminateRealActive] in FullBlockClosure(BlockClosure)>>newProcess
------------------------------

Process: a Process in MorphicRenderLoop>>doOneCycleWhile:
  stack:

MorphicRenderLoop>>doOneCycleWhile:
[ MorphicRenderLoop new doOneCycleWhile: [ true ] ] in MorphicUIManager>>spawnNewProcess
[self value.
			"IMPORTANT: Do not step over next line of code. See method comments for details"
			Processor terminateRealActive] in FullBlockClosure(BlockClosure)>>newProcess
------------------------------

Process: a Process in Process>>endProcess
  stack:

Process>>endProcess
------------------------------

Process: a Process in Process>>endProcess
  stack:

Process>>endProcess
------------------------------

Process: a Process in Process>>endProcess
  stack:

Process>>endProcess
------------------------------

Process: a Process in Process>>endProcess
  stack:

Process>>endProcess
------------------------------

Process: a Process in Process>>endProcess
  stack:

Process>>endProcess
------------------------------

Process: a Process in SmalltalkImage>>lowSpaceWatcher
  stack:

SmalltalkImage>>lowSpaceWatcher
[ self lowSpaceWatcher ] in SmalltalkImage>>installLowSpaceWatcher
[self value.
			"IMPORTANT: Do not step over next line of code. See method comments for details"
			Processor terminateRealActive] in FullBlockClosure(BlockClosure)>>newProcess
------------------------------

Process: a Process in [self value.
			"IMPORTANT: Do not step over next line of code. See method comments for details"
			Processor terminateRealActive] in FullBlockClosure(BlockClosure)>>newProcess
  stack:

[self value.
			"IMPORTANT: Do not step over next line of code. See method comments for details"
			Processor terminateRealActive] in FullBlockClosure(BlockClosure)>>newProcess
------------------------------

Process: a Process in FinalizationProcess class>>finalizationProcess
  stack:

FinalizationProcess class>>finalizationProcess
[self finalizationProcess] in FinalizationProcess class>>restartFinalizationProcess
[self value.
			"IMPORTANT: Do not step over next line of code. See method comments for details"
			Processor terminateRealActive] in FullBlockClosure(BlockClosure)>>newProcess
------------------------------

Process: a Process in nil
  stack:

Array(SequenceableCollection)>>do:
[:logger |
		logger nextPutAll: 'Processes and their stacks: ';cr.

		Process allInstances do: [:each | | ctx |
			logger nextPutAll: 'Process: '; print: each; cr; nextPutAll: '  stack:'; cr; cr.

			ctx := each isActive ifTrue: [ thisContext sender ] ifFalse: [ each suspendedContext ].
			ctx ifNotNil: [
				(ctx stackOfSize: 20) do: [:s | logger print: s; cr ]].
			logger nextPutAll: '------------------------------'; cr; cr.
		]] in [ Smalltalk
		logError: aString
		inContext: aContext.

	" Print stacks of all current processes "

	Smalltalk logDuring: [:logger |
		logger nextPutAll: 'Processes and their stacks: ';cr.

		Process allInstances do: [:each | | ctx |
			logger nextPutAll: 'Process: '; print: each; cr; nextPutAll: '  stack:'; cr; cr.

			ctx := each isActive ifTrue: [ thisContext sender ] ifFalse: [ each suspendedContext ].
			ctx ifNotNil: [
				(ctx stackOfSize: 20) do: [:s | logger print: s; cr ]].
			logger nextPutAll: '------------------------------'; cr; cr.
		]].
	] in NonInteractiveUIManager(CommandLineUIManager)>>quitFrom:withMessage:
[
		logStream := self openLog.
		aMonadicBlock value: logStream.
	] in SmalltalkImage>>logDuring:
FullBlockClosure(BlockClosure)>>ensure:
SmalltalkImage>>logDuring:
[ Smalltalk
		logError: aString
		inContext: aContext.

	" Print stacks of all current processes "

	Smalltalk logDuring: [:logger |
		logger nextPutAll: 'Processes and their stacks: ';cr.

		Process allInstances do: [:each | | ctx |
			logger nextPutAll: 'Process: '; print: each; cr; nextPutAll: '  stack:'; cr; cr.

			ctx := each isActive ifTrue: [ thisContext sender ] ifFalse: [ each suspendedContext ].
			ctx ifNotNil: [
				(ctx stackOfSize: 20) do: [:s | logger print: s; cr ]].
			logger nextPutAll: '------------------------------'; cr; cr.
		]].
	] in NonInteractiveUIManager(CommandLineUIManager)>>quitFrom:withMessage:
FullBlockClosure(BlockClosure)>>ensure:
NonInteractiveUIManager(CommandLineUIManager)>>quitFrom:withMessage:
NonInteractiveUIManager(CommandLineUIManager)>>handleError:log:
NonInteractiveUIManager(UIManager)>>handleError:
Process>>handleError:
MessageNotUnderstood(Exception)>>unhandledErrorAction
UnhandledError>>defaultAction
UndefinedObject>>handleSignal:
Context>>handleSignal:
Context>>handleSignal:
Context>>handleSignal:
UnhandledError(Exception)>>signal
UnhandledError class>>signalForException:
MessageNotUnderstood(Exception)>>raiseUnhandledError
------------------------------

Process: a Process in [delaySemaphore wait] in Delay>>wait
  stack:

[delaySemaphore wait] in Delay>>wait
FullBlockClosure(BlockClosure)>>ifCurtailed:
Delay>>wait
Duration>>wait
[
		"Loop until enough time passed since last #schedule"
		[ DateAndTime now < (lastSchedule + duration) ]
			whileTrue: [ duration wait ].

		"Execute deferred action (if not flushed before) and clean up"
		self flush.
	] in OmDeferrer>>runMessageProcess
[self value.
			"IMPORTANT: Do not step over next line of code. See method comments for details"
			Processor terminateRealActive] in FullBlockClosure(BlockClosure)>>newProcess
------------------------------

Process: a Process in Process>>endProcess
  stack:

Process>>endProcess
------------------------------

Process: a Process in Process>>endProcess
  stack:

Process>>endProcess
------------------------------

Process: a Process in Process>>endProcess
  stack:

Process>>endProcess
------------------------------

Process: a Process in [
		[ true ] whileTrue: [
			semaphore wait.
			[self executeCallback: self nextPendingCallback]
				on: Exception fork:  [:ex | ex pass ] ] ] in TFCallbackQueue>>forkCallbackProcess
  stack:

[
		[ true ] whileTrue: [
			semaphore wait.
			[self executeCallback: self nextPendingCallback]
				on: Exception fork:  [:ex | ex pass ] ] ] in TFCallbackQueue>>forkCallbackProcess
[self value.
			"IMPORTANT: Do not step over next line of code. See method comments for details"
			Processor terminateRealActive] in FullBlockClosure(BlockClosure)>>newProcess
------------------------------

Process: a Process in Process>>endProcess
  stack:

Process>>endProcess
------------------------------


===============================================================================
Notice: Errors in script loaded from main.st
===============================================================================
THERE_BE_DRAGONS_HERE
OCCodeError:OCUndeclaredVariableNotice UndefinedObject>>#DoIt 46:Undeclared variable->StandardRide
3 October 2026 6:10:27.153022 am

VM: Mac OS - arm64 - 1000 - CoInterpreter VMMaker-tonel.1 uuid: 80e43a52-2018-0e00-bce4-820906d86bc4 Sep 18 2026
StackToRegisterMappingCogit VMMaker-tonel.1 uuid: 80e43a52-2018-0e00-bce4-820906d86bc4 Sep 18 2026
v10.3.11+0.a585304b1 - Commit: a585304b1 - Date: 2026-09-16 09:19:54 +0200

Image: Pharo13.1.0SNAPSHOT [Build information: Pharo-13.1.0+SNAPSHOT.build.749.sha.d7c6f761d5445e8b04a0aa5137e0d546ad9bcd89 (64 Bit)]

OCUndeclaredVariableNotice(OCNotice)>>signalError
	Receiver: OCUndeclaredVariableNotice(46:Undeclared variable)
	Arguments and temporary variables: 
x
	Receiver's instance variables: 
		messageText: 	'Undeclared variable'
		node: 	OCVariableNode(StandardRide)


OpalCompiler>>checkNotice:
	Receiver: an OpalCompiler
	Arguments and temporary variables: 
		aNotice: 	OCUndeclaredVariableNotice(46:Undeclared variable)
	Receiver's instance variables: 
		ast: 	DoIt

	| ride1 ride2 rides driver rider |
	ride1 := StandardRide new
	[..]
		source: 	'| ride1 ride2 rides driver rider |

ride1 := StandardRide new
    [..]
		compilationContext: 	an OCCompilationContext
		compilationContextClass: 	nil
		permitFaulty: 	false
		permitUndeclared: 	false
		failBlock: 	nil
		logged: 	true
		changeStamp: 	nil
		protocol: 	nil
		requestor: 	nil
		priorMethod: 	nil


[ :n |
			| check |
			check := self checkNotice: n.
			check ifNil: [ ^ ast ].
			check ifFalse: [
				ast := nil.
				^ self failBlock ifNotNil: [ :block | block cull: n ] ifNil: [ nil ].
				] ] in OpalCompiler>>parse
	Receiver: an OpalCompiler
	Arguments and temporary variables: 
		parser: 	an OCParser
		n: 	OCUndeclaredVariableNotice(46:Undeclared variable)
		check: 	nil
	Receiver's instance variables: 
		ast: 	DoIt

	| ride1 ride2 rides driver rider |
	ride1 := StandardRide new
	[..]
		source: 	'| ride1 ride2 rides driver rider |

ride1 := StandardRide new
    [..]
		compilationContext: 	an OCCompilationContext
		compilationContextClass: 	nil
		permitFaulty: 	false
		permitUndeclared: 	false
		failBlock: 	nil
		logged: 	true
		changeStamp: 	nil
		protocol: 	nil
		requestor: 	nil
		priorMethod: 	nil


OrderedCollection>>do:
	Receiver: an OrderedCollection(OCUndeclaredVariableNotice(46:Undeclared variable) OCUndeclaredVa[..]
	Arguments and temporary variables: 
		aBlock: 	[ :n |
			| check |
			check := self checkNotice: n.
			check ifNil[..]
		index: 	1
	Receiver's instance variables: 
		array: 	an Array(OCUndeclaredVariableNotice(46:Undeclared variable) OCUndecl[..]
		firstIndex: 	1
		lastIndex: 	4


OpalCompiler>>parse
	Receiver: an OpalCompiler
	Arguments and temporary variables: 
		parser: 	an OCParser
	Receiver's instance variables: 
		ast: 	DoIt

	| ride1 ride2 rides driver rider |
	ride1 := StandardRide new
	[..]
		source: 	'| ride1 ride2 rides driver rider |

ride1 := StandardRide new
    [..]
		compilationContext: 	an OCCompilationContext
		compilationContextClass: 	nil
		permitFaulty: 	false
		permitUndeclared: 	false
		failBlock: 	nil
		logged: 	true
		changeStamp: 	nil
		protocol: 	nil
		requestor: 	nil
		priorMethod: 	nil


OpalCompiler>>compile
	Receiver: an OpalCompiler
	Arguments and temporary variables: 
		result: 	nil
	Receiver's instance variables: 
		ast: 	DoIt

	| ride1 ride2 rides driver rider |
	ride1 := StandardRide new
	[..]
		source: 	'| ride1 ride2 rides driver rider |

ride1 := StandardRide new
    [..]
		compilationContext: 	an OCCompilationContext
		compilationContextClass: 	nil
		permitFaulty: 	false
		permitUndeclared: 	false
		failBlock: 	nil
		logged: 	true
		changeStamp: 	nil
		protocol: 	nil
		requestor: 	nil
		priorMethod: 	nil


OpalCompiler>>evaluate
	Receiver: an OpalCompiler
	Arguments and temporary variables: 
		value: 	nil
		doItMethod: 	nil
	Receiver's instance variables: 
		ast: 	DoIt

	| ride1 ride2 rides driver rider |
	ride1 := StandardRide new
	[..]
		source: 	'| ride1 ride2 rides driver rider |

ride1 := StandardRide new
    [..]
		compilationContext: 	an OCCompilationContext
		compilationContextClass: 	nil
		permitFaulty: 	false
		permitUndeclared: 	false
		failBlock: 	nil
		logged: 	true
		changeStamp: 	nil
		protocol: 	nil
		requestor: 	nil
		priorMethod: 	nil


DoItChunk>>importFor:logSource:
	Receiver: a DoItChunk(| ride1 ride2 rides driver rider |

ride1 := StandardRide new
    initiali[..]
	Arguments and temporary variables: 
		requestor: 	nil
		logSource: 	true
		ast: 	OCSequenceNode(| ride1 ride2 rides driver rider |
ride1 := StandardRid[..]
	Receiver's instance variables: 
		contents: 	'| ride1 ride2 rides driver rider |

ride1 := StandardRide new
  [..]


[ :declaration |
		value := declaration importFor: nil logSource: logSource  ] in CodeImporter>>evaluate
	Receiver: a CodeImporter
	Arguments and temporary variables: 
		value: 	nil
		declaration: 	a DoItChunk(| ride1 ride2 rides driver rider |

ride1 := Stand[..]
	Receiver's instance variables: 
		readStream: 	a ZnCharacterReadStream
		codeDeclarations: 	an OrderedCollection(a DoItChunk(| ride1 ride2 rides driv[..]
		parserClass: 	ChunkFileFormatParser
		logSource: 	true


OrderedCollection>>do:
	Receiver: an OrderedCollection(a DoItChunk(| ride1 ride2 rides driver rider |

ride1 := Standard[..]
	Arguments and temporary variables: 
		aBlock: 	[ :declaration |
		value := declaration importFor: nil logSource: l[..]
		index: 	1
	Receiver's instance variables: 
		array: 	an Array(a DoItChunk(| ride1 ride2 rides driver rider |

ride1 := St[..]
		firstIndex: 	1
		lastIndex: 	1


CodeImporter>>evaluate
	Receiver: a CodeImporter
	Arguments and temporary variables: 
		value: 	nil
	Receiver's instance variables: 
		readStream: 	a ZnCharacterReadStream
		codeDeclarations: 	an OrderedCollection(a DoItChunk(| ride1 ride2 rides driv[..]
		parserClass: 	ChunkFileFormatParser
		logSource: 	true


[ codeImporter evaluate ] in STCommandLineHandler>>installSourceFile:
	Receiver: a STCommandLineHandler
	Arguments and temporary variables: 
		aReference: 	a File
		codeImporter: 	a CodeImporter
	Receiver's instance variables: 
		commandLine: 	a CommandLineArguments
		session: 	a WorkingSession
		stdout: 	a VTermOutputDriver
		stderr: 	a VTermOutputDriver
		sourceFiles: 	an OrderedCollection(a File)


FullBlockClosure(BlockClosure)>>on:do:
	Receiver: [ codeImporter evaluate ]
	Arguments and temporary variables: 
		exception: 	Error
		handlerAction: 	[ :e | self handleError: e reference: aReference ]
	Receiver's instance variables: 
		outerContext: 	STCommandLineHandler>>installSourceFile:
		compiledBlock: 	a CompiledBlock: [ codeImporter evaluate ]
		numArgs: 	0
		receiver: 	a STCommandLineHandler


STCommandLineHandler>>handleErrorsDuring:reference:
	Receiver: a STCommandLineHandler
	Arguments and temporary variables: 
		aBlock: 	[ codeImporter evaluate ]
		aReference: 	a File
	Receiver's instance variables: 
		commandLine: 	a CommandLineArguments
		session: 	a WorkingSession
		stdout: 	a VTermOutputDriver
		stderr: 	a VTermOutputDriver
		sourceFiles: 	an OrderedCollection(a File)


STCommandLineHandler>>installSourceFile:
	Receiver: a STCommandLineHandler
	Arguments and temporary variables: 
		codeImporter: 	a CodeImporter
		aReference: 	a File
	Receiver's instance variables: 
		commandLine: 	a CommandLineArguments
		session: 	a WorkingSession
		stdout: 	a VTermOutputDriver
		stderr: 	a VTermOutputDriver
		sourceFiles: 	an OrderedCollection(a File)


[ :reference |
		self installSourceFile: reference ] in [ sourceFiles do: [ :reference |
		self installSourceFile: reference ]
	] in STCommandLineHandler>>installSourceFiles
	Receiver: a STCommandLineHandler
	Arguments and temporary variables: 
		reference: 	a File
	Receiver's instance variables: 
		commandLine: 	a CommandLineArguments
		session: 	a WorkingSession
		stdout: 	a VTermOutputDriver
		stderr: 	a VTermOutputDriver
		sourceFiles: 	an OrderedCollection(a File)


OrderedCollection>>do:
	Receiver: an OrderedCollection(a File)
	Arguments and temporary variables: 
		aBlock: 	[ :reference |
		self installSourceFile: reference ]
		index: 	1
	Receiver's instance variables: 
		array: 	an Array(a File)
		firstIndex: 	1
		lastIndex: 	1


[ sourceFiles do: [ :reference |
		self installSourceFile: reference ]
	] in STCommandLineHandler>>installSourceFiles
	Receiver: a STCommandLineHandler
	Arguments and temporary variables: 
x
	Receiver's instance variables: 
		commandLine: 	a CommandLineArguments
		session: 	a WorkingSession
		stdout: 	a VTermOutputDriver
		stderr: 	a VTermOutputDriver
		sourceFiles: 	an OrderedCollection(a File)


FullBlockClosure(BlockClosure)>>ensure:
	Receiver: [ sourceFiles do: [ :reference |
		self installSourceFile: reference ]
	]
	Arguments and temporary variables: 
		aBlock: 	[ sourceFiles := nil ]
		handler: 	[ sourceFiles := nil ]
		complete: 	nil
		returnValue: 	nil
	Receiver's instance variables: 
		outerContext: 	STCommandLineHandler>>installSourceFiles
		compiledBlock: 	a CompiledBlock: [ sourceFiles do: [ :reference |
		self ins[..]
		numArgs: 	0
		receiver: 	a STCommandLineHandler


STCommandLineHandler>>installSourceFiles
	Receiver: a STCommandLineHandler
	Arguments and temporary variables: 
x
	Receiver's instance variables: 
		commandLine: 	a CommandLineArguments
		session: 	a WorkingSession
		stdout: 	a VTermOutputDriver
		stderr: 	a VTermOutputDriver
		sourceFiles: 	an OrderedCollection(a File)


STCommandLineHandler>>activate
	Receiver: a STCommandLineHandler
	Arguments and temporary variables: 
x
	Receiver's instance variables: 
		commandLine: 	a CommandLineArguments
		session: 	a WorkingSession
		stdout: 	a VTermOutputDriver
		stderr: 	a VTermOutputDriver
		sourceFiles: 	an OrderedCollection(a File)


STCommandLineHandler class(CommandLineHandler class)>>activateWith:
	Receiver: STCommandLineHandler
	Arguments and temporary variables: 
		aCommandLine: 	a CommandLineArguments
	Receiver's instance variables: 
		superclass: 	CommandLineHandler
		methodDict: 	a MethodDictionary(#activate->STCommandLineHandler>>#activate #[..]
		format: 	65541
		layout: 	a FixedLayout
		protocols: 	an Array(Protocol (private) - 3 selector(s) Protocol (installing[..]
		subclasses: 	{EvaluateCommandLineHandler}
		name: 	#STCommandLineHandler
		classPool: 	nil
		sharedPools: 	an OrderedCollection()
		environment: 	a SystemEnvironment(lots of globals)
		commentSourcePointer: 	60986524
		packageTag: 	a PackageTag(Base)


[ aCommandLinehandler activateWith: commandLine ] in PharoCommandLineHandler(BasicCommandLineHandler)>>activateSubCommand:
	Receiver: a PharoCommandLineHandler
	Arguments and temporary variables: 
		aCommandLinehandler: 	STCommandLineHandler
	Receiver's instance variables: 
		commandLine: 	a CommandLineArguments
		session: 	a WorkingSession
		stdout: 	a VTermOutputDriver
		stderr: 	a VTermOutputDriver


FullBlockClosure(BlockClosure)>>on:do:
	Receiver: [ aCommandLinehandler activateWith: commandLine ]
	Arguments and temporary variables: 
		exception: 	Exit
		handlerAction: 	[ :exit |
		^ self handleExit: exit for: aCommandLinehandler ]
	Receiver's instance variables: 
		outerContext: 	PharoCommandLineHandler(BasicCommandLineHandler)>>activateSub[..]
		compiledBlock: 	a CompiledBlock: [ aCommandLinehandler activateWith: command[..]
		numArgs: 	0
		receiver: 	a PharoCommandLineHandler


PharoCommandLineHandler(BasicCommandLineHandler)>>activateSubCommand:
	Receiver: a PharoCommandLineHandler
	Arguments and temporary variables: 
		aCommandLinehandler: 	STCommandLineHandler
	Receiver's instance variables: 
		commandLine: 	a CommandLineArguments
		session: 	a WorkingSession
		stdout: 	a VTermOutputDriver
		stderr: 	a VTermOutputDriver


PharoCommandLineHandler(BasicCommandLineHandler)>>handleSubcommand
	Receiver: a PharoCommandLineHandler
	Arguments and temporary variables: 
		handlers: 	an OrderedCollection(STCommandLineHandler)
	Receiver's instance variables: 
		commandLine: 	a CommandLineArguments
		session: 	a WorkingSession
		stdout: 	a VTermOutputDriver
		stderr: 	a VTermOutputDriver


PharoCommandLineHandler(BasicCommandLineHandler)>>handleArgument:
	Receiver: a PharoCommandLineHandler
	Arguments and temporary variables: 
		aString: 	'st'
	Receiver's instance variables: 
		commandLine: 	a CommandLineArguments
		session: 	a WorkingSession
		stdout: 	a VTermOutputDriver
		stderr: 	a VTermOutputDriver


[ self handleArgument: self firstArgument ] in [ [ self handleArgument: self firstArgument ]
		on: Exit
		do: [ :exit |
			"If the command line is protected by password, we just exit the image because in non-headless mode the handleExit will let the image open. If the password protection is enabled, it is to avoid to let the access to the image."
			self class commandLinePasswordManager hasPasswordSet
				ifTrue: [ Smalltalk snapshot: false andQuit: true ].
			self handleExit: exit ] ] in PharoCommandLineHandler(BasicCommandLineHandler)>>activate
	Receiver: a PharoCommandLineHandler
	Arguments and temporary variables: 
x
	Receiver's instance variables: 
		commandLine: 	a CommandLineArguments
		session: 	a WorkingSession
		stdout: 	a VTermOutputDriver
		stderr: 	a VTermOutputDriver


FullBlockClosure(BlockClosure)>>on:do:
	Receiver: [ self handleArgument: self firstArgument ]
	Arguments and temporary variables: 
		exception: 	Exit
		handlerAction: 	[ :exit |
			"If the command line is protected by password, [..]
	Receiver's instance variables: 
		outerContext: 	[ [ self handleArgument: self firstArgument ]
		on: Exit
		do[..]
		compiledBlock: 	a CompiledBlock: [ self handleArgument: self firstArgument ]
		numArgs: 	0
		receiver: 	a PharoCommandLineHandler


[ [ self handleArgument: self firstArgument ]
		on: Exit
		do: [ :exit |
			"If the command line is protected by password, we just exit the image because in non-headless mode the handleExit will let the image open. If the password protection is enabled, it is to avoid to let the access to the image."
			self class commandLinePasswordManager hasPasswordSet
				ifTrue: [ Smalltalk snapshot: false andQuit: true ].
			self handleExit: exit ] ] in PharoCommandLineHandler(BasicCommandLineHandler)>>activate
	Receiver: a PharoCommandLineHandler
	Arguments and temporary variables: 
x
	Receiver's instance variables: 
		commandLine: 	a CommandLineArguments
		session: 	a WorkingSession
		stdout: 	a VTermOutputDriver
		stderr: 	a VTermOutputDriver


[self value.
			"IMPORTANT: Do not step over next line of code. See method comments for details"
			Processor terminateRealActive] in FullBlockClosure(BlockClosure)>>newProcess
	Receiver: [ [ self handleArgument: self firstArgument ]
		on: Exit
		do: [ :exit |
			"If the co[..]
	Arguments and temporary variables: 
x
	Receiver's instance variables: 
		outerContext: 	PharoCommandLineHandler(BasicCommandLineHandler)>>activate
		compiledBlock: 	a CompiledBlock: [ [ self handleArgument: self firstArgument[..]
		numArgs: 	0
		receiver: 	a PharoCommandLineHandler



--- The full stack ---
OCUndeclaredVariableNotice(OCNotice)>>signalError
OpalCompiler>>checkNotice:
[ :n |
			| check |
			check := self checkNotice: n.
			check ifNil: [ ^ ast ].
			check ifFalse: [
				ast := nil.
				^ self failBlock ifNotNil: [ :block | block cull: n ] ifNil: [ nil ].
				] ] in OpalCompiler>>parse
OrderedCollection>>do:
OpalCompiler>>parse
OpalCompiler>>compile
OpalCompiler>>evaluate
DoItChunk>>importFor:logSource:
[ :declaration |
		value := declaration importFor: nil logSource: logSource  ] in CodeImporter>>evaluate
OrderedCollection>>do:
CodeImporter>>evaluate
[ codeImporter evaluate ] in STCommandLineHandler>>installSourceFile:
FullBlockClosure(BlockClosure)>>on:do:
STCommandLineHandler>>handleErrorsDuring:reference:
STCommandLineHandler>>installSourceFile:
[ :reference |
		self installSourceFile: reference ] in [ sourceFiles do: [ :reference |
		self installSourceFile: reference ]
	] in STCommandLineHandler>>installSourceFiles
OrderedCollection>>do:
[ sourceFiles do: [ :reference |
		self installSourceFile: reference ]
	] in STCommandLineHandler>>installSourceFiles
FullBlockClosure(BlockClosure)>>ensure:
STCommandLineHandler>>installSourceFiles
STCommandLineHandler>>activate
STCommandLineHandler class(CommandLineHandler class)>>activateWith:
[ aCommandLinehandler activateWith: commandLine ] in PharoCommandLineHandler(BasicCommandLineHandler)>>activateSubCommand:
FullBlockClosure(BlockClosure)>>on:do:
PharoCommandLineHandler(BasicCommandLineHandler)>>activateSubCommand:
PharoCommandLineHandler(BasicCommandLineHandler)>>handleSubcommand
PharoCommandLineHandler(BasicCommandLineHandler)>>handleArgument:
[ self handleArgument: self firstArgument ] in [ [ self handleArgument: self firstArgument ]
		on: Exit
		do: [ :exit |
			"If the command line is protected by password, we just exit the image because in non-headless mode the handleExit will let the image open. If the password protection is enabled, it is to avoid to let the access to the image."
			self class commandLinePasswordManager hasPasswordSet
				ifTrue: [ Smalltalk snapshot: false andQuit: true ].
			self handleExit: exit ] ] in PharoCommandLineHandler(BasicCommandLineHandler)>>activate
FullBlockClosure(BlockClosure)>>on:do:
[ [ self handleArgument: self firstArgument ]
		on: Exit
		do: [ :exit |
			"If the command line is protected by password, we just exit the image because in non-headless mode the handleExit will let the image open. If the password protection is enabled, it is to avoid to let the access to the image."
			self class commandLinePasswordManager hasPasswordSet
				ifTrue: [ Smalltalk snapshot: false andQuit: true ].
			self handleExit: exit ] ] in PharoCommandLineHandler(BasicCommandLineHandler)>>activate
[self value.
			"IMPORTANT: Do not step over next line of code. See method comments for details"
			Processor terminateRealActive] in FullBlockClosure(BlockClosure)>>newProcess
-------------------------------------------------------------------------------

Processes and their stacks: 
Process: a Process in AtomicSharedQueue>>waitForNewItems
  stack:

AtomicSharedQueue>>waitForNewItems
AtomicSharedQueue>>next
TKTWorkerProcess>>privateNextTask
TKTWorkerProcess>>workerLoop
MessageSend>>value
[ aValuable value ] in TKTPharoProcessProvider>>createProcessDoing:named:
[self value.
			"IMPORTANT: Do not step over next line of code. See method comments for details"
			Processor terminateRealActive] in FullBlockClosure(BlockClosure)>>newProcess
------------------------------

Process: a Process in AtomicSharedQueue>>waitForNewItems
  stack:

AtomicSharedQueue>>waitForNewItems
AtomicSharedQueue>>next
TKTWorkerProcess>>privateNextTask
TKTWorkerProcess>>workerLoop
MessageSend>>value
[ aValuable value ] in TKTPharoProcessProvider>>createProcessDoing:named:
[self value.
			"IMPORTANT: Do not step over next line of code. See method comments for details"
			Processor terminateRealActive] in FullBlockClosure(BlockClosure)>>newProcess
------------------------------

Process: a Process in DelayMicrosecondTicker>>waitForUserSignalled:orExpired:
  stack:

DelayMicrosecondTicker>>waitForUserSignalled:orExpired:
[  [runTimerEventLoop] whileTrue:
		[	|nowTick|
			"Warning! Stepping <Over> the following line may lock the Image. Use <Into> or <Proceed>."
		 	ticker waitForUserSignalled: timingSemaphore orExpired: activeDelay.

			"Invoke the api back-ends, which set the transfer-variable to nil"
			suspendSemaphore ifNotNil: [ self suspendAtTimingPriority    ].
			delayToStart     ifNotNil: [ self scheduleAtTimingPriority   ].
			delayToStop      ifNotNil: [ self unscheduleAtTimingPriority ].

			"Signal any expired delays"
			nowTick := ticker nowTick.
			[ 	activeDelay isNotNil and: [nowTick >= activeDelay resumptionTick] ]
					whileTrue: [
						activeDelay timingPrioritySignalExpired.
						activeDelay := suspendedDelays removeFirstOrNil ].
		]
	] in DelaySemaphoreScheduler(DelayBasicScheduler)>>runBackendLoopAtTimingPriority
FullBlockClosure(BlockClosure)>>ensure:
DelaySemaphoreScheduler(DelayBasicScheduler)>>runBackendLoopAtTimingPriority
[ self runBackendLoopAtTimingPriority ] in DelaySemaphoreScheduler(DelayBasicScheduler)>>startTimerEventLoopPriority:
[self value.
			"IMPORTANT: Do not step over next line of code. See method comments for details"
			Processor terminateRealActive] in FullBlockClosure(BlockClosure)>>newProcess
------------------------------

Process: a Process in MorphicRenderLoop>>doOneCycleWhile:
  stack:

MorphicRenderLoop>>doOneCycleWhile:
[ MorphicRenderLoop new doOneCycleWhile: [ true ] ] in MorphicUIManager>>spawnNewProcess
[self value.
			"IMPORTANT: Do not step over next line of code. See method comments for details"
			Processor terminateRealActive] in FullBlockClosure(BlockClosure)>>newProcess
------------------------------

Process: a Process in Process>>endProcess
  stack:

Process>>endProcess
------------------------------

Process: a Process in Process>>endProcess
  stack:

Process>>endProcess
------------------------------

Process: a Process in Process>>endProcess
  stack:

Process>>endProcess
------------------------------

Process: a Process in Process>>endProcess
  stack:

Process>>endProcess
------------------------------

Process: a Process in Process>>endProcess
  stack:

Process>>endProcess
------------------------------

Process: a Process in SmalltalkImage>>lowSpaceWatcher
  stack:

SmalltalkImage>>lowSpaceWatcher
[ self lowSpaceWatcher ] in SmalltalkImage>>installLowSpaceWatcher
[self value.
			"IMPORTANT: Do not step over next line of code. See method comments for details"
			Processor terminateRealActive] in FullBlockClosure(BlockClosure)>>newProcess
------------------------------

Process: a Process in [self value.
			"IMPORTANT: Do not step over next line of code. See method comments for details"
			Processor terminateRealActive] in FullBlockClosure(BlockClosure)>>newProcess
  stack:

[self value.
			"IMPORTANT: Do not step over next line of code. See method comments for details"
			Processor terminateRealActive] in FullBlockClosure(BlockClosure)>>newProcess
------------------------------

Process: a Process in FinalizationProcess class>>finalizationProcess
  stack:

FinalizationProcess class>>finalizationProcess
[self finalizationProcess] in FinalizationProcess class>>restartFinalizationProcess
[self value.
			"IMPORTANT: Do not step over next line of code. See method comments for details"
			Processor terminateRealActive] in FullBlockClosure(BlockClosure)>>newProcess
------------------------------

Process: a Process in nil
  stack:

Array(SequenceableCollection)>>do:
[:logger |
		logger nextPutAll: 'Processes and their stacks: ';cr.

		Process allInstances do: [:each | | ctx |
			logger nextPutAll: 'Process: '; print: each; cr; nextPutAll: '  stack:'; cr; cr.

			ctx := each isActive ifTrue: [ thisContext sender ] ifFalse: [ each suspendedContext ].
			ctx ifNotNil: [
				(ctx stackOfSize: 20) do: [:s | logger print: s; cr ]].
			logger nextPutAll: '------------------------------'; cr; cr.
		]] in [ Smalltalk
		logError: aString
		inContext: aContext.

	" Print stacks of all current processes "

	Smalltalk logDuring: [:logger |
		logger nextPutAll: 'Processes and their stacks: ';cr.

		Process allInstances do: [:each | | ctx |
			logger nextPutAll: 'Process: '; print: each; cr; nextPutAll: '  stack:'; cr; cr.

			ctx := each isActive ifTrue: [ thisContext sender ] ifFalse: [ each suspendedContext ].
			ctx ifNotNil: [
				(ctx stackOfSize: 20) do: [:s | logger print: s; cr ]].
			logger nextPutAll: '------------------------------'; cr; cr.
		]].
	] in NonInteractiveUIManager(CommandLineUIManager)>>quitFrom:withMessage:
[
		logStream := self openLog.
		aMonadicBlock value: logStream.
	] in SmalltalkImage>>logDuring:
FullBlockClosure(BlockClosure)>>ensure:
SmalltalkImage>>logDuring:
[ Smalltalk
		logError: aString
		inContext: aContext.

	" Print stacks of all current processes "

	Smalltalk logDuring: [:logger |
		logger nextPutAll: 'Processes and their stacks: ';cr.

		Process allInstances do: [:each | | ctx |
			logger nextPutAll: 'Process: '; print: each; cr; nextPutAll: '  stack:'; cr; cr.

			ctx := each isActive ifTrue: [ thisContext sender ] ifFalse: [ each suspendedContext ].
			ctx ifNotNil: [
				(ctx stackOfSize: 20) do: [:s | logger print: s; cr ]].
			logger nextPutAll: '------------------------------'; cr; cr.
		]].
	] in NonInteractiveUIManager(CommandLineUIManager)>>quitFrom:withMessage:
FullBlockClosure(BlockClosure)>>ensure:
NonInteractiveUIManager(CommandLineUIManager)>>quitFrom:withMessage:
NonInteractiveUIManager(CommandLineUIManager)>>handleError:log:
NonInteractiveUIManager(UIManager)>>handleError:
Process>>handleError:
OCCodeError(Exception)>>unhandledErrorAction
UnhandledError>>defaultAction
UndefinedObject>>handleSignal:
Context>>handleSignal:
Context>>handleSignal:
Context>>handleSignal:
UnhandledError(Exception)>>signal
UnhandledError class>>signalForException:
OCCodeError(Exception)>>raiseUnhandledError
------------------------------

Process: a Process in Process>>endProcess
  stack:

Process>>endProcess
------------------------------

Process: a Process in Process>>endProcess
  stack:

Process>>endProcess
------------------------------

Process: a Process in Process>>endProcess
  stack:

Process>>endProcess
------------------------------

Process: a Process in [
		[ true ] whileTrue: [
			semaphore wait.
			[self executeCallback: self nextPendingCallback]
				on: Exception fork:  [:ex | ex pass ] ] ] in TFCallbackQueue>>forkCallbackProcess
  stack:

[
		[ true ] whileTrue: [
			semaphore wait.
			[self executeCallback: self nextPendingCallback]
				on: Exception fork:  [:ex | ex pass ] ] ] in TFCallbackQueue>>forkCallbackProcess
[self value.
			"IMPORTANT: Do not step over next line of code. See method comments for details"
			Processor terminateRealActive] in FullBlockClosure(BlockClosure)>>newProcess
------------------------------

Process: a Process in Process>>endProcess
  stack:

Process>>endProcess
------------------------------


===============================================================================
Notice: Errors in script loaded from Ride.st
===============================================================================
THERE_BE_DRAGONS_HERE
Instance of Ride class did not understand #methodsFor:
3 October 2026 6:10:38.171579 am

VM: Mac OS - arm64 - 1000 - CoInterpreter VMMaker-tonel.1 uuid: 80e43a52-2018-0e00-bce4-820906d86bc4 Sep 18 2026
StackToRegisterMappingCogit VMMaker-tonel.1 uuid: 80e43a52-2018-0e00-bce4-820906d86bc4 Sep 18 2026
v10.3.11+0.a585304b1 - Commit: a585304b1 - Date: 2026-09-16 09:19:54 +0200

Image: Pharo13.1.0SNAPSHOT [Build information: Pharo-13.1.0+SNAPSHOT.build.749.sha.d7c6f761d5445e8b04a0aa5137e0d546ad9bcd89 (64 Bit)]

Ride class(Object)>>doesNotUnderstand: #methodsFor:
	Receiver: Ride
	Arguments and temporary variables: 
		aMessage: 	methodsFor: 'accessing'
		exception: 	Instance of Ride class did not understand #methodsFor:
		resumeValue: 	nil
	Receiver's instance variables: 
		superclass: 	Object
		methodDict: 	a MethodDictionary(#initializeWithID:pickup:dropoff:distance:->[..]
		format: 	65540
		layout: 	a FixedLayout
		protocols: 	an Array(Protocol (initialization) - 1 selector(s))
		subclasses: 	nil
		name: 	#Ride
		classPool: 	nil
		sharedPools: 	an OrderedCollection()
		environment: 	a SystemEnvironment(lots of globals)
		commentSourcePointer: 	nil
		packageTag: 	a PackageTag(Uncategorized)


UndefinedObject>>DoIt
	Receiver: nil
	Arguments and temporary variables: 
x
	Receiver's instance variables: 
nil

OCReceiverDoItSemanticScope(OCDoItSemanticScope)>>evaluateDoIt:
	Receiver: an OCReceiverDoItSemanticScope
	Arguments and temporary variables: 
		doItMethod: 	UndefinedObject>>#DoIt
	Receiver's instance variables: 
		outerScope: 	nil
		targetReceiver: 	nil


OpalCompiler>>evaluate
	Receiver: an OpalCompiler
	Arguments and temporary variables: 
		value: 	nil
		doItMethod: 	UndefinedObject>>#DoIt
	Receiver's instance variables: 
		ast: 	DoIt

	Ride methodsFor: 'accessing'
		source: 	'Ride methodsFor: ''accessing'''
		compilationContext: 	an OCCompilationContext
		compilationContextClass: 	nil
		permitFaulty: 	false
		permitUndeclared: 	false
		failBlock: 	nil
		logged: 	true
		changeStamp: 	nil
		protocol: 	nil
		requestor: 	nil
		priorMethod: 	nil


DoItChunk>>importFor:logSource:
	Receiver: a DoItChunk(Ride methodsFor: 'accessing')
	Arguments and temporary variables: 
		requestor: 	nil
		logSource: 	true
		ast: 	OCMessageNode(Ride methodsFor: 'accessing')
	Receiver's instance variables: 
		contents: 	'Ride methodsFor: ''accessing'''


[ :declaration |
		value := declaration importFor: nil logSource: logSource  ] in CodeImporter>>evaluate
	Receiver: a CodeImporter
	Arguments and temporary variables: 
		value: 	#initializeWithID:pickup:dropoff:distance:
		declaration: 	a DoItChunk(Ride methodsFor: 'accessing')
	Receiver's instance variables: 
		readStream: 	a ZnCharacterReadStream
		codeDeclarations: 	an OrderedCollection(a DoItChunk(Object subclass: #Ride
 [..]
		parserClass: 	ChunkFileFormatParser
		logSource: 	true


OrderedCollection>>do:
	Receiver: an OrderedCollection(a DoItChunk(Object subclass: #Ride
    instanceVariableNames: 'ri[..]
	Arguments and temporary variables: 
		aBlock: 	[ :declaration |
		value := declaration importFor: nil logSource: l[..]
		index: 	3
	Receiver's instance variables: 
		array: 	an Array(a DoItChunk(Object subclass: #Ride
    instanceVariableName[..]
		firstIndex: 	1
		lastIndex: 	9


CodeImporter>>evaluate
	Receiver: a CodeImporter
	Arguments and temporary variables: 
		value: 	#initializeWithID:pickup:dropoff:distance:
	Receiver's instance variables: 
		readStream: 	a ZnCharacterReadStream
		codeDeclarations: 	an OrderedCollection(a DoItChunk(Object subclass: #Ride
 [..]
		parserClass: 	ChunkFileFormatParser
		logSource: 	true


[ codeImporter evaluate ] in STCommandLineHandler>>installSourceFile:
	Receiver: a STCommandLineHandler
	Arguments and temporary variables: 
		aReference: 	a File
		codeImporter: 	a CodeImporter
	Receiver's instance variables: 
		commandLine: 	a CommandLineArguments
		session: 	a WorkingSession
		stdout: 	a VTermOutputDriver
		stderr: 	a VTermOutputDriver
		sourceFiles: 	an OrderedCollection(a File)


FullBlockClosure(BlockClosure)>>on:do:
	Receiver: [ codeImporter evaluate ]
	Arguments and temporary variables: 
		exception: 	Error
		handlerAction: 	[ :e | self handleError: e reference: aReference ]
	Receiver's instance variables: 
		outerContext: 	STCommandLineHandler>>installSourceFile:
		compiledBlock: 	a CompiledBlock: [ codeImporter evaluate ]
		numArgs: 	0
		receiver: 	a STCommandLineHandler


STCommandLineHandler>>handleErrorsDuring:reference:
	Receiver: a STCommandLineHandler
	Arguments and temporary variables: 
		aBlock: 	[ codeImporter evaluate ]
		aReference: 	a File
	Receiver's instance variables: 
		commandLine: 	a CommandLineArguments
		session: 	a WorkingSession
		stdout: 	a VTermOutputDriver
		stderr: 	a VTermOutputDriver
		sourceFiles: 	an OrderedCollection(a File)


STCommandLineHandler>>installSourceFile:
	Receiver: a STCommandLineHandler
	Arguments and temporary variables: 
		codeImporter: 	a CodeImporter
		aReference: 	a File
	Receiver's instance variables: 
		commandLine: 	a CommandLineArguments
		session: 	a WorkingSession
		stdout: 	a VTermOutputDriver
		stderr: 	a VTermOutputDriver
		sourceFiles: 	an OrderedCollection(a File)


[ :reference |
		self installSourceFile: reference ] in [ sourceFiles do: [ :reference |
		self installSourceFile: reference ]
	] in STCommandLineHandler>>installSourceFiles
	Receiver: a STCommandLineHandler
	Arguments and temporary variables: 
		reference: 	a File
	Receiver's instance variables: 
		commandLine: 	a CommandLineArguments
		session: 	a WorkingSession
		stdout: 	a VTermOutputDriver
		stderr: 	a VTermOutputDriver
		sourceFiles: 	an OrderedCollection(a File)


OrderedCollection>>do:
	Receiver: an OrderedCollection(a File)
	Arguments and temporary variables: 
		aBlock: 	[ :reference |
		self installSourceFile: reference ]
		index: 	1
	Receiver's instance variables: 
		array: 	an Array(a File)
		firstIndex: 	1
		lastIndex: 	1


[ sourceFiles do: [ :reference |
		self installSourceFile: reference ]
	] in STCommandLineHandler>>installSourceFiles
	Receiver: a STCommandLineHandler
	Arguments and temporary variables: 
x
	Receiver's instance variables: 
		commandLine: 	a CommandLineArguments
		session: 	a WorkingSession
		stdout: 	a VTermOutputDriver
		stderr: 	a VTermOutputDriver
		sourceFiles: 	an OrderedCollection(a File)


FullBlockClosure(BlockClosure)>>ensure:
	Receiver: [ sourceFiles do: [ :reference |
		self installSourceFile: reference ]
	]
	Arguments and temporary variables: 
		aBlock: 	[ sourceFiles := nil ]
		handler: 	[ sourceFiles := nil ]
		complete: 	nil
		returnValue: 	nil
	Receiver's instance variables: 
		outerContext: 	STCommandLineHandler>>installSourceFiles
		compiledBlock: 	a CompiledBlock: [ sourceFiles do: [ :reference |
		self ins[..]
		numArgs: 	0
		receiver: 	a STCommandLineHandler


STCommandLineHandler>>installSourceFiles
	Receiver: a STCommandLineHandler
	Arguments and temporary variables: 
x
	Receiver's instance variables: 
		commandLine: 	a CommandLineArguments
		session: 	a WorkingSession
		stdout: 	a VTermOutputDriver
		stderr: 	a VTermOutputDriver
		sourceFiles: 	an OrderedCollection(a File)


STCommandLineHandler>>activate
	Receiver: a STCommandLineHandler
	Arguments and temporary variables: 
x
	Receiver's instance variables: 
		commandLine: 	a CommandLineArguments
		session: 	a WorkingSession
		stdout: 	a VTermOutputDriver
		stderr: 	a VTermOutputDriver
		sourceFiles: 	an OrderedCollection(a File)


STCommandLineHandler class(CommandLineHandler class)>>activateWith:
	Receiver: STCommandLineHandler
	Arguments and temporary variables: 
		aCommandLine: 	a CommandLineArguments
	Receiver's instance variables: 
		superclass: 	CommandLineHandler
		methodDict: 	a MethodDictionary(#activate->STCommandLineHandler>>#activate #[..]
		format: 	65541
		layout: 	a FixedLayout
		protocols: 	an Array(Protocol (private) - 3 selector(s) Protocol (installing[..]
		subclasses: 	{EvaluateCommandLineHandler}
		name: 	#STCommandLineHandler
		classPool: 	nil
		sharedPools: 	an OrderedCollection()
		environment: 	a SystemEnvironment(lots of globals)
		commentSourcePointer: 	60986524
		packageTag: 	a PackageTag(Base)


[ aCommandLinehandler activateWith: commandLine ] in PharoCommandLineHandler(BasicCommandLineHandler)>>activateSubCommand:
	Receiver: a PharoCommandLineHandler
	Arguments and temporary variables: 
		aCommandLinehandler: 	STCommandLineHandler
	Receiver's instance variables: 
		commandLine: 	a CommandLineArguments
		session: 	a WorkingSession
		stdout: 	a VTermOutputDriver
		stderr: 	a VTermOutputDriver


FullBlockClosure(BlockClosure)>>on:do:
	Receiver: [ aCommandLinehandler activateWith: commandLine ]
	Arguments and temporary variables: 
		exception: 	Exit
		handlerAction: 	[ :exit |
		^ self handleExit: exit for: aCommandLinehandler ]
	Receiver's instance variables: 
		outerContext: 	PharoCommandLineHandler(BasicCommandLineHandler)>>activateSub[..]
		compiledBlock: 	a CompiledBlock: [ aCommandLinehandler activateWith: command[..]
		numArgs: 	0
		receiver: 	a PharoCommandLineHandler


PharoCommandLineHandler(BasicCommandLineHandler)>>activateSubCommand:
	Receiver: a PharoCommandLineHandler
	Arguments and temporary variables: 
		aCommandLinehandler: 	STCommandLineHandler
	Receiver's instance variables: 
		commandLine: 	a CommandLineArguments
		session: 	a WorkingSession
		stdout: 	a VTermOutputDriver
		stderr: 	a VTermOutputDriver


PharoCommandLineHandler(BasicCommandLineHandler)>>handleSubcommand
	Receiver: a PharoCommandLineHandler
	Arguments and temporary variables: 
		handlers: 	an OrderedCollection(STCommandLineHandler)
	Receiver's instance variables: 
		commandLine: 	a CommandLineArguments
		session: 	a WorkingSession
		stdout: 	a VTermOutputDriver
		stderr: 	a VTermOutputDriver


PharoCommandLineHandler(BasicCommandLineHandler)>>handleArgument:
	Receiver: a PharoCommandLineHandler
	Arguments and temporary variables: 
		aString: 	'st'
	Receiver's instance variables: 
		commandLine: 	a CommandLineArguments
		session: 	a WorkingSession
		stdout: 	a VTermOutputDriver
		stderr: 	a VTermOutputDriver


[ self handleArgument: self firstArgument ] in [ [ self handleArgument: self firstArgument ]
		on: Exit
		do: [ :exit |
			"If the command line is protected by password, we just exit the image because in non-headless mode the handleExit will let the image open. If the password protection is enabled, it is to avoid to let the access to the image."
			self class commandLinePasswordManager hasPasswordSet
				ifTrue: [ Smalltalk snapshot: false andQuit: true ].
			self handleExit: exit ] ] in PharoCommandLineHandler(BasicCommandLineHandler)>>activate
	Receiver: a PharoCommandLineHandler
	Arguments and temporary variables: 
x
	Receiver's instance variables: 
		commandLine: 	a CommandLineArguments
		session: 	a WorkingSession
		stdout: 	a VTermOutputDriver
		stderr: 	a VTermOutputDriver


FullBlockClosure(BlockClosure)>>on:do:
	Receiver: [ self handleArgument: self firstArgument ]
	Arguments and temporary variables: 
		exception: 	Exit
		handlerAction: 	[ :exit |
			"If the command line is protected by password, [..]
	Receiver's instance variables: 
		outerContext: 	[ [ self handleArgument: self firstArgument ]
		on: Exit
		do[..]
		compiledBlock: 	a CompiledBlock: [ self handleArgument: self firstArgument ]
		numArgs: 	0
		receiver: 	a PharoCommandLineHandler


[ [ self handleArgument: self firstArgument ]
		on: Exit
		do: [ :exit |
			"If the command line is protected by password, we just exit the image because in non-headless mode the handleExit will let the image open. If the password protection is enabled, it is to avoid to let the access to the image."
			self class commandLinePasswordManager hasPasswordSet
				ifTrue: [ Smalltalk snapshot: false andQuit: true ].
			self handleExit: exit ] ] in PharoCommandLineHandler(BasicCommandLineHandler)>>activate
	Receiver: a PharoCommandLineHandler
	Arguments and temporary variables: 
x
	Receiver's instance variables: 
		commandLine: 	a CommandLineArguments
		session: 	a WorkingSession
		stdout: 	a VTermOutputDriver
		stderr: 	a VTermOutputDriver


[self value.
			"IMPORTANT: Do not step over next line of code. See method comments for details"
			Processor terminateRealActive] in FullBlockClosure(BlockClosure)>>newProcess
	Receiver: [ [ self handleArgument: self firstArgument ]
		on: Exit
		do: [ :exit |
			"If the co[..]
	Arguments and temporary variables: 
x
	Receiver's instance variables: 
		outerContext: 	PharoCommandLineHandler(BasicCommandLineHandler)>>activate
		compiledBlock: 	a CompiledBlock: [ [ self handleArgument: self firstArgument[..]
		numArgs: 	0
		receiver: 	a PharoCommandLineHandler



--- The full stack ---
Ride class(Object)>>doesNotUnderstand: #methodsFor:
UndefinedObject>>DoIt
OCReceiverDoItSemanticScope(OCDoItSemanticScope)>>evaluateDoIt:
OpalCompiler>>evaluate
DoItChunk>>importFor:logSource:
[ :declaration |
		value := declaration importFor: nil logSource: logSource  ] in CodeImporter>>evaluate
OrderedCollection>>do:
CodeImporter>>evaluate
[ codeImporter evaluate ] in STCommandLineHandler>>installSourceFile:
FullBlockClosure(BlockClosure)>>on:do:
STCommandLineHandler>>handleErrorsDuring:reference:
STCommandLineHandler>>installSourceFile:
[ :reference |
		self installSourceFile: reference ] in [ sourceFiles do: [ :reference |
		self installSourceFile: reference ]
	] in STCommandLineHandler>>installSourceFiles
OrderedCollection>>do:
[ sourceFiles do: [ :reference |
		self installSourceFile: reference ]
	] in STCommandLineHandler>>installSourceFiles
FullBlockClosure(BlockClosure)>>ensure:
STCommandLineHandler>>installSourceFiles
STCommandLineHandler>>activate
STCommandLineHandler class(CommandLineHandler class)>>activateWith:
[ aCommandLinehandler activateWith: commandLine ] in PharoCommandLineHandler(BasicCommandLineHandler)>>activateSubCommand:
FullBlockClosure(BlockClosure)>>on:do:
PharoCommandLineHandler(BasicCommandLineHandler)>>activateSubCommand:
PharoCommandLineHandler(BasicCommandLineHandler)>>handleSubcommand
PharoCommandLineHandler(BasicCommandLineHandler)>>handleArgument:
[ self handleArgument: self firstArgument ] in [ [ self handleArgument: self firstArgument ]
		on: Exit
		do: [ :exit |
			"If the command line is protected by password, we just exit the image because in non-headless mode the handleExit will let the image open. If the password protection is enabled, it is to avoid to let the access to the image."
			self class commandLinePasswordManager hasPasswordSet
				ifTrue: [ Smalltalk snapshot: false andQuit: true ].
			self handleExit: exit ] ] in PharoCommandLineHandler(BasicCommandLineHandler)>>activate
FullBlockClosure(BlockClosure)>>on:do:
[ [ self handleArgument: self firstArgument ]
		on: Exit
		do: [ :exit |
			"If the command line is protected by password, we just exit the image because in non-headless mode the handleExit will let the image open. If the password protection is enabled, it is to avoid to let the access to the image."
			self class commandLinePasswordManager hasPasswordSet
				ifTrue: [ Smalltalk snapshot: false andQuit: true ].
			self handleExit: exit ] ] in PharoCommandLineHandler(BasicCommandLineHandler)>>activate
[self value.
			"IMPORTANT: Do not step over next line of code. See method comments for details"
			Processor terminateRealActive] in FullBlockClosure(BlockClosure)>>newProcess
-------------------------------------------------------------------------------

Processes and their stacks: 
Process: a Process in AtomicSharedQueue>>waitForNewItems
  stack:

AtomicSharedQueue>>waitForNewItems
AtomicSharedQueue>>next
TKTWorkerProcess>>privateNextTask
TKTWorkerProcess>>workerLoop
MessageSend>>value
[ aValuable value ] in TKTPharoProcessProvider>>createProcessDoing:named:
[self value.
			"IMPORTANT: Do not step over next line of code. See method comments for details"
			Processor terminateRealActive] in FullBlockClosure(BlockClosure)>>newProcess
------------------------------

Process: a Process in AtomicSharedQueue>>waitForNewItems
  stack:

AtomicSharedQueue>>waitForNewItems
AtomicSharedQueue>>next
TKTWorkerProcess>>privateNextTask
TKTWorkerProcess>>workerLoop
MessageSend>>value
[ aValuable value ] in TKTPharoProcessProvider>>createProcessDoing:named:
[self value.
			"IMPORTANT: Do not step over next line of code. See method comments for details"
			Processor terminateRealActive] in FullBlockClosure(BlockClosure)>>newProcess
------------------------------

Process: a Process in DelayMicrosecondTicker>>waitForUserSignalled:orExpired:
  stack:

DelayMicrosecondTicker>>waitForUserSignalled:orExpired:
[  [runTimerEventLoop] whileTrue:
		[	|nowTick|
			"Warning! Stepping <Over> the following line may lock the Image. Use <Into> or <Proceed>."
		 	ticker waitForUserSignalled: timingSemaphore orExpired: activeDelay.

			"Invoke the api back-ends, which set the transfer-variable to nil"
			suspendSemaphore ifNotNil: [ self suspendAtTimingPriority    ].
			delayToStart     ifNotNil: [ self scheduleAtTimingPriority   ].
			delayToStop      ifNotNil: [ self unscheduleAtTimingPriority ].

			"Signal any expired delays"
			nowTick := ticker nowTick.
			[ 	activeDelay isNotNil and: [nowTick >= activeDelay resumptionTick] ]
					whileTrue: [
						activeDelay timingPrioritySignalExpired.
						activeDelay := suspendedDelays removeFirstOrNil ].
		]
	] in DelaySemaphoreScheduler(DelayBasicScheduler)>>runBackendLoopAtTimingPriority
FullBlockClosure(BlockClosure)>>ensure:
DelaySemaphoreScheduler(DelayBasicScheduler)>>runBackendLoopAtTimingPriority
[ self runBackendLoopAtTimingPriority ] in DelaySemaphoreScheduler(DelayBasicScheduler)>>startTimerEventLoopPriority:
[self value.
			"IMPORTANT: Do not step over next line of code. See method comments for details"
			Processor terminateRealActive] in FullBlockClosure(BlockClosure)>>newProcess
------------------------------

Process: a Process in MorphicRenderLoop>>doOneCycleWhile:
  stack:

MorphicRenderLoop>>doOneCycleWhile:
[ MorphicRenderLoop new doOneCycleWhile: [ true ] ] in MorphicUIManager>>spawnNewProcess
[self value.
			"IMPORTANT: Do not step over next line of code. See method comments for details"
			Processor terminateRealActive] in FullBlockClosure(BlockClosure)>>newProcess
------------------------------

Process: a Process in Process>>endProcess
  stack:

Process>>endProcess
------------------------------

Process: a Process in Process>>endProcess
  stack:

Process>>endProcess
------------------------------

Process: a Process in Process>>endProcess
  stack:

Process>>endProcess
------------------------------

Process: a Process in Process>>endProcess
  stack:

Process>>endProcess
------------------------------

Process: a Process in Process>>endProcess
  stack:

Process>>endProcess
------------------------------

Process: a Process in SmalltalkImage>>lowSpaceWatcher
  stack:

SmalltalkImage>>lowSpaceWatcher
[ self lowSpaceWatcher ] in SmalltalkImage>>installLowSpaceWatcher
[self value.
			"IMPORTANT: Do not step over next line of code. See method comments for details"
			Processor terminateRealActive] in FullBlockClosure(BlockClosure)>>newProcess
------------------------------

Process: a Process in [self value.
			"IMPORTANT: Do not step over next line of code. See method comments for details"
			Processor terminateRealActive] in FullBlockClosure(BlockClosure)>>newProcess
  stack:

[self value.
			"IMPORTANT: Do not step over next line of code. See method comments for details"
			Processor terminateRealActive] in FullBlockClosure(BlockClosure)>>newProcess
------------------------------

Process: a Process in FinalizationProcess class>>finalizationProcess
  stack:

FinalizationProcess class>>finalizationProcess
[self finalizationProcess] in FinalizationProcess class>>restartFinalizationProcess
[self value.
			"IMPORTANT: Do not step over next line of code. See method comments for details"
			Processor terminateRealActive] in FullBlockClosure(BlockClosure)>>newProcess
------------------------------

Process: a Process in nil
  stack:

Array(SequenceableCollection)>>do:
[:logger |
		logger nextPutAll: 'Processes and their stacks: ';cr.

		Process allInstances do: [:each | | ctx |
			logger nextPutAll: 'Process: '; print: each; cr; nextPutAll: '  stack:'; cr; cr.

			ctx := each isActive ifTrue: [ thisContext sender ] ifFalse: [ each suspendedContext ].
			ctx ifNotNil: [
				(ctx stackOfSize: 20) do: [:s | logger print: s; cr ]].
			logger nextPutAll: '------------------------------'; cr; cr.
		]] in [ Smalltalk
		logError: aString
		inContext: aContext.

	" Print stacks of all current processes "

	Smalltalk logDuring: [:logger |
		logger nextPutAll: 'Processes and their stacks: ';cr.

		Process allInstances do: [:each | | ctx |
			logger nextPutAll: 'Process: '; print: each; cr; nextPutAll: '  stack:'; cr; cr.

			ctx := each isActive ifTrue: [ thisContext sender ] ifFalse: [ each suspendedContext ].
			ctx ifNotNil: [
				(ctx stackOfSize: 20) do: [:s | logger print: s; cr ]].
			logger nextPutAll: '------------------------------'; cr; cr.
		]].
	] in NonInteractiveUIManager(CommandLineUIManager)>>quitFrom:withMessage:
[
		logStream := self openLog.
		aMonadicBlock value: logStream.
	] in SmalltalkImage>>logDuring:
FullBlockClosure(BlockClosure)>>ensure:
SmalltalkImage>>logDuring:
[ Smalltalk
		logError: aString
		inContext: aContext.

	" Print stacks of all current processes "

	Smalltalk logDuring: [:logger |
		logger nextPutAll: 'Processes and their stacks: ';cr.

		Process allInstances do: [:each | | ctx |
			logger nextPutAll: 'Process: '; print: each; cr; nextPutAll: '  stack:'; cr; cr.

			ctx := each isActive ifTrue: [ thisContext sender ] ifFalse: [ each suspendedContext ].
			ctx ifNotNil: [
				(ctx stackOfSize: 20) do: [:s | logger print: s; cr ]].
			logger nextPutAll: '------------------------------'; cr; cr.
		]].
	] in NonInteractiveUIManager(CommandLineUIManager)>>quitFrom:withMessage:
FullBlockClosure(BlockClosure)>>ensure:
NonInteractiveUIManager(CommandLineUIManager)>>quitFrom:withMessage:
NonInteractiveUIManager(CommandLineUIManager)>>handleError:log:
NonInteractiveUIManager(UIManager)>>handleError:
Process>>handleError:
MessageNotUnderstood(Exception)>>unhandledErrorAction
UnhandledError>>defaultAction
UndefinedObject>>handleSignal:
Context>>handleSignal:
Context>>handleSignal:
Context>>handleSignal:
UnhandledError(Exception)>>signal
UnhandledError class>>signalForException:
MessageNotUnderstood(Exception)>>raiseUnhandledError
------------------------------

Process: a Process in [delaySemaphore wait] in Delay>>wait
  stack:

[delaySemaphore wait] in Delay>>wait
FullBlockClosure(BlockClosure)>>ifCurtailed:
Delay>>wait
Duration>>wait
[
		"Loop until enough time passed since last #schedule"
		[ DateAndTime now < (lastSchedule + duration) ]
			whileTrue: [ duration wait ].

		"Execute deferred action (if not flushed before) and clean up"
		self flush.
	] in OmDeferrer>>runMessageProcess
[self value.
			"IMPORTANT: Do not step over next line of code. See method comments for details"
			Processor terminateRealActive] in FullBlockClosure(BlockClosure)>>newProcess
------------------------------

Process: a Process in Process>>endProcess
  stack:

Process>>endProcess
------------------------------

Process: a Process in Process>>endProcess
  stack:

Process>>endProcess
------------------------------

Process: a Process in Process>>endProcess
  stack:

Process>>endProcess
------------------------------

Process: a Process in [
		[ true ] whileTrue: [
			semaphore wait.
			[self executeCallback: self nextPendingCallback]
				on: Exception fork:  [:ex | ex pass ] ] ] in TFCallbackQueue>>forkCallbackProcess
  stack:

[
		[ true ] whileTrue: [
			semaphore wait.
			[self executeCallback: self nextPendingCallback]
				on: Exception fork:  [:ex | ex pass ] ] ] in TFCallbackQueue>>forkCallbackProcess
[self value.
			"IMPORTANT: Do not step over next line of code. See method comments for details"
			Processor terminateRealActive] in FullBlockClosure(BlockClosure)>>newProcess
------------------------------

Process: a Process in Process>>endProcess
  stack:

Process>>endProcess
------------------------------


===============================================================================
Notice: Errors in script loaded from StandardRide.st
===============================================================================
THERE_BE_DRAGONS_HERE
KeyNotFound: key #Ride not found in SystemEnvironment
3 October 2026 6:10:38.351739 am

VM: Mac OS - arm64 - 1000 - CoInterpreter VMMaker-tonel.1 uuid: 80e43a52-2018-0e00-bce4-820906d86bc4 Sep 18 2026
StackToRegisterMappingCogit VMMaker-tonel.1 uuid: 80e43a52-2018-0e00-bce4-820906d86bc4 Sep 18 2026
v10.3.11+0.a585304b1 - Commit: a585304b1 - Date: 2026-09-16 09:19:54 +0200

Image: Pharo13.1.0SNAPSHOT [Build information: Pharo-13.1.0+SNAPSHOT.build.749.sha.d7c6f761d5445e8b04a0aa5137e0d546ad9bcd89 (64 Bit)]

SystemEnvironment(Dictionary)>>errorKeyNotFound:
	Receiver: a SystemEnvironment(lots of globals)
	Arguments and temporary variables: 
		aKey: 	#Ride
	Receiver's instance variables: 
		tally: 	10841
		array: 	an Array(#SpMockBackend->SpMockBackend #PragmaMenuBuilder->PragmaMen[..]
		cachedClassNames: 	an OrderedCollection(#AColorSelectorMorph #AIAstar #AIAst[..]
		cachedNonClassNames: 	an OrderedCollection(#ASTAbstractBlockVisitor #ASTAbst[..]
		cachedBehaviors: 	an OrderedCollection(AColorSelectorMorph AColorSelectorMor[..]
		pseudoVariables: 	a Dictionary(#self->self #super->super #thisContext->thisC[..]


[self errorKeyNotFound: key] in SystemEnvironment(Dictionary)>>at:
	Receiver: a SystemEnvironment(lots of globals)
	Arguments and temporary variables: 
		key: 	#Ride
	Receiver's instance variables: 
		tally: 	10841
		array: 	an Array(#SpMockBackend->SpMockBackend #PragmaMenuBuilder->PragmaMen[..]
		cachedClassNames: 	an OrderedCollection(#AColorSelectorMorph #AIAstar #AIAst[..]
		cachedNonClassNames: 	an OrderedCollection(#ASTAbstractBlockVisitor #ASTAbst[..]
		cachedBehaviors: 	an OrderedCollection(AColorSelectorMorph AColorSelectorMor[..]
		pseudoVariables: 	a Dictionary(#self->self #super->super #thisContext->thisC[..]


SystemEnvironment(Dictionary)>>at:ifAbsent:
	Receiver: a SystemEnvironment(lots of globals)
	Arguments and temporary variables: 
		key: 	#Ride
		aBlock: 	[self errorKeyNotFound: key]
	Receiver's instance variables: 
		tally: 	10841
		array: 	an Array(#SpMockBackend->SpMockBackend #PragmaMenuBuilder->PragmaMen[..]
		cachedClassNames: 	an OrderedCollection(#AColorSelectorMorph #AIAstar #AIAst[..]
		cachedNonClassNames: 	an OrderedCollection(#ASTAbstractBlockVisitor #ASTAbst[..]
		cachedBehaviors: 	an OrderedCollection(AColorSelectorMorph AColorSelectorMor[..]
		pseudoVariables: 	a Dictionary(#self->self #super->super #thisContext->thisC[..]


SystemEnvironment(Dictionary)>>at:
	Receiver: a SystemEnvironment(lots of globals)
	Arguments and temporary variables: 
		key: 	#Ride
	Receiver's instance variables: 
		tally: 	10841
		array: 	an Array(#SpMockBackend->SpMockBackend #PragmaMenuBuilder->PragmaMen[..]
		cachedClassNames: 	an OrderedCollection(#AColorSelectorMorph #AIAstar #AIAst[..]
		cachedNonClassNames: 	an OrderedCollection(#ASTAbstractBlockVisitor #ASTAbst[..]
		cachedBehaviors: 	an OrderedCollection(AColorSelectorMorph AColorSelectorMor[..]
		pseudoVariables: 	a Dictionary(#self->self #super->super #thisContext->thisC[..]


[ :aBuilder |
		  | superclass converter |
		  superclass := self class environment at: superclassName asSymbol.

		  aBuilder
			  superclass: superclass;
			  environment: superclass environment;
			  name: subclassName;
			  layoutClass: layoutClass.
		  instanceVariableNames ifNotNil: [ aBuilder slotsFromString: instanceVariableNames ].
		  classVariableNames ifNotNil: [ aBuilder sharedVariablesFromString: classVariableNames ].
		
		  converter := CategoryConverter category: packageName environment: superclass environment.
		  aBuilder package: converter packageName.
		  aBuilder tag: converter tagName.

		  poolDictionariesNames ifNotNil: [ aBuilder sharedPoolsFromString: poolDictionariesNames ].
		  isTrait ifTrue: [ aBuilder beTrait ].
		  traitsDefinition ifNotNil: [ aBuilder traitComposition: (self class compiler evaluate: traitsDefinition) ] ] in OldClassDefinitionBuilder>>build
	Receiver: an OldClassDefinitionBuilder
	Arguments and temporary variables: 
		selectorParts: 	an OrderedCollection('subclass' 'instanceVariableNames' 'cla[..]
		superclassName: 	'Ride'
		layoutClass: 	FixedLayout
		subclassName: 	#StandardRide
		instanceVariableNames: 	''
		classVariableNames: 	''
		packageName: 	'RideSharing'
		poolDictionariesNames: 	nil
		traitsDefinition: 	nil
		isTrait: 	false
		aBuilder: 	a ShiftClassBuilder
		superclass: 	nil
		converter: 	nil
	Receiver's instance variables: 
		ast: 	OCMessageNode(Ride
	subclass: #StandardRide
	instanceVariableNames: ''[..]


ShiftClassInstaller>>make:
	Receiver: a ShiftClassInstaller
	Arguments and temporary variables: 
		aBlock: 	[ :aBuilder |
		  | superclass converter |
		  superclass := self c[..]
	Receiver's instance variables: 
		builder: 	a ShiftClassBuilder


ShiftClassInstaller class>>make:
	Receiver: ShiftClassInstaller
	Arguments and temporary variables: 
		aBlock: 	[ :aBuilder |
		  | superclass converter |
		  superclass := self c[..]
	Receiver's instance variables: 
		superclass: 	Object
		methodDict: 	a MethodDictionary(#builder->ShiftClassInstaller>>#builder #com[..]
		format: 	65537
		layout: 	a FixedLayout
		protocols: 	an Array(Protocol (accessing) - 4 selector(s) Protocol (copying)[..]
		subclasses: 	{ShiftAnonymousClassInstaller}
		name: 	#ShiftClassInstaller
		classPool: 	a Dictionary()
		sharedPools: 	an OrderedCollection()
		environment: 	a SystemEnvironment(lots of globals)
		commentSourcePointer: 	62738680
		packageTag: 	a PackageTag(Installer)


OldClassDefinitionBuilder>>build
	Receiver: an OldClassDefinitionBuilder
	Arguments and temporary variables: 
		layoutClass: 	FixedLayout
		subclassName: 	#StandardRide
		instanceVariableNames: 	''
		classVariableNames: 	''
		packageName: 	'RideSharing'
		poolDictionariesNames: 	nil
		traitsDefinition: 	nil
		isTrait: 	false
		selectorParts: 	an OrderedCollection('subclass' 'instanceVariableNames' 'cla[..]
		superclassName: 	'Ride'
	Receiver's instance variables: 
		ast: 	OCMessageNode(Ride
	subclass: #StandardRide
	instanceVariableNames: ''[..]


OldClassDefinitionBuilder class>>buildFromAST:
	Receiver: OldClassDefinitionBuilder
	Arguments and temporary variables: 
		ast: 	OCMessageNode(Ride
	subclass: #StandardRide
	instanceVariableNames: ''[..]
	Receiver's instance variables: 
		superclass: 	Object
		methodDict: 	a MethodDictionary(#ast->OldClassDefinitionBuilder>>#ast #ast:-[..]
		format: 	65537
		layout: 	a FixedLayout
		protocols: 	an Array(Protocol (building) - 1 selector(s) Protocol (accessing[..]
		subclasses: 	nil
		name: 	#OldClassDefinitionBuilder
		classPool: 	nil
		sharedPools: 	an OrderedCollection()
		environment: 	a SystemEnvironment(lots of globals)
		commentSourcePointer: 	42276418
		packageTag: 	a PackageTag(Chunks)


DoItChunk>>importFor:logSource:
	Receiver: a DoItChunk(Ride subclass: #StandardRide
    instanceVariableNames: ''
    classVariab[..]
	Arguments and temporary variables: 
		requestor: 	nil
		logSource: 	true
		ast: 	OCMessageNode(Ride
	subclass: #StandardRide
	instanceVariableNames: ''[..]
	Receiver's instance variables: 
		contents: 	'Ride subclass: #StandardRide
    instanceVariableNames: ''''
   [..]


[ :declaration |
		value := declaration importFor: nil logSource: logSource  ] in CodeImporter>>evaluate
	Receiver: a CodeImporter
	Arguments and temporary variables: 
		value: 	nil
		declaration: 	a DoItChunk(Ride subclass: #StandardRide
    instanceVariableN[..]
	Receiver's instance variables: 
		readStream: 	a ZnCharacterReadStream
		codeDeclarations: 	an OrderedCollection(a DoItChunk(Ride subclass: #Standard[..]
		parserClass: 	ChunkFileFormatParser
		logSource: 	true


OrderedCollection>>do:
	Receiver: an OrderedCollection(a DoItChunk(Ride subclass: #StandardRide
    instanceVariableName[..]
	Arguments and temporary variables: 
		aBlock: 	[ :declaration |
		value := declaration importFor: nil logSource: l[..]
		index: 	1
	Receiver's instance variables: 
		array: 	an Array(a DoItChunk(Ride subclass: #StandardRide
    instanceVariab[..]
		firstIndex: 	1
		lastIndex: 	3


CodeImporter>>evaluate
	Receiver: a CodeImporter
	Arguments and temporary variables: 
		value: 	nil
	Receiver's instance variables: 
		readStream: 	a ZnCharacterReadStream
		codeDeclarations: 	an OrderedCollection(a DoItChunk(Ride subclass: #Standard[..]
		parserClass: 	ChunkFileFormatParser
		logSource: 	true


[ codeImporter evaluate ] in STCommandLineHandler>>installSourceFile:
	Receiver: a STCommandLineHandler
	Arguments and temporary variables: 
		aReference: 	a File
		codeImporter: 	a CodeImporter
	Receiver's instance variables: 
		commandLine: 	a CommandLineArguments
		session: 	a WorkingSession
		stdout: 	a VTermOutputDriver
		stderr: 	a VTermOutputDriver
		sourceFiles: 	an OrderedCollection(a File)


FullBlockClosure(BlockClosure)>>on:do:
	Receiver: [ codeImporter evaluate ]
	Arguments and temporary variables: 
		exception: 	Error
		handlerAction: 	[ :e | self handleError: e reference: aReference ]
	Receiver's instance variables: 
		outerContext: 	STCommandLineHandler>>installSourceFile:
		compiledBlock: 	a CompiledBlock: [ codeImporter evaluate ]
		numArgs: 	0
		receiver: 	a STCommandLineHandler


STCommandLineHandler>>handleErrorsDuring:reference:
	Receiver: a STCommandLineHandler
	Arguments and temporary variables: 
		aBlock: 	[ codeImporter evaluate ]
		aReference: 	a File
	Receiver's instance variables: 
		commandLine: 	a CommandLineArguments
		session: 	a WorkingSession
		stdout: 	a VTermOutputDriver
		stderr: 	a VTermOutputDriver
		sourceFiles: 	an OrderedCollection(a File)


STCommandLineHandler>>installSourceFile:
	Receiver: a STCommandLineHandler
	Arguments and temporary variables: 
		codeImporter: 	a CodeImporter
		aReference: 	a File
	Receiver's instance variables: 
		commandLine: 	a CommandLineArguments
		session: 	a WorkingSession
		stdout: 	a VTermOutputDriver
		stderr: 	a VTermOutputDriver
		sourceFiles: 	an OrderedCollection(a File)


[ :reference |
		self installSourceFile: reference ] in [ sourceFiles do: [ :reference |
		self installSourceFile: reference ]
	] in STCommandLineHandler>>installSourceFiles
	Receiver: a STCommandLineHandler
	Arguments and temporary variables: 
		reference: 	a File
	Receiver's instance variables: 
		commandLine: 	a CommandLineArguments
		session: 	a WorkingSession
		stdout: 	a VTermOutputDriver
		stderr: 	a VTermOutputDriver
		sourceFiles: 	an OrderedCollection(a File)


OrderedCollection>>do:
	Receiver: an OrderedCollection(a File)
	Arguments and temporary variables: 
		aBlock: 	[ :reference |
		self installSourceFile: reference ]
		index: 	1
	Receiver's instance variables: 
		array: 	an Array(a File)
		firstIndex: 	1
		lastIndex: 	1


[ sourceFiles do: [ :reference |
		self installSourceFile: reference ]
	] in STCommandLineHandler>>installSourceFiles
	Receiver: a STCommandLineHandler
	Arguments and temporary variables: 
x
	Receiver's instance variables: 
		commandLine: 	a CommandLineArguments
		session: 	a WorkingSession
		stdout: 	a VTermOutputDriver
		stderr: 	a VTermOutputDriver
		sourceFiles: 	an OrderedCollection(a File)


FullBlockClosure(BlockClosure)>>ensure:
	Receiver: [ sourceFiles do: [ :reference |
		self installSourceFile: reference ]
	]
	Arguments and temporary variables: 
		aBlock: 	[ sourceFiles := nil ]
		handler: 	[ sourceFiles := nil ]
		complete: 	nil
		returnValue: 	nil
	Receiver's instance variables: 
		outerContext: 	STCommandLineHandler>>installSourceFiles
		compiledBlock: 	a CompiledBlock: [ sourceFiles do: [ :reference |
		self ins[..]
		numArgs: 	0
		receiver: 	a STCommandLineHandler


STCommandLineHandler>>installSourceFiles
	Receiver: a STCommandLineHandler
	Arguments and temporary variables: 
x
	Receiver's instance variables: 
		commandLine: 	a CommandLineArguments
		session: 	a WorkingSession
		stdout: 	a VTermOutputDriver
		stderr: 	a VTermOutputDriver
		sourceFiles: 	an OrderedCollection(a File)


STCommandLineHandler>>activate
	Receiver: a STCommandLineHandler
	Arguments and temporary variables: 
x
	Receiver's instance variables: 
		commandLine: 	a CommandLineArguments
		session: 	a WorkingSession
		stdout: 	a VTermOutputDriver
		stderr: 	a VTermOutputDriver
		sourceFiles: 	an OrderedCollection(a File)


STCommandLineHandler class(CommandLineHandler class)>>activateWith:
	Receiver: STCommandLineHandler
	Arguments and temporary variables: 
		aCommandLine: 	a CommandLineArguments
	Receiver's instance variables: 
		superclass: 	CommandLineHandler
		methodDict: 	a MethodDictionary(#activate->STCommandLineHandler>>#activate #[..]
		format: 	65541
		layout: 	a FixedLayout
		protocols: 	an Array(Protocol (private) - 3 selector(s) Protocol (installing[..]
		subclasses: 	{EvaluateCommandLineHandler}
		name: 	#STCommandLineHandler
		classPool: 	nil
		sharedPools: 	an OrderedCollection()
		environment: 	a SystemEnvironment(lots of globals)
		commentSourcePointer: 	60986524
		packageTag: 	a PackageTag(Base)


[ aCommandLinehandler activateWith: commandLine ] in PharoCommandLineHandler(BasicCommandLineHandler)>>activateSubCommand:
	Receiver: a PharoCommandLineHandler
	Arguments and temporary variables: 
		aCommandLinehandler: 	STCommandLineHandler
	Receiver's instance variables: 
		commandLine: 	a CommandLineArguments
		session: 	a WorkingSession
		stdout: 	a VTermOutputDriver
		stderr: 	a VTermOutputDriver


FullBlockClosure(BlockClosure)>>on:do:
	Receiver: [ aCommandLinehandler activateWith: commandLine ]
	Arguments and temporary variables: 
		exception: 	Exit
		handlerAction: 	[ :exit |
		^ self handleExit: exit for: aCommandLinehandler ]
	Receiver's instance variables: 
		outerContext: 	PharoCommandLineHandler(BasicCommandLineHandler)>>activateSub[..]
		compiledBlock: 	a CompiledBlock: [ aCommandLinehandler activateWith: command[..]
		numArgs: 	0
		receiver: 	a PharoCommandLineHandler


PharoCommandLineHandler(BasicCommandLineHandler)>>activateSubCommand:
	Receiver: a PharoCommandLineHandler
	Arguments and temporary variables: 
		aCommandLinehandler: 	STCommandLineHandler
	Receiver's instance variables: 
		commandLine: 	a CommandLineArguments
		session: 	a WorkingSession
		stdout: 	a VTermOutputDriver
		stderr: 	a VTermOutputDriver


PharoCommandLineHandler(BasicCommandLineHandler)>>handleSubcommand
	Receiver: a PharoCommandLineHandler
	Arguments and temporary variables: 
		handlers: 	an OrderedCollection(STCommandLineHandler)
	Receiver's instance variables: 
		commandLine: 	a CommandLineArguments
		session: 	a WorkingSession
		stdout: 	a VTermOutputDriver
		stderr: 	a VTermOutputDriver


PharoCommandLineHandler(BasicCommandLineHandler)>>handleArgument:
	Receiver: a PharoCommandLineHandler
	Arguments and temporary variables: 
		aString: 	'st'
	Receiver's instance variables: 
		commandLine: 	a CommandLineArguments
		session: 	a WorkingSession
		stdout: 	a VTermOutputDriver
		stderr: 	a VTermOutputDriver


[ self handleArgument: self firstArgument ] in [ [ self handleArgument: self firstArgument ]
		on: Exit
		do: [ :exit |
			"If the command line is protected by password, we just exit the image because in non-headless mode the handleExit will let the image open. If the password protection is enabled, it is to avoid to let the access to the image."
			self class commandLinePasswordManager hasPasswordSet
				ifTrue: [ Smalltalk snapshot: false andQuit: true ].
			self handleExit: exit ] ] in PharoCommandLineHandler(BasicCommandLineHandler)>>activate
	Receiver: a PharoCommandLineHandler
	Arguments and temporary variables: 
x
	Receiver's instance variables: 
		commandLine: 	a CommandLineArguments
		session: 	a WorkingSession
		stdout: 	a VTermOutputDriver
		stderr: 	a VTermOutputDriver


FullBlockClosure(BlockClosure)>>on:do:
	Receiver: [ self handleArgument: self firstArgument ]
	Arguments and temporary variables: 
		exception: 	Exit
		handlerAction: 	[ :exit |
			"If the command line is protected by password, [..]
	Receiver's instance variables: 
		outerContext: 	[ [ self handleArgument: self firstArgument ]
		on: Exit
		do[..]
		compiledBlock: 	a CompiledBlock: [ self handleArgument: self firstArgument ]
		numArgs: 	0
		receiver: 	a PharoCommandLineHandler


[ [ self handleArgument: self firstArgument ]
		on: Exit
		do: [ :exit |
			"If the command line is protected by password, we just exit the image because in non-headless mode the handleExit will let the image open. If the password protection is enabled, it is to avoid to let the access to the image."
			self class commandLinePasswordManager hasPasswordSet
				ifTrue: [ Smalltalk snapshot: false andQuit: true ].
			self handleExit: exit ] ] in PharoCommandLineHandler(BasicCommandLineHandler)>>activate
	Receiver: a PharoCommandLineHandler
	Arguments and temporary variables: 
x
	Receiver's instance variables: 
		commandLine: 	a CommandLineArguments
		session: 	a WorkingSession
		stdout: 	a VTermOutputDriver
		stderr: 	a VTermOutputDriver


[self value.
			"IMPORTANT: Do not step over next line of code. See method comments for details"
			Processor terminateRealActive] in FullBlockClosure(BlockClosure)>>newProcess
	Receiver: [ [ self handleArgument: self firstArgument ]
		on: Exit
		do: [ :exit |
			"If the co[..]
	Arguments and temporary variables: 
x
	Receiver's instance variables: 
		outerContext: 	PharoCommandLineHandler(BasicCommandLineHandler)>>activate
		compiledBlock: 	a CompiledBlock: [ [ self handleArgument: self firstArgument[..]
		numArgs: 	0
		receiver: 	a PharoCommandLineHandler



--- The full stack ---
SystemEnvironment(Dictionary)>>errorKeyNotFound:
[self errorKeyNotFound: key] in SystemEnvironment(Dictionary)>>at:
SystemEnvironment(Dictionary)>>at:ifAbsent:
SystemEnvironment(Dictionary)>>at:
[ :aBuilder |
		  | superclass converter |
		  superclass := self class environment at: superclassName asSymbol.

		  aBuilder
			  superclass: superclass;
			  environment: superclass environment;
			  name: subclassName;
			  layoutClass: layoutClass.
		  instanceVariableNames ifNotNil: [ aBuilder slotsFromString: instanceVariableNames ].
		  classVariableNames ifNotNil: [ aBuilder sharedVariablesFromString: classVariableNames ].
		
		  converter := CategoryConverter category: packageName environment: superclass environment.
		  aBuilder package: converter packageName.
		  aBuilder tag: converter tagName.

		  poolDictionariesNames ifNotNil: [ aBuilder sharedPoolsFromString: poolDictionariesNames ].
		  isTrait ifTrue: [ aBuilder beTrait ].
		  traitsDefinition ifNotNil: [ aBuilder traitComposition: (self class compiler evaluate: traitsDefinition) ] ] in OldClassDefinitionBuilder>>build
ShiftClassInstaller>>make:
ShiftClassInstaller class>>make:
OldClassDefinitionBuilder>>build
OldClassDefinitionBuilder class>>buildFromAST:
DoItChunk>>importFor:logSource:
[ :declaration |
		value := declaration importFor: nil logSource: logSource  ] in CodeImporter>>evaluate
OrderedCollection>>do:
CodeImporter>>evaluate
[ codeImporter evaluate ] in STCommandLineHandler>>installSourceFile:
FullBlockClosure(BlockClosure)>>on:do:
STCommandLineHandler>>handleErrorsDuring:reference:
STCommandLineHandler>>installSourceFile:
[ :reference |
		self installSourceFile: reference ] in [ sourceFiles do: [ :reference |
		self installSourceFile: reference ]
	] in STCommandLineHandler>>installSourceFiles
OrderedCollection>>do:
[ sourceFiles do: [ :reference |
		self installSourceFile: reference ]
	] in STCommandLineHandler>>installSourceFiles
FullBlockClosure(BlockClosure)>>ensure:
STCommandLineHandler>>installSourceFiles
STCommandLineHandler>>activate
STCommandLineHandler class(CommandLineHandler class)>>activateWith:
[ aCommandLinehandler activateWith: commandLine ] in PharoCommandLineHandler(BasicCommandLineHandler)>>activateSubCommand:
FullBlockClosure(BlockClosure)>>on:do:
PharoCommandLineHandler(BasicCommandLineHandler)>>activateSubCommand:
PharoCommandLineHandler(BasicCommandLineHandler)>>handleSubcommand
PharoCommandLineHandler(BasicCommandLineHandler)>>handleArgument:
[ self handleArgument: self firstArgument ] in [ [ self handleArgument: self firstArgument ]
		on: Exit
		do: [ :exit |
			"If the command line is protected by password, we just exit the image because in non-headless mode the handleExit will let the image open. If the password protection is enabled, it is to avoid to let the access to the image."
			self class commandLinePasswordManager hasPasswordSet
				ifTrue: [ Smalltalk snapshot: false andQuit: true ].
			self handleExit: exit ] ] in PharoCommandLineHandler(BasicCommandLineHandler)>>activate
FullBlockClosure(BlockClosure)>>on:do:
[ [ self handleArgument: self firstArgument ]
		on: Exit
		do: [ :exit |
			"If the command line is protected by password, we just exit the image because in non-headless mode the handleExit will let the image open. If the password protection is enabled, it is to avoid to let the access to the image."
			self class commandLinePasswordManager hasPasswordSet
				ifTrue: [ Smalltalk snapshot: false andQuit: true ].
			self handleExit: exit ] ] in PharoCommandLineHandler(BasicCommandLineHandler)>>activate
[self value.
			"IMPORTANT: Do not step over next line of code. See method comments for details"
			Processor terminateRealActive] in FullBlockClosure(BlockClosure)>>newProcess
-------------------------------------------------------------------------------

Processes and their stacks: 
Process: a Process in AtomicSharedQueue>>waitForNewItems
  stack:

AtomicSharedQueue>>waitForNewItems
AtomicSharedQueue>>next
TKTWorkerProcess>>privateNextTask
TKTWorkerProcess>>workerLoop
MessageSend>>value
[ aValuable value ] in TKTPharoProcessProvider>>createProcessDoing:named:
[self value.
			"IMPORTANT: Do not step over next line of code. See method comments for details"
			Processor terminateRealActive] in FullBlockClosure(BlockClosure)>>newProcess
------------------------------

Process: a Process in AtomicSharedQueue>>waitForNewItems
  stack:

AtomicSharedQueue>>waitForNewItems
AtomicSharedQueue>>next
TKTWorkerProcess>>privateNextTask
TKTWorkerProcess>>workerLoop
MessageSend>>value
[ aValuable value ] in TKTPharoProcessProvider>>createProcessDoing:named:
[self value.
			"IMPORTANT: Do not step over next line of code. See method comments for details"
			Processor terminateRealActive] in FullBlockClosure(BlockClosure)>>newProcess
------------------------------

Process: a Process in DelayMicrosecondTicker>>waitForUserSignalled:orExpired:
  stack:

DelayMicrosecondTicker>>waitForUserSignalled:orExpired:
[  [runTimerEventLoop] whileTrue:
		[	|nowTick|
			"Warning! Stepping <Over> the following line may lock the Image. Use <Into> or <Proceed>."
		 	ticker waitForUserSignalled: timingSemaphore orExpired: activeDelay.

			"Invoke the api back-ends, which set the transfer-variable to nil"
			suspendSemaphore ifNotNil: [ self suspendAtTimingPriority    ].
			delayToStart     ifNotNil: [ self scheduleAtTimingPriority   ].
			delayToStop      ifNotNil: [ self unscheduleAtTimingPriority ].

			"Signal any expired delays"
			nowTick := ticker nowTick.
			[ 	activeDelay isNotNil and: [nowTick >= activeDelay resumptionTick] ]
					whileTrue: [
						activeDelay timingPrioritySignalExpired.
						activeDelay := suspendedDelays removeFirstOrNil ].
		]
	] in DelaySemaphoreScheduler(DelayBasicScheduler)>>runBackendLoopAtTimingPriority
FullBlockClosure(BlockClosure)>>ensure:
DelaySemaphoreScheduler(DelayBasicScheduler)>>runBackendLoopAtTimingPriority
[ self runBackendLoopAtTimingPriority ] in DelaySemaphoreScheduler(DelayBasicScheduler)>>startTimerEventLoopPriority:
[self value.
			"IMPORTANT: Do not step over next line of code. See method comments for details"
			Processor terminateRealActive] in FullBlockClosure(BlockClosure)>>newProcess
------------------------------

Process: a Process in MorphicRenderLoop>>doOneCycleWhile:
  stack:

MorphicRenderLoop>>doOneCycleWhile:
[ MorphicRenderLoop new doOneCycleWhile: [ true ] ] in MorphicUIManager>>spawnNewProcess
[self value.
			"IMPORTANT: Do not step over next line of code. See method comments for details"
			Processor terminateRealActive] in FullBlockClosure(BlockClosure)>>newProcess
------------------------------

Process: a Process in Process>>endProcess
  stack:

Process>>endProcess
------------------------------

Process: a Process in Process>>endProcess
  stack:

Process>>endProcess
------------------------------

Process: a Process in Process>>endProcess
  stack:

Process>>endProcess
------------------------------

Process: a Process in Process>>endProcess
  stack:

Process>>endProcess
------------------------------

Process: a Process in Process>>endProcess
  stack:

Process>>endProcess
------------------------------

Process: a Process in SmalltalkImage>>lowSpaceWatcher
  stack:

SmalltalkImage>>lowSpaceWatcher
[ self lowSpaceWatcher ] in SmalltalkImage>>installLowSpaceWatcher
[self value.
			"IMPORTANT: Do not step over next line of code. See method comments for details"
			Processor terminateRealActive] in FullBlockClosure(BlockClosure)>>newProcess
------------------------------

Process: a Process in [self value.
			"IMPORTANT: Do not step over next line of code. See method comments for details"
			Processor terminateRealActive] in FullBlockClosure(BlockClosure)>>newProcess
  stack:

[self value.
			"IMPORTANT: Do not step over next line of code. See method comments for details"
			Processor terminateRealActive] in FullBlockClosure(BlockClosure)>>newProcess
------------------------------

Process: a Process in FinalizationProcess class>>finalizationProcess
  stack:

FinalizationProcess class>>finalizationProcess
[self finalizationProcess] in FinalizationProcess class>>restartFinalizationProcess
[self value.
			"IMPORTANT: Do not step over next line of code. See method comments for details"
			Processor terminateRealActive] in FullBlockClosure(BlockClosure)>>newProcess
------------------------------

Process: a Process in nil
  stack:

Array(SequenceableCollection)>>do:
[:logger |
		logger nextPutAll: 'Processes and their stacks: ';cr.

		Process allInstances do: [:each | | ctx |
			logger nextPutAll: 'Process: '; print: each; cr; nextPutAll: '  stack:'; cr; cr.

			ctx := each isActive ifTrue: [ thisContext sender ] ifFalse: [ each suspendedContext ].
			ctx ifNotNil: [
				(ctx stackOfSize: 20) do: [:s | logger print: s; cr ]].
			logger nextPutAll: '------------------------------'; cr; cr.
		]] in [ Smalltalk
		logError: aString
		inContext: aContext.

	" Print stacks of all current processes "

	Smalltalk logDuring: [:logger |
		logger nextPutAll: 'Processes and their stacks: ';cr.

		Process allInstances do: [:each | | ctx |
			logger nextPutAll: 'Process: '; print: each; cr; nextPutAll: '  stack:'; cr; cr.

			ctx := each isActive ifTrue: [ thisContext sender ] ifFalse: [ each suspendedContext ].
			ctx ifNotNil: [
				(ctx stackOfSize: 20) do: [:s | logger print: s; cr ]].
			logger nextPutAll: '------------------------------'; cr; cr.
		]].
	] in NonInteractiveUIManager(CommandLineUIManager)>>quitFrom:withMessage:
[
		logStream := self openLog.
		aMonadicBlock value: logStream.
	] in SmalltalkImage>>logDuring:
FullBlockClosure(BlockClosure)>>ensure:
SmalltalkImage>>logDuring:
[ Smalltalk
		logError: aString
		inContext: aContext.

	" Print stacks of all current processes "

	Smalltalk logDuring: [:logger |
		logger nextPutAll: 'Processes and their stacks: ';cr.

		Process allInstances do: [:each | | ctx |
			logger nextPutAll: 'Process: '; print: each; cr; nextPutAll: '  stack:'; cr; cr.

			ctx := each isActive ifTrue: [ thisContext sender ] ifFalse: [ each suspendedContext ].
			ctx ifNotNil: [
				(ctx stackOfSize: 20) do: [:s | logger print: s; cr ]].
			logger nextPutAll: '------------------------------'; cr; cr.
		]].
	] in NonInteractiveUIManager(CommandLineUIManager)>>quitFrom:withMessage:
FullBlockClosure(BlockClosure)>>ensure:
NonInteractiveUIManager(CommandLineUIManager)>>quitFrom:withMessage:
NonInteractiveUIManager(CommandLineUIManager)>>handleError:log:
NonInteractiveUIManager(UIManager)>>handleError:
Process>>handleError:
KeyNotFound(Exception)>>unhandledErrorAction
UnhandledError>>defaultAction
UndefinedObject>>handleSignal:
Context>>handleSignal:
Context>>handleSignal:
Context>>handleSignal:
UnhandledError(Exception)>>signal
UnhandledError class>>signalForException:
KeyNotFound(Exception)>>raiseUnhandledError
------------------------------

Process: a Process in Process>>endProcess
  stack:

Process>>endProcess
------------------------------

Process: a Process in Process>>endProcess
  stack:

Process>>endProcess
------------------------------

Process: a Process in Process>>endProcess
  stack:

Process>>endProcess
------------------------------

Process: a Process in [
		[ true ] whileTrue: [
			semaphore wait.
			[self executeCallback: self nextPendingCallback]
				on: Exception fork:  [:ex | ex pass ] ] ] in TFCallbackQueue>>forkCallbackProcess
  stack:

[
		[ true ] whileTrue: [
			semaphore wait.
			[self executeCallback: self nextPendingCallback]
				on: Exception fork:  [:ex | ex pass ] ] ] in TFCallbackQueue>>forkCallbackProcess
[self value.
			"IMPORTANT: Do not step over next line of code. See method comments for details"
			Processor terminateRealActive] in FullBlockClosure(BlockClosure)>>newProcess
------------------------------

Process: a Process in Process>>endProcess
  stack:

Process>>endProcess
------------------------------


===============================================================================
Notice: Errors in script loaded from PremiumRide.st
===============================================================================
THERE_BE_DRAGONS_HERE
KeyNotFound: key #Ride not found in SystemEnvironment
3 October 2026 6:10:38.563989 am

VM: Mac OS - arm64 - 1000 - CoInterpreter VMMaker-tonel.1 uuid: 80e43a52-2018-0e00-bce4-820906d86bc4 Sep 18 2026
StackToRegisterMappingCogit VMMaker-tonel.1 uuid: 80e43a52-2018-0e00-bce4-820906d86bc4 Sep 18 2026
v10.3.11+0.a585304b1 - Commit: a585304b1 - Date: 2026-09-16 09:19:54 +0200

Image: Pharo13.1.0SNAPSHOT [Build information: Pharo-13.1.0+SNAPSHOT.build.749.sha.d7c6f761d5445e8b04a0aa5137e0d546ad9bcd89 (64 Bit)]

SystemEnvironment(Dictionary)>>errorKeyNotFound:
	Receiver: a SystemEnvironment(lots of globals)
	Arguments and temporary variables: 
		aKey: 	#Ride
	Receiver's instance variables: 
		tally: 	10841
		array: 	an Array(#SpMockBackend->SpMockBackend #PragmaMenuBuilder->PragmaMen[..]
		cachedClassNames: 	an OrderedCollection(#AColorSelectorMorph #AIAstar #AIAst[..]
		cachedNonClassNames: 	an OrderedCollection(#ASTAbstractBlockVisitor #ASTAbst[..]
		cachedBehaviors: 	an OrderedCollection(AColorSelectorMorph AColorSelectorMor[..]
		pseudoVariables: 	a Dictionary(#self->self #super->super #thisContext->thisC[..]


[self errorKeyNotFound: key] in SystemEnvironment(Dictionary)>>at:
	Receiver: a SystemEnvironment(lots of globals)
	Arguments and temporary variables: 
		key: 	#Ride
	Receiver's instance variables: 
		tally: 	10841
		array: 	an Array(#SpMockBackend->SpMockBackend #PragmaMenuBuilder->PragmaMen[..]
		cachedClassNames: 	an OrderedCollection(#AColorSelectorMorph #AIAstar #AIAst[..]
		cachedNonClassNames: 	an OrderedCollection(#ASTAbstractBlockVisitor #ASTAbst[..]
		cachedBehaviors: 	an OrderedCollection(AColorSelectorMorph AColorSelectorMor[..]
		pseudoVariables: 	a Dictionary(#self->self #super->super #thisContext->thisC[..]


SystemEnvironment(Dictionary)>>at:ifAbsent:
	Receiver: a SystemEnvironment(lots of globals)
	Arguments and temporary variables: 
		key: 	#Ride
		aBlock: 	[self errorKeyNotFound: key]
	Receiver's instance variables: 
		tally: 	10841
		array: 	an Array(#SpMockBackend->SpMockBackend #PragmaMenuBuilder->PragmaMen[..]
		cachedClassNames: 	an OrderedCollection(#AColorSelectorMorph #AIAstar #AIAst[..]
		cachedNonClassNames: 	an OrderedCollection(#ASTAbstractBlockVisitor #ASTAbst[..]
		cachedBehaviors: 	an OrderedCollection(AColorSelectorMorph AColorSelectorMor[..]
		pseudoVariables: 	a Dictionary(#self->self #super->super #thisContext->thisC[..]


SystemEnvironment(Dictionary)>>at:
	Receiver: a SystemEnvironment(lots of globals)
	Arguments and temporary variables: 
		key: 	#Ride
	Receiver's instance variables: 
		tally: 	10841
		array: 	an Array(#SpMockBackend->SpMockBackend #PragmaMenuBuilder->PragmaMen[..]
		cachedClassNames: 	an OrderedCollection(#AColorSelectorMorph #AIAstar #AIAst[..]
		cachedNonClassNames: 	an OrderedCollection(#ASTAbstractBlockVisitor #ASTAbst[..]
		cachedBehaviors: 	an OrderedCollection(AColorSelectorMorph AColorSelectorMor[..]
		pseudoVariables: 	a Dictionary(#self->self #super->super #thisContext->thisC[..]


[ :aBuilder |
		  | superclass converter |
		  superclass := self class environment at: superclassName asSymbol.

		  aBuilder
			  superclass: superclass;
			  environment: superclass environment;
			  name: subclassName;
			  layoutClass: layoutClass.
		  instanceVariableNames ifNotNil: [ aBuilder slotsFromString: instanceVariableNames ].
		  classVariableNames ifNotNil: [ aBuilder sharedVariablesFromString: classVariableNames ].
		
		  converter := CategoryConverter category: packageName environment: superclass environment.
		  aBuilder package: converter packageName.
		  aBuilder tag: converter tagName.

		  poolDictionariesNames ifNotNil: [ aBuilder sharedPoolsFromString: poolDictionariesNames ].
		  isTrait ifTrue: [ aBuilder beTrait ].
		  traitsDefinition ifNotNil: [ aBuilder traitComposition: (self class compiler evaluate: traitsDefinition) ] ] in OldClassDefinitionBuilder>>build
	Receiver: an OldClassDefinitionBuilder
	Arguments and temporary variables: 
		selectorParts: 	an OrderedCollection('subclass' 'instanceVariableNames' 'cla[..]
		superclassName: 	'Ride'
		layoutClass: 	FixedLayout
		subclassName: 	#PremiumRide
		instanceVariableNames: 	''
		classVariableNames: 	''
		packageName: 	'RideSharing'
		poolDictionariesNames: 	nil
		traitsDefinition: 	nil
		isTrait: 	false
		aBuilder: 	a ShiftClassBuilder
		superclass: 	nil
		converter: 	nil
	Receiver's instance variables: 
		ast: 	OCMessageNode(Ride
	subclass: #PremiumRide
	instanceVariableNames: ''
[..]


ShiftClassInstaller>>make:
	Receiver: a ShiftClassInstaller
	Arguments and temporary variables: 
		aBlock: 	[ :aBuilder |
		  | superclass converter |
		  superclass := self c[..]
	Receiver's instance variables: 
		builder: 	a ShiftClassBuilder


ShiftClassInstaller class>>make:
	Receiver: ShiftClassInstaller
	Arguments and temporary variables: 
		aBlock: 	[ :aBuilder |
		  | superclass converter |
		  superclass := self c[..]
	Receiver's instance variables: 
		superclass: 	Object
		methodDict: 	a MethodDictionary(#builder->ShiftClassInstaller>>#builder #com[..]
		format: 	65537
		layout: 	a FixedLayout
		protocols: 	an Array(Protocol (accessing) - 4 selector(s) Protocol (copying)[..]
		subclasses: 	{ShiftAnonymousClassInstaller}
		name: 	#ShiftClassInstaller
		classPool: 	a Dictionary()
		sharedPools: 	an OrderedCollection()
		environment: 	a SystemEnvironment(lots of globals)
		commentSourcePointer: 	62738680
		packageTag: 	a PackageTag(Installer)


OldClassDefinitionBuilder>>build
	Receiver: an OldClassDefinitionBuilder
	Arguments and temporary variables: 
		layoutClass: 	FixedLayout
		subclassName: 	#PremiumRide
		instanceVariableNames: 	''
		classVariableNames: 	''
		packageName: 	'RideSharing'
		poolDictionariesNames: 	nil
		traitsDefinition: 	nil
		isTrait: 	false
		selectorParts: 	an OrderedCollection('subclass' 'instanceVariableNames' 'cla[..]
		superclassName: 	'Ride'
	Receiver's instance variables: 
		ast: 	OCMessageNode(Ride
	subclass: #PremiumRide
	instanceVariableNames: ''
[..]


OldClassDefinitionBuilder class>>buildFromAST:
	Receiver: OldClassDefinitionBuilder
	Arguments and temporary variables: 
		ast: 	OCMessageNode(Ride
	subclass: #PremiumRide
	instanceVariableNames: ''
[..]
	Receiver's instance variables: 
		superclass: 	Object
		methodDict: 	a MethodDictionary(#ast->OldClassDefinitionBuilder>>#ast #ast:-[..]
		format: 	65537
		layout: 	a FixedLayout
		protocols: 	an Array(Protocol (building) - 1 selector(s) Protocol (accessing[..]
		subclasses: 	nil
		name: 	#OldClassDefinitionBuilder
		classPool: 	nil
		sharedPools: 	an OrderedCollection()
		environment: 	a SystemEnvironment(lots of globals)
		commentSourcePointer: 	42276418
		packageTag: 	a PackageTag(Chunks)


DoItChunk>>importFor:logSource:
	Receiver: a DoItChunk(Ride subclass: #PremiumRide
    instanceVariableNames: ''
    classVariabl[..]
	Arguments and temporary variables: 
		requestor: 	nil
		logSource: 	true
		ast: 	OCMessageNode(Ride
	subclass: #PremiumRide
	instanceVariableNames: ''
[..]
	Receiver's instance variables: 
		contents: 	'Ride subclass: #PremiumRide
    instanceVariableNames: ''''
    [..]


[ :declaration |
		value := declaration importFor: nil logSource: logSource  ] in CodeImporter>>evaluate
	Receiver: a CodeImporter
	Arguments and temporary variables: 
		value: 	nil
		declaration: 	a DoItChunk(Ride subclass: #PremiumRide
    instanceVariableNa[..]
	Receiver's instance variables: 
		readStream: 	a ZnCharacterReadStream
		codeDeclarations: 	an OrderedCollection(a DoItChunk(Ride subclass: #PremiumR[..]
		parserClass: 	ChunkFileFormatParser
		logSource: 	true


OrderedCollection>>do:
	Receiver: an OrderedCollection(a DoItChunk(Ride subclass: #PremiumRide
    instanceVariableNames[..]
	Arguments and temporary variables: 
		aBlock: 	[ :declaration |
		value := declaration importFor: nil logSource: l[..]
		index: 	1
	Receiver's instance variables: 
		array: 	an Array(a DoItChunk(Ride subclass: #PremiumRide
    instanceVariabl[..]
		firstIndex: 	1
		lastIndex: 	3


CodeImporter>>evaluate
	Receiver: a CodeImporter
	Arguments and temporary variables: 
		value: 	nil
	Receiver's instance variables: 
		readStream: 	a ZnCharacterReadStream
		codeDeclarations: 	an OrderedCollection(a DoItChunk(Ride subclass: #PremiumR[..]
		parserClass: 	ChunkFileFormatParser
		logSource: 	true


[ codeImporter evaluate ] in STCommandLineHandler>>installSourceFile:
	Receiver: a STCommandLineHandler
	Arguments and temporary variables: 
		aReference: 	a File
		codeImporter: 	a CodeImporter
	Receiver's instance variables: 
		commandLine: 	a CommandLineArguments
		session: 	a WorkingSession
		stdout: 	a VTermOutputDriver
		stderr: 	a VTermOutputDriver
		sourceFiles: 	an OrderedCollection(a File)


FullBlockClosure(BlockClosure)>>on:do:
	Receiver: [ codeImporter evaluate ]
	Arguments and temporary variables: 
		exception: 	Error
		handlerAction: 	[ :e | self handleError: e reference: aReference ]
	Receiver's instance variables: 
		outerContext: 	STCommandLineHandler>>installSourceFile:
		compiledBlock: 	a CompiledBlock: [ codeImporter evaluate ]
		numArgs: 	0
		receiver: 	a STCommandLineHandler


STCommandLineHandler>>handleErrorsDuring:reference:
	Receiver: a STCommandLineHandler
	Arguments and temporary variables: 
		aBlock: 	[ codeImporter evaluate ]
		aReference: 	a File
	Receiver's instance variables: 
		commandLine: 	a CommandLineArguments
		session: 	a WorkingSession
		stdout: 	a VTermOutputDriver
		stderr: 	a VTermOutputDriver
		sourceFiles: 	an OrderedCollection(a File)


STCommandLineHandler>>installSourceFile:
	Receiver: a STCommandLineHandler
	Arguments and temporary variables: 
		codeImporter: 	a CodeImporter
		aReference: 	a File
	Receiver's instance variables: 
		commandLine: 	a CommandLineArguments
		session: 	a WorkingSession
		stdout: 	a VTermOutputDriver
		stderr: 	a VTermOutputDriver
		sourceFiles: 	an OrderedCollection(a File)


[ :reference |
		self installSourceFile: reference ] in [ sourceFiles do: [ :reference |
		self installSourceFile: reference ]
	] in STCommandLineHandler>>installSourceFiles
	Receiver: a STCommandLineHandler
	Arguments and temporary variables: 
		reference: 	a File
	Receiver's instance variables: 
		commandLine: 	a CommandLineArguments
		session: 	a WorkingSession
		stdout: 	a VTermOutputDriver
		stderr: 	a VTermOutputDriver
		sourceFiles: 	an OrderedCollection(a File)


OrderedCollection>>do:
	Receiver: an OrderedCollection(a File)
	Arguments and temporary variables: 
		aBlock: 	[ :reference |
		self installSourceFile: reference ]
		index: 	1
	Receiver's instance variables: 
		array: 	an Array(a File)
		firstIndex: 	1
		lastIndex: 	1


[ sourceFiles do: [ :reference |
		self installSourceFile: reference ]
	] in STCommandLineHandler>>installSourceFiles
	Receiver: a STCommandLineHandler
	Arguments and temporary variables: 
x
	Receiver's instance variables: 
		commandLine: 	a CommandLineArguments
		session: 	a WorkingSession
		stdout: 	a VTermOutputDriver
		stderr: 	a VTermOutputDriver
		sourceFiles: 	an OrderedCollection(a File)


FullBlockClosure(BlockClosure)>>ensure:
	Receiver: [ sourceFiles do: [ :reference |
		self installSourceFile: reference ]
	]
	Arguments and temporary variables: 
		aBlock: 	[ sourceFiles := nil ]
		handler: 	[ sourceFiles := nil ]
		complete: 	nil
		returnValue: 	nil
	Receiver's instance variables: 
		outerContext: 	STCommandLineHandler>>installSourceFiles
		compiledBlock: 	a CompiledBlock: [ sourceFiles do: [ :reference |
		self ins[..]
		numArgs: 	0
		receiver: 	a STCommandLineHandler


STCommandLineHandler>>installSourceFiles
	Receiver: a STCommandLineHandler
	Arguments and temporary variables: 
x
	Receiver's instance variables: 
		commandLine: 	a CommandLineArguments
		session: 	a WorkingSession
		stdout: 	a VTermOutputDriver
		stderr: 	a VTermOutputDriver
		sourceFiles: 	an OrderedCollection(a File)


STCommandLineHandler>>activate
	Receiver: a STCommandLineHandler
	Arguments and temporary variables: 
x
	Receiver's instance variables: 
		commandLine: 	a CommandLineArguments
		session: 	a WorkingSession
		stdout: 	a VTermOutputDriver
		stderr: 	a VTermOutputDriver
		sourceFiles: 	an OrderedCollection(a File)


STCommandLineHandler class(CommandLineHandler class)>>activateWith:
	Receiver: STCommandLineHandler
	Arguments and temporary variables: 
		aCommandLine: 	a CommandLineArguments
	Receiver's instance variables: 
		superclass: 	CommandLineHandler
		methodDict: 	a MethodDictionary(#activate->STCommandLineHandler>>#activate #[..]
		format: 	65541
		layout: 	a FixedLayout
		protocols: 	an Array(Protocol (private) - 3 selector(s) Protocol (installing[..]
		subclasses: 	{EvaluateCommandLineHandler}
		name: 	#STCommandLineHandler
		classPool: 	nil
		sharedPools: 	an OrderedCollection()
		environment: 	a SystemEnvironment(lots of globals)
		commentSourcePointer: 	60986524
		packageTag: 	a PackageTag(Base)


[ aCommandLinehandler activateWith: commandLine ] in PharoCommandLineHandler(BasicCommandLineHandler)>>activateSubCommand:
	Receiver: a PharoCommandLineHandler
	Arguments and temporary variables: 
		aCommandLinehandler: 	STCommandLineHandler
	Receiver's instance variables: 
		commandLine: 	a CommandLineArguments
		session: 	a WorkingSession
		stdout: 	a VTermOutputDriver
		stderr: 	a VTermOutputDriver


FullBlockClosure(BlockClosure)>>on:do:
	Receiver: [ aCommandLinehandler activateWith: commandLine ]
	Arguments and temporary variables: 
		exception: 	Exit
		handlerAction: 	[ :exit |
		^ self handleExit: exit for: aCommandLinehandler ]
	Receiver's instance variables: 
		outerContext: 	PharoCommandLineHandler(BasicCommandLineHandler)>>activateSub[..]
		compiledBlock: 	a CompiledBlock: [ aCommandLinehandler activateWith: command[..]
		numArgs: 	0
		receiver: 	a PharoCommandLineHandler


PharoCommandLineHandler(BasicCommandLineHandler)>>activateSubCommand:
	Receiver: a PharoCommandLineHandler
	Arguments and temporary variables: 
		aCommandLinehandler: 	STCommandLineHandler
	Receiver's instance variables: 
		commandLine: 	a CommandLineArguments
		session: 	a WorkingSession
		stdout: 	a VTermOutputDriver
		stderr: 	a VTermOutputDriver


PharoCommandLineHandler(BasicCommandLineHandler)>>handleSubcommand
	Receiver: a PharoCommandLineHandler
	Arguments and temporary variables: 
		handlers: 	an OrderedCollection(STCommandLineHandler)
	Receiver's instance variables: 
		commandLine: 	a CommandLineArguments
		session: 	a WorkingSession
		stdout: 	a VTermOutputDriver
		stderr: 	a VTermOutputDriver


PharoCommandLineHandler(BasicCommandLineHandler)>>handleArgument:
	Receiver: a PharoCommandLineHandler
	Arguments and temporary variables: 
		aString: 	'st'
	Receiver's instance variables: 
		commandLine: 	a CommandLineArguments
		session: 	a WorkingSession
		stdout: 	a VTermOutputDriver
		stderr: 	a VTermOutputDriver


[ self handleArgument: self firstArgument ] in [ [ self handleArgument: self firstArgument ]
		on: Exit
		do: [ :exit |
			"If the command line is protected by password, we just exit the image because in non-headless mode the handleExit will let the image open. If the password protection is enabled, it is to avoid to let the access to the image."
			self class commandLinePasswordManager hasPasswordSet
				ifTrue: [ Smalltalk snapshot: false andQuit: true ].
			self handleExit: exit ] ] in PharoCommandLineHandler(BasicCommandLineHandler)>>activate
	Receiver: a PharoCommandLineHandler
	Arguments and temporary variables: 
x
	Receiver's instance variables: 
		commandLine: 	a CommandLineArguments
		session: 	a WorkingSession
		stdout: 	a VTermOutputDriver
		stderr: 	a VTermOutputDriver


FullBlockClosure(BlockClosure)>>on:do:
	Receiver: [ self handleArgument: self firstArgument ]
	Arguments and temporary variables: 
		exception: 	Exit
		handlerAction: 	[ :exit |
			"If the command line is protected by password, [..]
	Receiver's instance variables: 
		outerContext: 	[ [ self handleArgument: self firstArgument ]
		on: Exit
		do[..]
		compiledBlock: 	a CompiledBlock: [ self handleArgument: self firstArgument ]
		numArgs: 	0
		receiver: 	a PharoCommandLineHandler


[ [ self handleArgument: self firstArgument ]
		on: Exit
		do: [ :exit |
			"If the command line is protected by password, we just exit the image because in non-headless mode the handleExit will let the image open. If the password protection is enabled, it is to avoid to let the access to the image."
			self class commandLinePasswordManager hasPasswordSet
				ifTrue: [ Smalltalk snapshot: false andQuit: true ].
			self handleExit: exit ] ] in PharoCommandLineHandler(BasicCommandLineHandler)>>activate
	Receiver: a PharoCommandLineHandler
	Arguments and temporary variables: 
x
	Receiver's instance variables: 
		commandLine: 	a CommandLineArguments
		session: 	a WorkingSession
		stdout: 	a VTermOutputDriver
		stderr: 	a VTermOutputDriver


[self value.
			"IMPORTANT: Do not step over next line of code. See method comments for details"
			Processor terminateRealActive] in FullBlockClosure(BlockClosure)>>newProcess
	Receiver: [ [ self handleArgument: self firstArgument ]
		on: Exit
		do: [ :exit |
			"If the co[..]
	Arguments and temporary variables: 
x
	Receiver's instance variables: 
		outerContext: 	PharoCommandLineHandler(BasicCommandLineHandler)>>activate
		compiledBlock: 	a CompiledBlock: [ [ self handleArgument: self firstArgument[..]
		numArgs: 	0
		receiver: 	a PharoCommandLineHandler



--- The full stack ---
SystemEnvironment(Dictionary)>>errorKeyNotFound:
[self errorKeyNotFound: key] in SystemEnvironment(Dictionary)>>at:
SystemEnvironment(Dictionary)>>at:ifAbsent:
SystemEnvironment(Dictionary)>>at:
[ :aBuilder |
		  | superclass converter |
		  superclass := self class environment at: superclassName asSymbol.

		  aBuilder
			  superclass: superclass;
			  environment: superclass environment;
			  name: subclassName;
			  layoutClass: layoutClass.
		  instanceVariableNames ifNotNil: [ aBuilder slotsFromString: instanceVariableNames ].
		  classVariableNames ifNotNil: [ aBuilder sharedVariablesFromString: classVariableNames ].
		
		  converter := CategoryConverter category: packageName environment: superclass environment.
		  aBuilder package: converter packageName.
		  aBuilder tag: converter tagName.

		  poolDictionariesNames ifNotNil: [ aBuilder sharedPoolsFromString: poolDictionariesNames ].
		  isTrait ifTrue: [ aBuilder beTrait ].
		  traitsDefinition ifNotNil: [ aBuilder traitComposition: (self class compiler evaluate: traitsDefinition) ] ] in OldClassDefinitionBuilder>>build
ShiftClassInstaller>>make:
ShiftClassInstaller class>>make:
OldClassDefinitionBuilder>>build
OldClassDefinitionBuilder class>>buildFromAST:
DoItChunk>>importFor:logSource:
[ :declaration |
		value := declaration importFor: nil logSource: logSource  ] in CodeImporter>>evaluate
OrderedCollection>>do:
CodeImporter>>evaluate
[ codeImporter evaluate ] in STCommandLineHandler>>installSourceFile:
FullBlockClosure(BlockClosure)>>on:do:
STCommandLineHandler>>handleErrorsDuring:reference:
STCommandLineHandler>>installSourceFile:
[ :reference |
		self installSourceFile: reference ] in [ sourceFiles do: [ :reference |
		self installSourceFile: reference ]
	] in STCommandLineHandler>>installSourceFiles
OrderedCollection>>do:
[ sourceFiles do: [ :reference |
		self installSourceFile: reference ]
	] in STCommandLineHandler>>installSourceFiles
FullBlockClosure(BlockClosure)>>ensure:
STCommandLineHandler>>installSourceFiles
STCommandLineHandler>>activate
STCommandLineHandler class(CommandLineHandler class)>>activateWith:
[ aCommandLinehandler activateWith: commandLine ] in PharoCommandLineHandler(BasicCommandLineHandler)>>activateSubCommand:
FullBlockClosure(BlockClosure)>>on:do:
PharoCommandLineHandler(BasicCommandLineHandler)>>activateSubCommand:
PharoCommandLineHandler(BasicCommandLineHandler)>>handleSubcommand
PharoCommandLineHandler(BasicCommandLineHandler)>>handleArgument:
[ self handleArgument: self firstArgument ] in [ [ self handleArgument: self firstArgument ]
		on: Exit
		do: [ :exit |
			"If the command line is protected by password, we just exit the image because in non-headless mode the handleExit will let the image open. If the password protection is enabled, it is to avoid to let the access to the image."
			self class commandLinePasswordManager hasPasswordSet
				ifTrue: [ Smalltalk snapshot: false andQuit: true ].
			self handleExit: exit ] ] in PharoCommandLineHandler(BasicCommandLineHandler)>>activate
FullBlockClosure(BlockClosure)>>on:do:
[ [ self handleArgument: self firstArgument ]
		on: Exit
		do: [ :exit |
			"If the command line is protected by password, we just exit the image because in non-headless mode the handleExit will let the image open. If the password protection is enabled, it is to avoid to let the access to the image."
			self class commandLinePasswordManager hasPasswordSet
				ifTrue: [ Smalltalk snapshot: false andQuit: true ].
			self handleExit: exit ] ] in PharoCommandLineHandler(BasicCommandLineHandler)>>activate
[self value.
			"IMPORTANT: Do not step over next line of code. See method comments for details"
			Processor terminateRealActive] in FullBlockClosure(BlockClosure)>>newProcess
-------------------------------------------------------------------------------

Processes and their stacks: 
Process: a Process in AtomicSharedQueue>>waitForNewItems
  stack:

AtomicSharedQueue>>waitForNewItems
AtomicSharedQueue>>next
TKTWorkerProcess>>privateNextTask
TKTWorkerProcess>>workerLoop
MessageSend>>value
[ aValuable value ] in TKTPharoProcessProvider>>createProcessDoing:named:
[self value.
			"IMPORTANT: Do not step over next line of code. See method comments for details"
			Processor terminateRealActive] in FullBlockClosure(BlockClosure)>>newProcess
------------------------------

Process: a Process in AtomicSharedQueue>>waitForNewItems
  stack:

AtomicSharedQueue>>waitForNewItems
AtomicSharedQueue>>next
TKTWorkerProcess>>privateNextTask
TKTWorkerProcess>>workerLoop
MessageSend>>value
[ aValuable value ] in TKTPharoProcessProvider>>createProcessDoing:named:
[self value.
			"IMPORTANT: Do not step over next line of code. See method comments for details"
			Processor terminateRealActive] in FullBlockClosure(BlockClosure)>>newProcess
------------------------------

Process: a Process in DelayMicrosecondTicker>>waitForUserSignalled:orExpired:
  stack:

DelayMicrosecondTicker>>waitForUserSignalled:orExpired:
[  [runTimerEventLoop] whileTrue:
		[	|nowTick|
			"Warning! Stepping <Over> the following line may lock the Image. Use <Into> or <Proceed>."
		 	ticker waitForUserSignalled: timingSemaphore orExpired: activeDelay.

			"Invoke the api back-ends, which set the transfer-variable to nil"
			suspendSemaphore ifNotNil: [ self suspendAtTimingPriority    ].
			delayToStart     ifNotNil: [ self scheduleAtTimingPriority   ].
			delayToStop      ifNotNil: [ self unscheduleAtTimingPriority ].

			"Signal any expired delays"
			nowTick := ticker nowTick.
			[ 	activeDelay isNotNil and: [nowTick >= activeDelay resumptionTick] ]
					whileTrue: [
						activeDelay timingPrioritySignalExpired.
						activeDelay := suspendedDelays removeFirstOrNil ].
		]
	] in DelaySemaphoreScheduler(DelayBasicScheduler)>>runBackendLoopAtTimingPriority
FullBlockClosure(BlockClosure)>>ensure:
DelaySemaphoreScheduler(DelayBasicScheduler)>>runBackendLoopAtTimingPriority
[ self runBackendLoopAtTimingPriority ] in DelaySemaphoreScheduler(DelayBasicScheduler)>>startTimerEventLoopPriority:
[self value.
			"IMPORTANT: Do not step over next line of code. See method comments for details"
			Processor terminateRealActive] in FullBlockClosure(BlockClosure)>>newProcess
------------------------------

Process: a Process in MorphicRenderLoop>>doOneCycleWhile:
  stack:

MorphicRenderLoop>>doOneCycleWhile:
[ MorphicRenderLoop new doOneCycleWhile: [ true ] ] in MorphicUIManager>>spawnNewProcess
[self value.
			"IMPORTANT: Do not step over next line of code. See method comments for details"
			Processor terminateRealActive] in FullBlockClosure(BlockClosure)>>newProcess
------------------------------

Process: a Process in Process>>endProcess
  stack:

Process>>endProcess
------------------------------

Process: a Process in Process>>endProcess
  stack:

Process>>endProcess
------------------------------

Process: a Process in Process>>endProcess
  stack:

Process>>endProcess
------------------------------

Process: a Process in Process>>endProcess
  stack:

Process>>endProcess
------------------------------

Process: a Process in Process>>endProcess
  stack:

Process>>endProcess
------------------------------

Process: a Process in SmalltalkImage>>lowSpaceWatcher
  stack:

SmalltalkImage>>lowSpaceWatcher
[ self lowSpaceWatcher ] in SmalltalkImage>>installLowSpaceWatcher
[self value.
			"IMPORTANT: Do not step over next line of code. See method comments for details"
			Processor terminateRealActive] in FullBlockClosure(BlockClosure)>>newProcess
------------------------------

Process: a Process in [self value.
			"IMPORTANT: Do not step over next line of code. See method comments for details"
			Processor terminateRealActive] in FullBlockClosure(BlockClosure)>>newProcess
  stack:

[self value.
			"IMPORTANT: Do not step over next line of code. See method comments for details"
			Processor terminateRealActive] in FullBlockClosure(BlockClosure)>>newProcess
------------------------------

Process: a Process in FinalizationProcess class>>finalizationProcess
  stack:

FinalizationProcess class>>finalizationProcess
[self finalizationProcess] in FinalizationProcess class>>restartFinalizationProcess
[self value.
			"IMPORTANT: Do not step over next line of code. See method comments for details"
			Processor terminateRealActive] in FullBlockClosure(BlockClosure)>>newProcess
------------------------------

Process: a Process in nil
  stack:

Array(SequenceableCollection)>>do:
[:logger |
		logger nextPutAll: 'Processes and their stacks: ';cr.

		Process allInstances do: [:each | | ctx |
			logger nextPutAll: 'Process: '; print: each; cr; nextPutAll: '  stack:'; cr; cr.

			ctx := each isActive ifTrue: [ thisContext sender ] ifFalse: [ each suspendedContext ].
			ctx ifNotNil: [
				(ctx stackOfSize: 20) do: [:s | logger print: s; cr ]].
			logger nextPutAll: '------------------------------'; cr; cr.
		]] in [ Smalltalk
		logError: aString
		inContext: aContext.

	" Print stacks of all current processes "

	Smalltalk logDuring: [:logger |
		logger nextPutAll: 'Processes and their stacks: ';cr.

		Process allInstances do: [:each | | ctx |
			logger nextPutAll: 'Process: '; print: each; cr; nextPutAll: '  stack:'; cr; cr.

			ctx := each isActive ifTrue: [ thisContext sender ] ifFalse: [ each suspendedContext ].
			ctx ifNotNil: [
				(ctx stackOfSize: 20) do: [:s | logger print: s; cr ]].
			logger nextPutAll: '------------------------------'; cr; cr.
		]].
	] in NonInteractiveUIManager(CommandLineUIManager)>>quitFrom:withMessage:
[
		logStream := self openLog.
		aMonadicBlock value: logStream.
	] in SmalltalkImage>>logDuring:
FullBlockClosure(BlockClosure)>>ensure:
SmalltalkImage>>logDuring:
[ Smalltalk
		logError: aString
		inContext: aContext.

	" Print stacks of all current processes "

	Smalltalk logDuring: [:logger |
		logger nextPutAll: 'Processes and their stacks: ';cr.

		Process allInstances do: [:each | | ctx |
			logger nextPutAll: 'Process: '; print: each; cr; nextPutAll: '  stack:'; cr; cr.

			ctx := each isActive ifTrue: [ thisContext sender ] ifFalse: [ each suspendedContext ].
			ctx ifNotNil: [
				(ctx stackOfSize: 20) do: [:s | logger print: s; cr ]].
			logger nextPutAll: '------------------------------'; cr; cr.
		]].
	] in NonInteractiveUIManager(CommandLineUIManager)>>quitFrom:withMessage:
FullBlockClosure(BlockClosure)>>ensure:
NonInteractiveUIManager(CommandLineUIManager)>>quitFrom:withMessage:
NonInteractiveUIManager(CommandLineUIManager)>>handleError:log:
NonInteractiveUIManager(UIManager)>>handleError:
Process>>handleError:
KeyNotFound(Exception)>>unhandledErrorAction
UnhandledError>>defaultAction
UndefinedObject>>handleSignal:
Context>>handleSignal:
Context>>handleSignal:
Context>>handleSignal:
UnhandledError(Exception)>>signal
UnhandledError class>>signalForException:
KeyNotFound(Exception)>>raiseUnhandledError
------------------------------

Process: a Process in Process>>endProcess
  stack:

Process>>endProcess
------------------------------

Process: a Process in Process>>endProcess
  stack:

Process>>endProcess
------------------------------

Process: a Process in Process>>endProcess
  stack:

Process>>endProcess
------------------------------

Process: a Process in [
		[ true ] whileTrue: [
			semaphore wait.
			[self executeCallback: self nextPendingCallback]
				on: Exception fork:  [:ex | ex pass ] ] ] in TFCallbackQueue>>forkCallbackProcess
  stack:

[
		[ true ] whileTrue: [
			semaphore wait.
			[self executeCallback: self nextPendingCallback]
				on: Exception fork:  [:ex | ex pass ] ] ] in TFCallbackQueue>>forkCallbackProcess
[self value.
			"IMPORTANT: Do not step over next line of code. See method comments for details"
			Processor terminateRealActive] in FullBlockClosure(BlockClosure)>>newProcess
------------------------------

Process: a Process in Process>>endProcess
  stack:

Process>>endProcess
------------------------------


===============================================================================
Notice: Errors in script loaded from Driver.st
===============================================================================
THERE_BE_DRAGONS_HERE
Instance of Driver class did not understand #methodsFor:
3 October 2026 6:10:38.796466 am

VM: Mac OS - arm64 - 1000 - CoInterpreter VMMaker-tonel.1 uuid: 80e43a52-2018-0e00-bce4-820906d86bc4 Sep 18 2026
StackToRegisterMappingCogit VMMaker-tonel.1 uuid: 80e43a52-2018-0e00-bce4-820906d86bc4 Sep 18 2026
v10.3.11+0.a585304b1 - Commit: a585304b1 - Date: 2026-09-16 09:19:54 +0200

Image: Pharo13.1.0SNAPSHOT [Build information: Pharo-13.1.0+SNAPSHOT.build.749.sha.d7c6f761d5445e8b04a0aa5137e0d546ad9bcd89 (64 Bit)]

Driver class(Object)>>doesNotUnderstand: #methodsFor:
	Receiver: Driver
	Arguments and temporary variables: 
		aMessage: 	methodsFor: 'rides'
		exception: 	Instance of Driver class did not understand #methodsFor:
		resumeValue: 	nil
	Receiver's instance variables: 
		superclass: 	Object
		methodDict: 	a MethodDictionary(#initializeWithID:name:rating:->Driver>>#ini[..]
		format: 	65540
		layout: 	a FixedLayout
		protocols: 	an Array(Protocol (initialization) - 1 selector(s))
		subclasses: 	nil
		name: 	#Driver
		classPool: 	nil
		sharedPools: 	an OrderedCollection()
		environment: 	a SystemEnvironment(lots of globals)
		commentSourcePointer: 	nil
		packageTag: 	a PackageTag(Uncategorized)


UndefinedObject>>DoIt
	Receiver: nil
	Arguments and temporary variables: 
x
	Receiver's instance variables: 
nil

OCReceiverDoItSemanticScope(OCDoItSemanticScope)>>evaluateDoIt:
	Receiver: an OCReceiverDoItSemanticScope
	Arguments and temporary variables: 
		doItMethod: 	UndefinedObject>>#DoIt
	Receiver's instance variables: 
		outerScope: 	nil
		targetReceiver: 	nil


OpalCompiler>>evaluate
	Receiver: an OpalCompiler
	Arguments and temporary variables: 
		value: 	nil
		doItMethod: 	UndefinedObject>>#DoIt
	Receiver's instance variables: 
		ast: 	DoIt

	Driver methodsFor: 'rides'
		source: 	'Driver methodsFor: ''rides'''
		compilationContext: 	an OCCompilationContext
		compilationContextClass: 	nil
		permitFaulty: 	false
		permitUndeclared: 	false
		failBlock: 	nil
		logged: 	true
		changeStamp: 	nil
		protocol: 	nil
		requestor: 	nil
		priorMethod: 	nil


DoItChunk>>importFor:logSource:
	Receiver: a DoItChunk(Driver methodsFor: 'rides')
	Arguments and temporary variables: 
		requestor: 	nil
		logSource: 	true
		ast: 	OCMessageNode(Driver methodsFor: 'rides')
	Receiver's instance variables: 
		contents: 	'Driver methodsFor: ''rides'''


[ :declaration |
		value := declaration importFor: nil logSource: logSource  ] in CodeImporter>>evaluate
	Receiver: a CodeImporter
	Arguments and temporary variables: 
		value: 	#initializeWithID:name:rating:
		declaration: 	a DoItChunk(Driver methodsFor: 'rides')
	Receiver's instance variables: 
		readStream: 	a ZnCharacterReadStream
		codeDeclarations: 	an OrderedCollection(a DoItChunk(Object subclass: #Driver[..]
		parserClass: 	ChunkFileFormatParser
		logSource: 	true


OrderedCollection>>do:
	Receiver: an OrderedCollection(a DoItChunk(Object subclass: #Driver
    instanceVariableNames: '[..]
	Arguments and temporary variables: 
		aBlock: 	[ :declaration |
		value := declaration importFor: nil logSource: l[..]
		index: 	3
	Receiver's instance variables: 
		array: 	an Array(a DoItChunk(Object subclass: #Driver
    instanceVariableNa[..]
		firstIndex: 	1
		lastIndex: 	5


CodeImporter>>evaluate
	Receiver: a CodeImporter
	Arguments and temporary variables: 
		value: 	#initializeWithID:name:rating:
	Receiver's instance variables: 
		readStream: 	a ZnCharacterReadStream
		codeDeclarations: 	an OrderedCollection(a DoItChunk(Object subclass: #Driver[..]
		parserClass: 	ChunkFileFormatParser
		logSource: 	true


[ codeImporter evaluate ] in STCommandLineHandler>>installSourceFile:
	Receiver: a STCommandLineHandler
	Arguments and temporary variables: 
		aReference: 	a File
		codeImporter: 	a CodeImporter
	Receiver's instance variables: 
		commandLine: 	a CommandLineArguments
		session: 	a WorkingSession
		stdout: 	a VTermOutputDriver
		stderr: 	a VTermOutputDriver
		sourceFiles: 	an OrderedCollection(a File)


FullBlockClosure(BlockClosure)>>on:do:
	Receiver: [ codeImporter evaluate ]
	Arguments and temporary variables: 
		exception: 	Error
		handlerAction: 	[ :e | self handleError: e reference: aReference ]
	Receiver's instance variables: 
		outerContext: 	STCommandLineHandler>>installSourceFile:
		compiledBlock: 	a CompiledBlock: [ codeImporter evaluate ]
		numArgs: 	0
		receiver: 	a STCommandLineHandler


STCommandLineHandler>>handleErrorsDuring:reference:
	Receiver: a STCommandLineHandler
	Arguments and temporary variables: 
		aBlock: 	[ codeImporter evaluate ]
		aReference: 	a File
	Receiver's instance variables: 
		commandLine: 	a CommandLineArguments
		session: 	a WorkingSession
		stdout: 	a VTermOutputDriver
		stderr: 	a VTermOutputDriver
		sourceFiles: 	an OrderedCollection(a File)


STCommandLineHandler>>installSourceFile:
	Receiver: a STCommandLineHandler
	Arguments and temporary variables: 
		codeImporter: 	a CodeImporter
		aReference: 	a File
	Receiver's instance variables: 
		commandLine: 	a CommandLineArguments
		session: 	a WorkingSession
		stdout: 	a VTermOutputDriver
		stderr: 	a VTermOutputDriver
		sourceFiles: 	an OrderedCollection(a File)


[ :reference |
		self installSourceFile: reference ] in [ sourceFiles do: [ :reference |
		self installSourceFile: reference ]
	] in STCommandLineHandler>>installSourceFiles
	Receiver: a STCommandLineHandler
	Arguments and temporary variables: 
		reference: 	a File
	Receiver's instance variables: 
		commandLine: 	a CommandLineArguments
		session: 	a WorkingSession
		stdout: 	a VTermOutputDriver
		stderr: 	a VTermOutputDriver
		sourceFiles: 	an OrderedCollection(a File)


OrderedCollection>>do:
	Receiver: an OrderedCollection(a File)
	Arguments and temporary variables: 
		aBlock: 	[ :reference |
		self installSourceFile: reference ]
		index: 	1
	Receiver's instance variables: 
		array: 	an Array(a File)
		firstIndex: 	1
		lastIndex: 	1


[ sourceFiles do: [ :reference |
		self installSourceFile: reference ]
	] in STCommandLineHandler>>installSourceFiles
	Receiver: a STCommandLineHandler
	Arguments and temporary variables: 
x
	Receiver's instance variables: 
		commandLine: 	a CommandLineArguments
		session: 	a WorkingSession
		stdout: 	a VTermOutputDriver
		stderr: 	a VTermOutputDriver
		sourceFiles: 	an OrderedCollection(a File)


FullBlockClosure(BlockClosure)>>ensure:
	Receiver: [ sourceFiles do: [ :reference |
		self installSourceFile: reference ]
	]
	Arguments and temporary variables: 
		aBlock: 	[ sourceFiles := nil ]
		handler: 	[ sourceFiles := nil ]
		complete: 	nil
		returnValue: 	nil
	Receiver's instance variables: 
		outerContext: 	STCommandLineHandler>>installSourceFiles
		compiledBlock: 	a CompiledBlock: [ sourceFiles do: [ :reference |
		self ins[..]
		numArgs: 	0
		receiver: 	a STCommandLineHandler


STCommandLineHandler>>installSourceFiles
	Receiver: a STCommandLineHandler
	Arguments and temporary variables: 
x
	Receiver's instance variables: 
		commandLine: 	a CommandLineArguments
		session: 	a WorkingSession
		stdout: 	a VTermOutputDriver
		stderr: 	a VTermOutputDriver
		sourceFiles: 	an OrderedCollection(a File)


STCommandLineHandler>>activate
	Receiver: a STCommandLineHandler
	Arguments and temporary variables: 
x
	Receiver's instance variables: 
		commandLine: 	a CommandLineArguments
		session: 	a WorkingSession
		stdout: 	a VTermOutputDriver
		stderr: 	a VTermOutputDriver
		sourceFiles: 	an OrderedCollection(a File)


STCommandLineHandler class(CommandLineHandler class)>>activateWith:
	Receiver: STCommandLineHandler
	Arguments and temporary variables: 
		aCommandLine: 	a CommandLineArguments
	Receiver's instance variables: 
		superclass: 	CommandLineHandler
		methodDict: 	a MethodDictionary(#activate->STCommandLineHandler>>#activate #[..]
		format: 	65541
		layout: 	a FixedLayout
		protocols: 	an Array(Protocol (private) - 3 selector(s) Protocol (installing[..]
		subclasses: 	{EvaluateCommandLineHandler}
		name: 	#STCommandLineHandler
		classPool: 	nil
		sharedPools: 	an OrderedCollection()
		environment: 	a SystemEnvironment(lots of globals)
		commentSourcePointer: 	60986524
		packageTag: 	a PackageTag(Base)


[ aCommandLinehandler activateWith: commandLine ] in PharoCommandLineHandler(BasicCommandLineHandler)>>activateSubCommand:
	Receiver: a PharoCommandLineHandler
	Arguments and temporary variables: 
		aCommandLinehandler: 	STCommandLineHandler
	Receiver's instance variables: 
		commandLine: 	a CommandLineArguments
		session: 	a WorkingSession
		stdout: 	a VTermOutputDriver
		stderr: 	a VTermOutputDriver


FullBlockClosure(BlockClosure)>>on:do:
	Receiver: [ aCommandLinehandler activateWith: commandLine ]
	Arguments and temporary variables: 
		exception: 	Exit
		handlerAction: 	[ :exit |
		^ self handleExit: exit for: aCommandLinehandler ]
	Receiver's instance variables: 
		outerContext: 	PharoCommandLineHandler(BasicCommandLineHandler)>>activateSub[..]
		compiledBlock: 	a CompiledBlock: [ aCommandLinehandler activateWith: command[..]
		numArgs: 	0
		receiver: 	a PharoCommandLineHandler


PharoCommandLineHandler(BasicCommandLineHandler)>>activateSubCommand:
	Receiver: a PharoCommandLineHandler
	Arguments and temporary variables: 
		aCommandLinehandler: 	STCommandLineHandler
	Receiver's instance variables: 
		commandLine: 	a CommandLineArguments
		session: 	a WorkingSession
		stdout: 	a VTermOutputDriver
		stderr: 	a VTermOutputDriver


PharoCommandLineHandler(BasicCommandLineHandler)>>handleSubcommand
	Receiver: a PharoCommandLineHandler
	Arguments and temporary variables: 
		handlers: 	an OrderedCollection(STCommandLineHandler)
	Receiver's instance variables: 
		commandLine: 	a CommandLineArguments
		session: 	a WorkingSession
		stdout: 	a VTermOutputDriver
		stderr: 	a VTermOutputDriver


PharoCommandLineHandler(BasicCommandLineHandler)>>handleArgument:
	Receiver: a PharoCommandLineHandler
	Arguments and temporary variables: 
		aString: 	'st'
	Receiver's instance variables: 
		commandLine: 	a CommandLineArguments
		session: 	a WorkingSession
		stdout: 	a VTermOutputDriver
		stderr: 	a VTermOutputDriver


[ self handleArgument: self firstArgument ] in [ [ self handleArgument: self firstArgument ]
		on: Exit
		do: [ :exit |
			"If the command line is protected by password, we just exit the image because in non-headless mode the handleExit will let the image open. If the password protection is enabled, it is to avoid to let the access to the image."
			self class commandLinePasswordManager hasPasswordSet
				ifTrue: [ Smalltalk snapshot: false andQuit: true ].
			self handleExit: exit ] ] in PharoCommandLineHandler(BasicCommandLineHandler)>>activate
	Receiver: a PharoCommandLineHandler
	Arguments and temporary variables: 
x
	Receiver's instance variables: 
		commandLine: 	a CommandLineArguments
		session: 	a WorkingSession
		stdout: 	a VTermOutputDriver
		stderr: 	a VTermOutputDriver


FullBlockClosure(BlockClosure)>>on:do:
	Receiver: [ self handleArgument: self firstArgument ]
	Arguments and temporary variables: 
		exception: 	Exit
		handlerAction: 	[ :exit |
			"If the command line is protected by password, [..]
	Receiver's instance variables: 
		outerContext: 	[ [ self handleArgument: self firstArgument ]
		on: Exit
		do[..]
		compiledBlock: 	a CompiledBlock: [ self handleArgument: self firstArgument ]
		numArgs: 	0
		receiver: 	a PharoCommandLineHandler


[ [ self handleArgument: self firstArgument ]
		on: Exit
		do: [ :exit |
			"If the command line is protected by password, we just exit the image because in non-headless mode the handleExit will let the image open. If the password protection is enabled, it is to avoid to let the access to the image."
			self class commandLinePasswordManager hasPasswordSet
				ifTrue: [ Smalltalk snapshot: false andQuit: true ].
			self handleExit: exit ] ] in PharoCommandLineHandler(BasicCommandLineHandler)>>activate
	Receiver: a PharoCommandLineHandler
	Arguments and temporary variables: 
x
	Receiver's instance variables: 
		commandLine: 	a CommandLineArguments
		session: 	a WorkingSession
		stdout: 	a VTermOutputDriver
		stderr: 	a VTermOutputDriver


[self value.
			"IMPORTANT: Do not step over next line of code. See method comments for details"
			Processor terminateRealActive] in FullBlockClosure(BlockClosure)>>newProcess
	Receiver: [ [ self handleArgument: self firstArgument ]
		on: Exit
		do: [ :exit |
			"If the co[..]
	Arguments and temporary variables: 
x
	Receiver's instance variables: 
		outerContext: 	PharoCommandLineHandler(BasicCommandLineHandler)>>activate
		compiledBlock: 	a CompiledBlock: [ [ self handleArgument: self firstArgument[..]
		numArgs: 	0
		receiver: 	a PharoCommandLineHandler



--- The full stack ---
Driver class(Object)>>doesNotUnderstand: #methodsFor:
UndefinedObject>>DoIt
OCReceiverDoItSemanticScope(OCDoItSemanticScope)>>evaluateDoIt:
OpalCompiler>>evaluate
DoItChunk>>importFor:logSource:
[ :declaration |
		value := declaration importFor: nil logSource: logSource  ] in CodeImporter>>evaluate
OrderedCollection>>do:
CodeImporter>>evaluate
[ codeImporter evaluate ] in STCommandLineHandler>>installSourceFile:
FullBlockClosure(BlockClosure)>>on:do:
STCommandLineHandler>>handleErrorsDuring:reference:
STCommandLineHandler>>installSourceFile:
[ :reference |
		self installSourceFile: reference ] in [ sourceFiles do: [ :reference |
		self installSourceFile: reference ]
	] in STCommandLineHandler>>installSourceFiles
OrderedCollection>>do:
[ sourceFiles do: [ :reference |
		self installSourceFile: reference ]
	] in STCommandLineHandler>>installSourceFiles
FullBlockClosure(BlockClosure)>>ensure:
STCommandLineHandler>>installSourceFiles
STCommandLineHandler>>activate
STCommandLineHandler class(CommandLineHandler class)>>activateWith:
[ aCommandLinehandler activateWith: commandLine ] in PharoCommandLineHandler(BasicCommandLineHandler)>>activateSubCommand:
FullBlockClosure(BlockClosure)>>on:do:
PharoCommandLineHandler(BasicCommandLineHandler)>>activateSubCommand:
PharoCommandLineHandler(BasicCommandLineHandler)>>handleSubcommand
PharoCommandLineHandler(BasicCommandLineHandler)>>handleArgument:
[ self handleArgument: self firstArgument ] in [ [ self handleArgument: self firstArgument ]
		on: Exit
		do: [ :exit |
			"If the command line is protected by password, we just exit the image because in non-headless mode the handleExit will let the image open. If the password protection is enabled, it is to avoid to let the access to the image."
			self class commandLinePasswordManager hasPasswordSet
				ifTrue: [ Smalltalk snapshot: false andQuit: true ].
			self handleExit: exit ] ] in PharoCommandLineHandler(BasicCommandLineHandler)>>activate
FullBlockClosure(BlockClosure)>>on:do:
[ [ self handleArgument: self firstArgument ]
		on: Exit
		do: [ :exit |
			"If the command line is protected by password, we just exit the image because in non-headless mode the handleExit will let the image open. If the password protection is enabled, it is to avoid to let the access to the image."
			self class commandLinePasswordManager hasPasswordSet
				ifTrue: [ Smalltalk snapshot: false andQuit: true ].
			self handleExit: exit ] ] in PharoCommandLineHandler(BasicCommandLineHandler)>>activate
[self value.
			"IMPORTANT: Do not step over next line of code. See method comments for details"
			Processor terminateRealActive] in FullBlockClosure(BlockClosure)>>newProcess
-------------------------------------------------------------------------------

Processes and their stacks: 
Process: a Process in AtomicSharedQueue>>waitForNewItems
  stack:

AtomicSharedQueue>>waitForNewItems
AtomicSharedQueue>>next
TKTWorkerProcess>>privateNextTask
TKTWorkerProcess>>workerLoop
MessageSend>>value
[ aValuable value ] in TKTPharoProcessProvider>>createProcessDoing:named:
[self value.
			"IMPORTANT: Do not step over next line of code. See method comments for details"
			Processor terminateRealActive] in FullBlockClosure(BlockClosure)>>newProcess
------------------------------

Process: a Process in AtomicSharedQueue>>waitForNewItems
  stack:

AtomicSharedQueue>>waitForNewItems
AtomicSharedQueue>>next
TKTWorkerProcess>>privateNextTask
TKTWorkerProcess>>workerLoop
MessageSend>>value
[ aValuable value ] in TKTPharoProcessProvider>>createProcessDoing:named:
[self value.
			"IMPORTANT: Do not step over next line of code. See method comments for details"
			Processor terminateRealActive] in FullBlockClosure(BlockClosure)>>newProcess
------------------------------

Process: a Process in DelayMicrosecondTicker>>waitForUserSignalled:orExpired:
  stack:

DelayMicrosecondTicker>>waitForUserSignalled:orExpired:
[  [runTimerEventLoop] whileTrue:
		[	|nowTick|
			"Warning! Stepping <Over> the following line may lock the Image. Use <Into> or <Proceed>."
		 	ticker waitForUserSignalled: timingSemaphore orExpired: activeDelay.

			"Invoke the api back-ends, which set the transfer-variable to nil"
			suspendSemaphore ifNotNil: [ self suspendAtTimingPriority    ].
			delayToStart     ifNotNil: [ self scheduleAtTimingPriority   ].
			delayToStop      ifNotNil: [ self unscheduleAtTimingPriority ].

			"Signal any expired delays"
			nowTick := ticker nowTick.
			[ 	activeDelay isNotNil and: [nowTick >= activeDelay resumptionTick] ]
					whileTrue: [
						activeDelay timingPrioritySignalExpired.
						activeDelay := suspendedDelays removeFirstOrNil ].
		]
	] in DelaySemaphoreScheduler(DelayBasicScheduler)>>runBackendLoopAtTimingPriority
FullBlockClosure(BlockClosure)>>ensure:
DelaySemaphoreScheduler(DelayBasicScheduler)>>runBackendLoopAtTimingPriority
[ self runBackendLoopAtTimingPriority ] in DelaySemaphoreScheduler(DelayBasicScheduler)>>startTimerEventLoopPriority:
[self value.
			"IMPORTANT: Do not step over next line of code. See method comments for details"
			Processor terminateRealActive] in FullBlockClosure(BlockClosure)>>newProcess
------------------------------

Process: a Process in MorphicRenderLoop>>doOneCycleWhile:
  stack:

MorphicRenderLoop>>doOneCycleWhile:
[ MorphicRenderLoop new doOneCycleWhile: [ true ] ] in MorphicUIManager>>spawnNewProcess
[self value.
			"IMPORTANT: Do not step over next line of code. See method comments for details"
			Processor terminateRealActive] in FullBlockClosure(BlockClosure)>>newProcess
------------------------------

Process: a Process in Process>>endProcess
  stack:

Process>>endProcess
------------------------------

Process: a Process in Process>>endProcess
  stack:

Process>>endProcess
------------------------------

Process: a Process in Process>>endProcess
  stack:

Process>>endProcess
------------------------------

Process: a Process in Process>>endProcess
  stack:

Process>>endProcess
------------------------------

Process: a Process in Process>>endProcess
  stack:

Process>>endProcess
------------------------------

Process: a Process in SmalltalkImage>>lowSpaceWatcher
  stack:

SmalltalkImage>>lowSpaceWatcher
[ self lowSpaceWatcher ] in SmalltalkImage>>installLowSpaceWatcher
[self value.
			"IMPORTANT: Do not step over next line of code. See method comments for details"
			Processor terminateRealActive] in FullBlockClosure(BlockClosure)>>newProcess
------------------------------

Process: a Process in [self value.
			"IMPORTANT: Do not step over next line of code. See method comments for details"
			Processor terminateRealActive] in FullBlockClosure(BlockClosure)>>newProcess
  stack:

[self value.
			"IMPORTANT: Do not step over next line of code. See method comments for details"
			Processor terminateRealActive] in FullBlockClosure(BlockClosure)>>newProcess
------------------------------

Process: a Process in FinalizationProcess class>>finalizationProcess
  stack:

FinalizationProcess class>>finalizationProcess
[self finalizationProcess] in FinalizationProcess class>>restartFinalizationProcess
[self value.
			"IMPORTANT: Do not step over next line of code. See method comments for details"
			Processor terminateRealActive] in FullBlockClosure(BlockClosure)>>newProcess
------------------------------

Process: a Process in nil
  stack:

Array(SequenceableCollection)>>do:
[:logger |
		logger nextPutAll: 'Processes and their stacks: ';cr.

		Process allInstances do: [:each | | ctx |
			logger nextPutAll: 'Process: '; print: each; cr; nextPutAll: '  stack:'; cr; cr.

			ctx := each isActive ifTrue: [ thisContext sender ] ifFalse: [ each suspendedContext ].
			ctx ifNotNil: [
				(ctx stackOfSize: 20) do: [:s | logger print: s; cr ]].
			logger nextPutAll: '------------------------------'; cr; cr.
		]] in [ Smalltalk
		logError: aString
		inContext: aContext.

	" Print stacks of all current processes "

	Smalltalk logDuring: [:logger |
		logger nextPutAll: 'Processes and their stacks: ';cr.

		Process allInstances do: [:each | | ctx |
			logger nextPutAll: 'Process: '; print: each; cr; nextPutAll: '  stack:'; cr; cr.

			ctx := each isActive ifTrue: [ thisContext sender ] ifFalse: [ each suspendedContext ].
			ctx ifNotNil: [
				(ctx stackOfSize: 20) do: [:s | logger print: s; cr ]].
			logger nextPutAll: '------------------------------'; cr; cr.
		]].
	] in NonInteractiveUIManager(CommandLineUIManager)>>quitFrom:withMessage:
[
		logStream := self openLog.
		aMonadicBlock value: logStream.
	] in SmalltalkImage>>logDuring:
FullBlockClosure(BlockClosure)>>ensure:
SmalltalkImage>>logDuring:
[ Smalltalk
		logError: aString
		inContext: aContext.

	" Print stacks of all current processes "

	Smalltalk logDuring: [:logger |
		logger nextPutAll: 'Processes and their stacks: ';cr.

		Process allInstances do: [:each | | ctx |
			logger nextPutAll: 'Process: '; print: each; cr; nextPutAll: '  stack:'; cr; cr.

			ctx := each isActive ifTrue: [ thisContext sender ] ifFalse: [ each suspendedContext ].
			ctx ifNotNil: [
				(ctx stackOfSize: 20) do: [:s | logger print: s; cr ]].
			logger nextPutAll: '------------------------------'; cr; cr.
		]].
	] in NonInteractiveUIManager(CommandLineUIManager)>>quitFrom:withMessage:
FullBlockClosure(BlockClosure)>>ensure:
NonInteractiveUIManager(CommandLineUIManager)>>quitFrom:withMessage:
NonInteractiveUIManager(CommandLineUIManager)>>handleError:log:
NonInteractiveUIManager(UIManager)>>handleError:
Process>>handleError:
MessageNotUnderstood(Exception)>>unhandledErrorAction
UnhandledError>>defaultAction
UndefinedObject>>handleSignal:
Context>>handleSignal:
Context>>handleSignal:
Context>>handleSignal:
UnhandledError(Exception)>>signal
UnhandledError class>>signalForException:
MessageNotUnderstood(Exception)>>raiseUnhandledError
------------------------------

Process: a Process in Process>>endProcess
  stack:

Process>>endProcess
------------------------------

Process: a Process in Process>>endProcess
  stack:

Process>>endProcess
------------------------------

Process: a Process in Process>>endProcess
  stack:

Process>>endProcess
------------------------------

Process: a Process in [
		[ true ] whileTrue: [
			semaphore wait.
			[self executeCallback: self nextPendingCallback]
				on: Exception fork:  [:ex | ex pass ] ] ] in TFCallbackQueue>>forkCallbackProcess
  stack:

[
		[ true ] whileTrue: [
			semaphore wait.
			[self executeCallback: self nextPendingCallback]
				on: Exception fork:  [:ex | ex pass ] ] ] in TFCallbackQueue>>forkCallbackProcess
[self value.
			"IMPORTANT: Do not step over next line of code. See method comments for details"
			Processor terminateRealActive] in FullBlockClosure(BlockClosure)>>newProcess
------------------------------

Process: a Process in [delaySemaphore wait] in Delay>>wait
  stack:

[delaySemaphore wait] in Delay>>wait
FullBlockClosure(BlockClosure)>>ifCurtailed:
Delay>>wait
Duration>>wait
[
		"Loop until enough time passed since last #schedule"
		[ DateAndTime now < (lastSchedule + duration) ]
			whileTrue: [ duration wait ].

		"Execute deferred action (if not flushed before) and clean up"
		self flush.
	] in OmDeferrer>>runMessageProcess
[self value.
			"IMPORTANT: Do not step over next line of code. See method comments for details"
			Processor terminateRealActive] in FullBlockClosure(BlockClosure)>>newProcess
------------------------------

Process: a Process in Process>>endProcess
  stack:

Process>>endProcess
------------------------------


===============================================================================
Notice: Errors in script loaded from Rider.st
===============================================================================
THERE_BE_DRAGONS_HERE
Instance of Rider class did not understand #methodsFor:
3 October 2026 6:10:39.019781 am

VM: Mac OS - arm64 - 1000 - CoInterpreter VMMaker-tonel.1 uuid: 80e43a52-2018-0e00-bce4-820906d86bc4 Sep 18 2026
StackToRegisterMappingCogit VMMaker-tonel.1 uuid: 80e43a52-2018-0e00-bce4-820906d86bc4 Sep 18 2026
v10.3.11+0.a585304b1 - Commit: a585304b1 - Date: 2026-09-16 09:19:54 +0200

Image: Pharo13.1.0SNAPSHOT [Build information: Pharo-13.1.0+SNAPSHOT.build.749.sha.d7c6f761d5445e8b04a0aa5137e0d546ad9bcd89 (64 Bit)]

Rider class(Object)>>doesNotUnderstand: #methodsFor:
	Receiver: Rider
	Arguments and temporary variables: 
		aMessage: 	methodsFor: 'rides'
		exception: 	Instance of Rider class did not understand #methodsFor:
		resumeValue: 	nil
	Receiver's instance variables: 
		superclass: 	Object
		methodDict: 	a MethodDictionary(#initializeWithID:name:->Rider>>#initializeW[..]
		format: 	65539
		layout: 	a FixedLayout
		protocols: 	an Array(Protocol (initialization) - 1 selector(s))
		subclasses: 	nil
		name: 	#Rider
		classPool: 	nil
		sharedPools: 	an OrderedCollection()
		environment: 	a SystemEnvironment(lots of globals)
		commentSourcePointer: 	nil
		packageTag: 	a PackageTag(Uncategorized)


UndefinedObject>>DoIt
	Receiver: nil
	Arguments and temporary variables: 
x
	Receiver's instance variables: 
nil

OCReceiverDoItSemanticScope(OCDoItSemanticScope)>>evaluateDoIt:
	Receiver: an OCReceiverDoItSemanticScope
	Arguments and temporary variables: 
		doItMethod: 	UndefinedObject>>#DoIt
	Receiver's instance variables: 
		outerScope: 	nil
		targetReceiver: 	nil


OpalCompiler>>evaluate
	Receiver: an OpalCompiler
	Arguments and temporary variables: 
		value: 	nil
		doItMethod: 	UndefinedObject>>#DoIt
	Receiver's instance variables: 
		ast: 	DoIt

	Rider methodsFor: 'rides'
		source: 	'Rider methodsFor: ''rides'''
		compilationContext: 	an OCCompilationContext
		compilationContextClass: 	nil
		permitFaulty: 	false
		permitUndeclared: 	false
		failBlock: 	nil
		logged: 	true
		changeStamp: 	nil
		protocol: 	nil
		requestor: 	nil
		priorMethod: 	nil


DoItChunk>>importFor:logSource:
	Receiver: a DoItChunk(Rider methodsFor: 'rides')
	Arguments and temporary variables: 
		requestor: 	nil
		logSource: 	true
		ast: 	OCMessageNode(Rider methodsFor: 'rides')
	Receiver's instance variables: 
		contents: 	'Rider methodsFor: ''rides'''


[ :declaration |
		value := declaration importFor: nil logSource: logSource  ] in CodeImporter>>evaluate
	Receiver: a CodeImporter
	Arguments and temporary variables: 
		value: 	#initializeWithID:name:
		declaration: 	a DoItChunk(Rider methodsFor: 'rides')
	Receiver's instance variables: 
		readStream: 	a ZnCharacterReadStream
		codeDeclarations: 	an OrderedCollection(a DoItChunk(Object subclass: #Rider
[..]
		parserClass: 	ChunkFileFormatParser
		logSource: 	true


OrderedCollection>>do:
	Receiver: an OrderedCollection(a DoItChunk(Object subclass: #Rider
    instanceVariableNames: 'r[..]
	Arguments and temporary variables: 
		aBlock: 	[ :declaration |
		value := declaration importFor: nil logSource: l[..]
		index: 	3
	Receiver's instance variables: 
		array: 	an Array(a DoItChunk(Object subclass: #Rider
    instanceVariableNam[..]
		firstIndex: 	1
		lastIndex: 	5


CodeImporter>>evaluate
	Receiver: a CodeImporter
	Arguments and temporary variables: 
		value: 	#initializeWithID:name:
	Receiver's instance variables: 
		readStream: 	a ZnCharacterReadStream
		codeDeclarations: 	an OrderedCollection(a DoItChunk(Object subclass: #Rider
[..]
		parserClass: 	ChunkFileFormatParser
		logSource: 	true


[ codeImporter evaluate ] in STCommandLineHandler>>installSourceFile:
	Receiver: a STCommandLineHandler
	Arguments and temporary variables: 
		aReference: 	a File
		codeImporter: 	a CodeImporter
	Receiver's instance variables: 
		commandLine: 	a CommandLineArguments
		session: 	a WorkingSession
		stdout: 	a VTermOutputDriver
		stderr: 	a VTermOutputDriver
		sourceFiles: 	an OrderedCollection(a File)


FullBlockClosure(BlockClosure)>>on:do:
	Receiver: [ codeImporter evaluate ]
	Arguments and temporary variables: 
		exception: 	Error
		handlerAction: 	[ :e | self handleError: e reference: aReference ]
	Receiver's instance variables: 
		outerContext: 	STCommandLineHandler>>installSourceFile:
		compiledBlock: 	a CompiledBlock: [ codeImporter evaluate ]
		numArgs: 	0
		receiver: 	a STCommandLineHandler


STCommandLineHandler>>handleErrorsDuring:reference:
	Receiver: a STCommandLineHandler
	Arguments and temporary variables: 
		aBlock: 	[ codeImporter evaluate ]
		aReference: 	a File
	Receiver's instance variables: 
		commandLine: 	a CommandLineArguments
		session: 	a WorkingSession
		stdout: 	a VTermOutputDriver
		stderr: 	a VTermOutputDriver
		sourceFiles: 	an OrderedCollection(a File)


STCommandLineHandler>>installSourceFile:
	Receiver: a STCommandLineHandler
	Arguments and temporary variables: 
		codeImporter: 	a CodeImporter
		aReference: 	a File
	Receiver's instance variables: 
		commandLine: 	a CommandLineArguments
		session: 	a WorkingSession
		stdout: 	a VTermOutputDriver
		stderr: 	a VTermOutputDriver
		sourceFiles: 	an OrderedCollection(a File)


[ :reference |
		self installSourceFile: reference ] in [ sourceFiles do: [ :reference |
		self installSourceFile: reference ]
	] in STCommandLineHandler>>installSourceFiles
	Receiver: a STCommandLineHandler
	Arguments and temporary variables: 
		reference: 	a File
	Receiver's instance variables: 
		commandLine: 	a CommandLineArguments
		session: 	a WorkingSession
		stdout: 	a VTermOutputDriver
		stderr: 	a VTermOutputDriver
		sourceFiles: 	an OrderedCollection(a File)


OrderedCollection>>do:
	Receiver: an OrderedCollection(a File)
	Arguments and temporary variables: 
		aBlock: 	[ :reference |
		self installSourceFile: reference ]
		index: 	1
	Receiver's instance variables: 
		array: 	an Array(a File)
		firstIndex: 	1
		lastIndex: 	1


[ sourceFiles do: [ :reference |
		self installSourceFile: reference ]
	] in STCommandLineHandler>>installSourceFiles
	Receiver: a STCommandLineHandler
	Arguments and temporary variables: 
x
	Receiver's instance variables: 
		commandLine: 	a CommandLineArguments
		session: 	a WorkingSession
		stdout: 	a VTermOutputDriver
		stderr: 	a VTermOutputDriver
		sourceFiles: 	an OrderedCollection(a File)


FullBlockClosure(BlockClosure)>>ensure:
	Receiver: [ sourceFiles do: [ :reference |
		self installSourceFile: reference ]
	]
	Arguments and temporary variables: 
		aBlock: 	[ sourceFiles := nil ]
		handler: 	[ sourceFiles := nil ]
		complete: 	nil
		returnValue: 	nil
	Receiver's instance variables: 
		outerContext: 	STCommandLineHandler>>installSourceFiles
		compiledBlock: 	a CompiledBlock: [ sourceFiles do: [ :reference |
		self ins[..]
		numArgs: 	0
		receiver: 	a STCommandLineHandler


STCommandLineHandler>>installSourceFiles
	Receiver: a STCommandLineHandler
	Arguments and temporary variables: 
x
	Receiver's instance variables: 
		commandLine: 	a CommandLineArguments
		session: 	a WorkingSession
		stdout: 	a VTermOutputDriver
		stderr: 	a VTermOutputDriver
		sourceFiles: 	an OrderedCollection(a File)


STCommandLineHandler>>activate
	Receiver: a STCommandLineHandler
	Arguments and temporary variables: 
x
	Receiver's instance variables: 
		commandLine: 	a CommandLineArguments
		session: 	a WorkingSession
		stdout: 	a VTermOutputDriver
		stderr: 	a VTermOutputDriver
		sourceFiles: 	an OrderedCollection(a File)


STCommandLineHandler class(CommandLineHandler class)>>activateWith:
	Receiver: STCommandLineHandler
	Arguments and temporary variables: 
		aCommandLine: 	a CommandLineArguments
	Receiver's instance variables: 
		superclass: 	CommandLineHandler
		methodDict: 	a MethodDictionary(#activate->STCommandLineHandler>>#activate #[..]
		format: 	65541
		layout: 	a FixedLayout
		protocols: 	an Array(Protocol (private) - 3 selector(s) Protocol (installing[..]
		subclasses: 	{EvaluateCommandLineHandler}
		name: 	#STCommandLineHandler
		classPool: 	nil
		sharedPools: 	an OrderedCollection()
		environment: 	a SystemEnvironment(lots of globals)
		commentSourcePointer: 	60986524
		packageTag: 	a PackageTag(Base)


[ aCommandLinehandler activateWith: commandLine ] in PharoCommandLineHandler(BasicCommandLineHandler)>>activateSubCommand:
	Receiver: a PharoCommandLineHandler
	Arguments and temporary variables: 
		aCommandLinehandler: 	STCommandLineHandler
	Receiver's instance variables: 
		commandLine: 	a CommandLineArguments
		session: 	a WorkingSession
		stdout: 	a VTermOutputDriver
		stderr: 	a VTermOutputDriver


FullBlockClosure(BlockClosure)>>on:do:
	Receiver: [ aCommandLinehandler activateWith: commandLine ]
	Arguments and temporary variables: 
		exception: 	Exit
		handlerAction: 	[ :exit |
		^ self handleExit: exit for: aCommandLinehandler ]
	Receiver's instance variables: 
		outerContext: 	PharoCommandLineHandler(BasicCommandLineHandler)>>activateSub[..]
		compiledBlock: 	a CompiledBlock: [ aCommandLinehandler activateWith: command[..]
		numArgs: 	0
		receiver: 	a PharoCommandLineHandler


PharoCommandLineHandler(BasicCommandLineHandler)>>activateSubCommand:
	Receiver: a PharoCommandLineHandler
	Arguments and temporary variables: 
		aCommandLinehandler: 	STCommandLineHandler
	Receiver's instance variables: 
		commandLine: 	a CommandLineArguments
		session: 	a WorkingSession
		stdout: 	a VTermOutputDriver
		stderr: 	a VTermOutputDriver


PharoCommandLineHandler(BasicCommandLineHandler)>>handleSubcommand
	Receiver: a PharoCommandLineHandler
	Arguments and temporary variables: 
		handlers: 	an OrderedCollection(STCommandLineHandler)
	Receiver's instance variables: 
		commandLine: 	a CommandLineArguments
		session: 	a WorkingSession
		stdout: 	a VTermOutputDriver
		stderr: 	a VTermOutputDriver


PharoCommandLineHandler(BasicCommandLineHandler)>>handleArgument:
	Receiver: a PharoCommandLineHandler
	Arguments and temporary variables: 
		aString: 	'st'
	Receiver's instance variables: 
		commandLine: 	a CommandLineArguments
		session: 	a WorkingSession
		stdout: 	a VTermOutputDriver
		stderr: 	a VTermOutputDriver


[ self handleArgument: self firstArgument ] in [ [ self handleArgument: self firstArgument ]
		on: Exit
		do: [ :exit |
			"If the command line is protected by password, we just exit the image because in non-headless mode the handleExit will let the image open. If the password protection is enabled, it is to avoid to let the access to the image."
			self class commandLinePasswordManager hasPasswordSet
				ifTrue: [ Smalltalk snapshot: false andQuit: true ].
			self handleExit: exit ] ] in PharoCommandLineHandler(BasicCommandLineHandler)>>activate
	Receiver: a PharoCommandLineHandler
	Arguments and temporary variables: 
x
	Receiver's instance variables: 
		commandLine: 	a CommandLineArguments
		session: 	a WorkingSession
		stdout: 	a VTermOutputDriver
		stderr: 	a VTermOutputDriver


FullBlockClosure(BlockClosure)>>on:do:
	Receiver: [ self handleArgument: self firstArgument ]
	Arguments and temporary variables: 
		exception: 	Exit
		handlerAction: 	[ :exit |
			"If the command line is protected by password, [..]
	Receiver's instance variables: 
		outerContext: 	[ [ self handleArgument: self firstArgument ]
		on: Exit
		do[..]
		compiledBlock: 	a CompiledBlock: [ self handleArgument: self firstArgument ]
		numArgs: 	0
		receiver: 	a PharoCommandLineHandler


[ [ self handleArgument: self firstArgument ]
		on: Exit
		do: [ :exit |
			"If the command line is protected by password, we just exit the image because in non-headless mode the handleExit will let the image open. If the password protection is enabled, it is to avoid to let the access to the image."
			self class commandLinePasswordManager hasPasswordSet
				ifTrue: [ Smalltalk snapshot: false andQuit: true ].
			self handleExit: exit ] ] in PharoCommandLineHandler(BasicCommandLineHandler)>>activate
	Receiver: a PharoCommandLineHandler
	Arguments and temporary variables: 
x
	Receiver's instance variables: 
		commandLine: 	a CommandLineArguments
		session: 	a WorkingSession
		stdout: 	a VTermOutputDriver
		stderr: 	a VTermOutputDriver


[self value.
			"IMPORTANT: Do not step over next line of code. See method comments for details"
			Processor terminateRealActive] in FullBlockClosure(BlockClosure)>>newProcess
	Receiver: [ [ self handleArgument: self firstArgument ]
		on: Exit
		do: [ :exit |
			"If the co[..]
	Arguments and temporary variables: 
x
	Receiver's instance variables: 
		outerContext: 	PharoCommandLineHandler(BasicCommandLineHandler)>>activate
		compiledBlock: 	a CompiledBlock: [ [ self handleArgument: self firstArgument[..]
		numArgs: 	0
		receiver: 	a PharoCommandLineHandler



--- The full stack ---
Rider class(Object)>>doesNotUnderstand: #methodsFor:
UndefinedObject>>DoIt
OCReceiverDoItSemanticScope(OCDoItSemanticScope)>>evaluateDoIt:
OpalCompiler>>evaluate
DoItChunk>>importFor:logSource:
[ :declaration |
		value := declaration importFor: nil logSource: logSource  ] in CodeImporter>>evaluate
OrderedCollection>>do:
CodeImporter>>evaluate
[ codeImporter evaluate ] in STCommandLineHandler>>installSourceFile:
FullBlockClosure(BlockClosure)>>on:do:
STCommandLineHandler>>handleErrorsDuring:reference:
STCommandLineHandler>>installSourceFile:
[ :reference |
		self installSourceFile: reference ] in [ sourceFiles do: [ :reference |
		self installSourceFile: reference ]
	] in STCommandLineHandler>>installSourceFiles
OrderedCollection>>do:
[ sourceFiles do: [ :reference |
		self installSourceFile: reference ]
	] in STCommandLineHandler>>installSourceFiles
FullBlockClosure(BlockClosure)>>ensure:
STCommandLineHandler>>installSourceFiles
STCommandLineHandler>>activate
STCommandLineHandler class(CommandLineHandler class)>>activateWith:
[ aCommandLinehandler activateWith: commandLine ] in PharoCommandLineHandler(BasicCommandLineHandler)>>activateSubCommand:
FullBlockClosure(BlockClosure)>>on:do:
PharoCommandLineHandler(BasicCommandLineHandler)>>activateSubCommand:
PharoCommandLineHandler(BasicCommandLineHandler)>>handleSubcommand
PharoCommandLineHandler(BasicCommandLineHandler)>>handleArgument:
[ self handleArgument: self firstArgument ] in [ [ self handleArgument: self firstArgument ]
		on: Exit
		do: [ :exit |
			"If the command line is protected by password, we just exit the image because in non-headless mode the handleExit will let the image open. If the password protection is enabled, it is to avoid to let the access to the image."
			self class commandLinePasswordManager hasPasswordSet
				ifTrue: [ Smalltalk snapshot: false andQuit: true ].
			self handleExit: exit ] ] in PharoCommandLineHandler(BasicCommandLineHandler)>>activate
FullBlockClosure(BlockClosure)>>on:do:
[ [ self handleArgument: self firstArgument ]
		on: Exit
		do: [ :exit |
			"If the command line is protected by password, we just exit the image because in non-headless mode the handleExit will let the image open. If the password protection is enabled, it is to avoid to let the access to the image."
			self class commandLinePasswordManager hasPasswordSet
				ifTrue: [ Smalltalk snapshot: false andQuit: true ].
			self handleExit: exit ] ] in PharoCommandLineHandler(BasicCommandLineHandler)>>activate
[self value.
			"IMPORTANT: Do not step over next line of code. See method comments for details"
			Processor terminateRealActive] in FullBlockClosure(BlockClosure)>>newProcess
-------------------------------------------------------------------------------

Processes and their stacks: 
Process: a Process in AtomicSharedQueue>>waitForNewItems
  stack:

AtomicSharedQueue>>waitForNewItems
AtomicSharedQueue>>next
TKTWorkerProcess>>privateNextTask
TKTWorkerProcess>>workerLoop
MessageSend>>value
[ aValuable value ] in TKTPharoProcessProvider>>createProcessDoing:named:
[self value.
			"IMPORTANT: Do not step over next line of code. See method comments for details"
			Processor terminateRealActive] in FullBlockClosure(BlockClosure)>>newProcess
------------------------------

Process: a Process in AtomicSharedQueue>>waitForNewItems
  stack:

AtomicSharedQueue>>waitForNewItems
AtomicSharedQueue>>next
TKTWorkerProcess>>privateNextTask
TKTWorkerProcess>>workerLoop
MessageSend>>value
[ aValuable value ] in TKTPharoProcessProvider>>createProcessDoing:named:
[self value.
			"IMPORTANT: Do not step over next line of code. See method comments for details"
			Processor terminateRealActive] in FullBlockClosure(BlockClosure)>>newProcess
------------------------------

Process: a Process in DelayMicrosecondTicker>>waitForUserSignalled:orExpired:
  stack:

DelayMicrosecondTicker>>waitForUserSignalled:orExpired:
[  [runTimerEventLoop] whileTrue:
		[	|nowTick|
			"Warning! Stepping <Over> the following line may lock the Image. Use <Into> or <Proceed>."
		 	ticker waitForUserSignalled: timingSemaphore orExpired: activeDelay.

			"Invoke the api back-ends, which set the transfer-variable to nil"
			suspendSemaphore ifNotNil: [ self suspendAtTimingPriority    ].
			delayToStart     ifNotNil: [ self scheduleAtTimingPriority   ].
			delayToStop      ifNotNil: [ self unscheduleAtTimingPriority ].

			"Signal any expired delays"
			nowTick := ticker nowTick.
			[ 	activeDelay isNotNil and: [nowTick >= activeDelay resumptionTick] ]
					whileTrue: [
						activeDelay timingPrioritySignalExpired.
						activeDelay := suspendedDelays removeFirstOrNil ].
		]
	] in DelaySemaphoreScheduler(DelayBasicScheduler)>>runBackendLoopAtTimingPriority
FullBlockClosure(BlockClosure)>>ensure:
DelaySemaphoreScheduler(DelayBasicScheduler)>>runBackendLoopAtTimingPriority
[ self runBackendLoopAtTimingPriority ] in DelaySemaphoreScheduler(DelayBasicScheduler)>>startTimerEventLoopPriority:
[self value.
			"IMPORTANT: Do not step over next line of code. See method comments for details"
			Processor terminateRealActive] in FullBlockClosure(BlockClosure)>>newProcess
------------------------------

Process: a Process in MorphicRenderLoop>>doOneCycleWhile:
  stack:

MorphicRenderLoop>>doOneCycleWhile:
[ MorphicRenderLoop new doOneCycleWhile: [ true ] ] in MorphicUIManager>>spawnNewProcess
[self value.
			"IMPORTANT: Do not step over next line of code. See method comments for details"
			Processor terminateRealActive] in FullBlockClosure(BlockClosure)>>newProcess
------------------------------

Process: a Process in Process>>endProcess
  stack:

Process>>endProcess
------------------------------

Process: a Process in Process>>endProcess
  stack:

Process>>endProcess
------------------------------

Process: a Process in Process>>endProcess
  stack:

Process>>endProcess
------------------------------

Process: a Process in Process>>endProcess
  stack:

Process>>endProcess
------------------------------

Process: a Process in Process>>endProcess
  stack:

Process>>endProcess
------------------------------

Process: a Process in SmalltalkImage>>lowSpaceWatcher
  stack:

SmalltalkImage>>lowSpaceWatcher
[ self lowSpaceWatcher ] in SmalltalkImage>>installLowSpaceWatcher
[self value.
			"IMPORTANT: Do not step over next line of code. See method comments for details"
			Processor terminateRealActive] in FullBlockClosure(BlockClosure)>>newProcess
------------------------------

Process: a Process in [self value.
			"IMPORTANT: Do not step over next line of code. See method comments for details"
			Processor terminateRealActive] in FullBlockClosure(BlockClosure)>>newProcess
  stack:

[self value.
			"IMPORTANT: Do not step over next line of code. See method comments for details"
			Processor terminateRealActive] in FullBlockClosure(BlockClosure)>>newProcess
------------------------------

Process: a Process in FinalizationProcess class>>finalizationProcess
  stack:

FinalizationProcess class>>finalizationProcess
[self finalizationProcess] in FinalizationProcess class>>restartFinalizationProcess
[self value.
			"IMPORTANT: Do not step over next line of code. See method comments for details"
			Processor terminateRealActive] in FullBlockClosure(BlockClosure)>>newProcess
------------------------------

Process: a Process in nil
  stack:

Array(SequenceableCollection)>>do:
[:logger |
		logger nextPutAll: 'Processes and their stacks: ';cr.

		Process allInstances do: [:each | | ctx |
			logger nextPutAll: 'Process: '; print: each; cr; nextPutAll: '  stack:'; cr; cr.

			ctx := each isActive ifTrue: [ thisContext sender ] ifFalse: [ each suspendedContext ].
			ctx ifNotNil: [
				(ctx stackOfSize: 20) do: [:s | logger print: s; cr ]].
			logger nextPutAll: '------------------------------'; cr; cr.
		]] in [ Smalltalk
		logError: aString
		inContext: aContext.

	" Print stacks of all current processes "

	Smalltalk logDuring: [:logger |
		logger nextPutAll: 'Processes and their stacks: ';cr.

		Process allInstances do: [:each | | ctx |
			logger nextPutAll: 'Process: '; print: each; cr; nextPutAll: '  stack:'; cr; cr.

			ctx := each isActive ifTrue: [ thisContext sender ] ifFalse: [ each suspendedContext ].
			ctx ifNotNil: [
				(ctx stackOfSize: 20) do: [:s | logger print: s; cr ]].
			logger nextPutAll: '------------------------------'; cr; cr.
		]].
	] in NonInteractiveUIManager(CommandLineUIManager)>>quitFrom:withMessage:
[
		logStream := self openLog.
		aMonadicBlock value: logStream.
	] in SmalltalkImage>>logDuring:
FullBlockClosure(BlockClosure)>>ensure:
SmalltalkImage>>logDuring:
[ Smalltalk
		logError: aString
		inContext: aContext.

	" Print stacks of all current processes "

	Smalltalk logDuring: [:logger |
		logger nextPutAll: 'Processes and their stacks: ';cr.

		Process allInstances do: [:each | | ctx |
			logger nextPutAll: 'Process: '; print: each; cr; nextPutAll: '  stack:'; cr; cr.

			ctx := each isActive ifTrue: [ thisContext sender ] ifFalse: [ each suspendedContext ].
			ctx ifNotNil: [
				(ctx stackOfSize: 20) do: [:s | logger print: s; cr ]].
			logger nextPutAll: '------------------------------'; cr; cr.
		]].
	] in NonInteractiveUIManager(CommandLineUIManager)>>quitFrom:withMessage:
FullBlockClosure(BlockClosure)>>ensure:
NonInteractiveUIManager(CommandLineUIManager)>>quitFrom:withMessage:
NonInteractiveUIManager(CommandLineUIManager)>>handleError:log:
NonInteractiveUIManager(UIManager)>>handleError:
Process>>handleError:
MessageNotUnderstood(Exception)>>unhandledErrorAction
UnhandledError>>defaultAction
UndefinedObject>>handleSignal:
Context>>handleSignal:
Context>>handleSignal:
Context>>handleSignal:
UnhandledError(Exception)>>signal
UnhandledError class>>signalForException:
MessageNotUnderstood(Exception)>>raiseUnhandledError
------------------------------

Process: a Process in [delaySemaphore wait] in Delay>>wait
  stack:

[delaySemaphore wait] in Delay>>wait
FullBlockClosure(BlockClosure)>>ifCurtailed:
Delay>>wait
Duration>>wait
[
		"Loop until enough time passed since last #schedule"
		[ DateAndTime now < (lastSchedule + duration) ]
			whileTrue: [ duration wait ].

		"Execute deferred action (if not flushed before) and clean up"
		self flush.
	] in OmDeferrer>>runMessageProcess
[self value.
			"IMPORTANT: Do not step over next line of code. See method comments for details"
			Processor terminateRealActive] in FullBlockClosure(BlockClosure)>>newProcess
------------------------------

Process: a Process in Process>>endProcess
  stack:

Process>>endProcess
------------------------------

Process: a Process in Process>>endProcess
  stack:

Process>>endProcess
------------------------------

Process: a Process in Process>>endProcess
  stack:

Process>>endProcess
------------------------------

Process: a Process in [
		[ true ] whileTrue: [
			semaphore wait.
			[self executeCallback: self nextPendingCallback]
				on: Exception fork:  [:ex | ex pass ] ] ] in TFCallbackQueue>>forkCallbackProcess
  stack:

[
		[ true ] whileTrue: [
			semaphore wait.
			[self executeCallback: self nextPendingCallback]
				on: Exception fork:  [:ex | ex pass ] ] ] in TFCallbackQueue>>forkCallbackProcess
[self value.
			"IMPORTANT: Do not step over next line of code. See method comments for details"
			Processor terminateRealActive] in FullBlockClosure(BlockClosure)>>newProcess
------------------------------

Process: a Process in Process>>endProcess
  stack:

Process>>endProcess
------------------------------


===============================================================================
Notice: Errors in script loaded from main.st
===============================================================================
THERE_BE_DRAGONS_HERE
OCCodeError:OCUndeclaredVariableNotice UndefinedObject>>#DoIt 46:Undeclared variable->StandardRide
3 October 2026 6:10:39.197698 am

VM: Mac OS - arm64 - 1000 - CoInterpreter VMMaker-tonel.1 uuid: 80e43a52-2018-0e00-bce4-820906d86bc4 Sep 18 2026
StackToRegisterMappingCogit VMMaker-tonel.1 uuid: 80e43a52-2018-0e00-bce4-820906d86bc4 Sep 18 2026
v10.3.11+0.a585304b1 - Commit: a585304b1 - Date: 2026-09-16 09:19:54 +0200

Image: Pharo13.1.0SNAPSHOT [Build information: Pharo-13.1.0+SNAPSHOT.build.749.sha.d7c6f761d5445e8b04a0aa5137e0d546ad9bcd89 (64 Bit)]

OCUndeclaredVariableNotice(OCNotice)>>signalError
	Receiver: OCUndeclaredVariableNotice(46:Undeclared variable)
	Arguments and temporary variables: 
x
	Receiver's instance variables: 
		messageText: 	'Undeclared variable'
		node: 	OCVariableNode(StandardRide)


OpalCompiler>>checkNotice:
	Receiver: an OpalCompiler
	Arguments and temporary variables: 
		aNotice: 	OCUndeclaredVariableNotice(46:Undeclared variable)
	Receiver's instance variables: 
		ast: 	DoIt

	| ride1 ride2 rides driver rider |
	ride1 := StandardRide new
	[..]
		source: 	'| ride1 ride2 rides driver rider |

ride1 := StandardRide new
    [..]
		compilationContext: 	an OCCompilationContext
		compilationContextClass: 	nil
		permitFaulty: 	false
		permitUndeclared: 	false
		failBlock: 	nil
		logged: 	true
		changeStamp: 	nil
		protocol: 	nil
		requestor: 	nil
		priorMethod: 	nil


[ :n |
			| check |
			check := self checkNotice: n.
			check ifNil: [ ^ ast ].
			check ifFalse: [
				ast := nil.
				^ self failBlock ifNotNil: [ :block | block cull: n ] ifNil: [ nil ].
				] ] in OpalCompiler>>parse
	Receiver: an OpalCompiler
	Arguments and temporary variables: 
		parser: 	an OCParser
		n: 	OCUndeclaredVariableNotice(46:Undeclared variable)
		check: 	nil
	Receiver's instance variables: 
		ast: 	DoIt

	| ride1 ride2 rides driver rider |
	ride1 := StandardRide new
	[..]
		source: 	'| ride1 ride2 rides driver rider |

ride1 := StandardRide new
    [..]
		compilationContext: 	an OCCompilationContext
		compilationContextClass: 	nil
		permitFaulty: 	false
		permitUndeclared: 	false
		failBlock: 	nil
		logged: 	true
		changeStamp: 	nil
		protocol: 	nil
		requestor: 	nil
		priorMethod: 	nil


OrderedCollection>>do:
	Receiver: an OrderedCollection(OCUndeclaredVariableNotice(46:Undeclared variable) OCUndeclaredVa[..]
	Arguments and temporary variables: 
		aBlock: 	[ :n |
			| check |
			check := self checkNotice: n.
			check ifNil[..]
		index: 	1
	Receiver's instance variables: 
		array: 	an Array(OCUndeclaredVariableNotice(46:Undeclared variable) OCUndecl[..]
		firstIndex: 	1
		lastIndex: 	4


OpalCompiler>>parse
	Receiver: an OpalCompiler
	Arguments and temporary variables: 
		parser: 	an OCParser
	Receiver's instance variables: 
		ast: 	DoIt

	| ride1 ride2 rides driver rider |
	ride1 := StandardRide new
	[..]
		source: 	'| ride1 ride2 rides driver rider |

ride1 := StandardRide new
    [..]
		compilationContext: 	an OCCompilationContext
		compilationContextClass: 	nil
		permitFaulty: 	false
		permitUndeclared: 	false
		failBlock: 	nil
		logged: 	true
		changeStamp: 	nil
		protocol: 	nil
		requestor: 	nil
		priorMethod: 	nil


OpalCompiler>>compile
	Receiver: an OpalCompiler
	Arguments and temporary variables: 
		result: 	nil
	Receiver's instance variables: 
		ast: 	DoIt

	| ride1 ride2 rides driver rider |
	ride1 := StandardRide new
	[..]
		source: 	'| ride1 ride2 rides driver rider |

ride1 := StandardRide new
    [..]
		compilationContext: 	an OCCompilationContext
		compilationContextClass: 	nil
		permitFaulty: 	false
		permitUndeclared: 	false
		failBlock: 	nil
		logged: 	true
		changeStamp: 	nil
		protocol: 	nil
		requestor: 	nil
		priorMethod: 	nil


OpalCompiler>>evaluate
	Receiver: an OpalCompiler
	Arguments and temporary variables: 
		value: 	nil
		doItMethod: 	nil
	Receiver's instance variables: 
		ast: 	DoIt

	| ride1 ride2 rides driver rider |
	ride1 := StandardRide new
	[..]
		source: 	'| ride1 ride2 rides driver rider |

ride1 := StandardRide new
    [..]
		compilationContext: 	an OCCompilationContext
		compilationContextClass: 	nil
		permitFaulty: 	false
		permitUndeclared: 	false
		failBlock: 	nil
		logged: 	true
		changeStamp: 	nil
		protocol: 	nil
		requestor: 	nil
		priorMethod: 	nil


DoItChunk>>importFor:logSource:
	Receiver: a DoItChunk(| ride1 ride2 rides driver rider |

ride1 := StandardRide new
    initiali[..]
	Arguments and temporary variables: 
		requestor: 	nil
		logSource: 	true
		ast: 	OCSequenceNode(| ride1 ride2 rides driver rider |
ride1 := StandardRid[..]
	Receiver's instance variables: 
		contents: 	'| ride1 ride2 rides driver rider |

ride1 := StandardRide new
  [..]


[ :declaration |
		value := declaration importFor: nil logSource: logSource  ] in CodeImporter>>evaluate
	Receiver: a CodeImporter
	Arguments and temporary variables: 
		value: 	nil
		declaration: 	a DoItChunk(| ride1 ride2 rides driver rider |

ride1 := Stand[..]
	Receiver's instance variables: 
		readStream: 	a ZnCharacterReadStream
		codeDeclarations: 	an OrderedCollection(a DoItChunk(| ride1 ride2 rides driv[..]
		parserClass: 	ChunkFileFormatParser
		logSource: 	true


OrderedCollection>>do:
	Receiver: an OrderedCollection(a DoItChunk(| ride1 ride2 rides driver rider |

ride1 := Standard[..]
	Arguments and temporary variables: 
		aBlock: 	[ :declaration |
		value := declaration importFor: nil logSource: l[..]
		index: 	1
	Receiver's instance variables: 
		array: 	an Array(a DoItChunk(| ride1 ride2 rides driver rider |

ride1 := St[..]
		firstIndex: 	1
		lastIndex: 	1


CodeImporter>>evaluate
	Receiver: a CodeImporter
	Arguments and temporary variables: 
		value: 	nil
	Receiver's instance variables: 
		readStream: 	a ZnCharacterReadStream
		codeDeclarations: 	an OrderedCollection(a DoItChunk(| ride1 ride2 rides driv[..]
		parserClass: 	ChunkFileFormatParser
		logSource: 	true


[ codeImporter evaluate ] in STCommandLineHandler>>installSourceFile:
	Receiver: a STCommandLineHandler
	Arguments and temporary variables: 
		aReference: 	a File
		codeImporter: 	a CodeImporter
	Receiver's instance variables: 
		commandLine: 	a CommandLineArguments
		session: 	a WorkingSession
		stdout: 	a VTermOutputDriver
		stderr: 	a VTermOutputDriver
		sourceFiles: 	an OrderedCollection(a File)


FullBlockClosure(BlockClosure)>>on:do:
	Receiver: [ codeImporter evaluate ]
	Arguments and temporary variables: 
		exception: 	Error
		handlerAction: 	[ :e | self handleError: e reference: aReference ]
	Receiver's instance variables: 
		outerContext: 	STCommandLineHandler>>installSourceFile:
		compiledBlock: 	a CompiledBlock: [ codeImporter evaluate ]
		numArgs: 	0
		receiver: 	a STCommandLineHandler


STCommandLineHandler>>handleErrorsDuring:reference:
	Receiver: a STCommandLineHandler
	Arguments and temporary variables: 
		aBlock: 	[ codeImporter evaluate ]
		aReference: 	a File
	Receiver's instance variables: 
		commandLine: 	a CommandLineArguments
		session: 	a WorkingSession
		stdout: 	a VTermOutputDriver
		stderr: 	a VTermOutputDriver
		sourceFiles: 	an OrderedCollection(a File)


STCommandLineHandler>>installSourceFile:
	Receiver: a STCommandLineHandler
	Arguments and temporary variables: 
		codeImporter: 	a CodeImporter
		aReference: 	a File
	Receiver's instance variables: 
		commandLine: 	a CommandLineArguments
		session: 	a WorkingSession
		stdout: 	a VTermOutputDriver
		stderr: 	a VTermOutputDriver
		sourceFiles: 	an OrderedCollection(a File)


[ :reference |
		self installSourceFile: reference ] in [ sourceFiles do: [ :reference |
		self installSourceFile: reference ]
	] in STCommandLineHandler>>installSourceFiles
	Receiver: a STCommandLineHandler
	Arguments and temporary variables: 
		reference: 	a File
	Receiver's instance variables: 
		commandLine: 	a CommandLineArguments
		session: 	a WorkingSession
		stdout: 	a VTermOutputDriver
		stderr: 	a VTermOutputDriver
		sourceFiles: 	an OrderedCollection(a File)


OrderedCollection>>do:
	Receiver: an OrderedCollection(a File)
	Arguments and temporary variables: 
		aBlock: 	[ :reference |
		self installSourceFile: reference ]
		index: 	1
	Receiver's instance variables: 
		array: 	an Array(a File)
		firstIndex: 	1
		lastIndex: 	1


[ sourceFiles do: [ :reference |
		self installSourceFile: reference ]
	] in STCommandLineHandler>>installSourceFiles
	Receiver: a STCommandLineHandler
	Arguments and temporary variables: 
x
	Receiver's instance variables: 
		commandLine: 	a CommandLineArguments
		session: 	a WorkingSession
		stdout: 	a VTermOutputDriver
		stderr: 	a VTermOutputDriver
		sourceFiles: 	an OrderedCollection(a File)


FullBlockClosure(BlockClosure)>>ensure:
	Receiver: [ sourceFiles do: [ :reference |
		self installSourceFile: reference ]
	]
	Arguments and temporary variables: 
		aBlock: 	[ sourceFiles := nil ]
		handler: 	[ sourceFiles := nil ]
		complete: 	nil
		returnValue: 	nil
	Receiver's instance variables: 
		outerContext: 	STCommandLineHandler>>installSourceFiles
		compiledBlock: 	a CompiledBlock: [ sourceFiles do: [ :reference |
		self ins[..]
		numArgs: 	0
		receiver: 	a STCommandLineHandler


STCommandLineHandler>>installSourceFiles
	Receiver: a STCommandLineHandler
	Arguments and temporary variables: 
x
	Receiver's instance variables: 
		commandLine: 	a CommandLineArguments
		session: 	a WorkingSession
		stdout: 	a VTermOutputDriver
		stderr: 	a VTermOutputDriver
		sourceFiles: 	an OrderedCollection(a File)


STCommandLineHandler>>activate
	Receiver: a STCommandLineHandler
	Arguments and temporary variables: 
x
	Receiver's instance variables: 
		commandLine: 	a CommandLineArguments
		session: 	a WorkingSession
		stdout: 	a VTermOutputDriver
		stderr: 	a VTermOutputDriver
		sourceFiles: 	an OrderedCollection(a File)


STCommandLineHandler class(CommandLineHandler class)>>activateWith:
	Receiver: STCommandLineHandler
	Arguments and temporary variables: 
		aCommandLine: 	a CommandLineArguments
	Receiver's instance variables: 
		superclass: 	CommandLineHandler
		methodDict: 	a MethodDictionary(#activate->STCommandLineHandler>>#activate #[..]
		format: 	65541
		layout: 	a FixedLayout
		protocols: 	an Array(Protocol (private) - 3 selector(s) Protocol (installing[..]
		subclasses: 	{EvaluateCommandLineHandler}
		name: 	#STCommandLineHandler
		classPool: 	nil
		sharedPools: 	an OrderedCollection()
		environment: 	a SystemEnvironment(lots of globals)
		commentSourcePointer: 	60986524
		packageTag: 	a PackageTag(Base)


[ aCommandLinehandler activateWith: commandLine ] in PharoCommandLineHandler(BasicCommandLineHandler)>>activateSubCommand:
	Receiver: a PharoCommandLineHandler
	Arguments and temporary variables: 
		aCommandLinehandler: 	STCommandLineHandler
	Receiver's instance variables: 
		commandLine: 	a CommandLineArguments
		session: 	a WorkingSession
		stdout: 	a VTermOutputDriver
		stderr: 	a VTermOutputDriver


FullBlockClosure(BlockClosure)>>on:do:
	Receiver: [ aCommandLinehandler activateWith: commandLine ]
	Arguments and temporary variables: 
		exception: 	Exit
		handlerAction: 	[ :exit |
		^ self handleExit: exit for: aCommandLinehandler ]
	Receiver's instance variables: 
		outerContext: 	PharoCommandLineHandler(BasicCommandLineHandler)>>activateSub[..]
		compiledBlock: 	a CompiledBlock: [ aCommandLinehandler activateWith: command[..]
		numArgs: 	0
		receiver: 	a PharoCommandLineHandler


PharoCommandLineHandler(BasicCommandLineHandler)>>activateSubCommand:
	Receiver: a PharoCommandLineHandler
	Arguments and temporary variables: 
		aCommandLinehandler: 	STCommandLineHandler
	Receiver's instance variables: 
		commandLine: 	a CommandLineArguments
		session: 	a WorkingSession
		stdout: 	a VTermOutputDriver
		stderr: 	a VTermOutputDriver


PharoCommandLineHandler(BasicCommandLineHandler)>>handleSubcommand
	Receiver: a PharoCommandLineHandler
	Arguments and temporary variables: 
		handlers: 	an OrderedCollection(STCommandLineHandler)
	Receiver's instance variables: 
		commandLine: 	a CommandLineArguments
		session: 	a WorkingSession
		stdout: 	a VTermOutputDriver
		stderr: 	a VTermOutputDriver


PharoCommandLineHandler(BasicCommandLineHandler)>>handleArgument:
	Receiver: a PharoCommandLineHandler
	Arguments and temporary variables: 
		aString: 	'st'
	Receiver's instance variables: 
		commandLine: 	a CommandLineArguments
		session: 	a WorkingSession
		stdout: 	a VTermOutputDriver
		stderr: 	a VTermOutputDriver


[ self handleArgument: self firstArgument ] in [ [ self handleArgument: self firstArgument ]
		on: Exit
		do: [ :exit |
			"If the command line is protected by password, we just exit the image because in non-headless mode the handleExit will let the image open. If the password protection is enabled, it is to avoid to let the access to the image."
			self class commandLinePasswordManager hasPasswordSet
				ifTrue: [ Smalltalk snapshot: false andQuit: true ].
			self handleExit: exit ] ] in PharoCommandLineHandler(BasicCommandLineHandler)>>activate
	Receiver: a PharoCommandLineHandler
	Arguments and temporary variables: 
x
	Receiver's instance variables: 
		commandLine: 	a CommandLineArguments
		session: 	a WorkingSession
		stdout: 	a VTermOutputDriver
		stderr: 	a VTermOutputDriver


FullBlockClosure(BlockClosure)>>on:do:
	Receiver: [ self handleArgument: self firstArgument ]
	Arguments and temporary variables: 
		exception: 	Exit
		handlerAction: 	[ :exit |
			"If the command line is protected by password, [..]
	Receiver's instance variables: 
		outerContext: 	[ [ self handleArgument: self firstArgument ]
		on: Exit
		do[..]
		compiledBlock: 	a CompiledBlock: [ self handleArgument: self firstArgument ]
		numArgs: 	0
		receiver: 	a PharoCommandLineHandler


[ [ self handleArgument: self firstArgument ]
		on: Exit
		do: [ :exit |
			"If the command line is protected by password, we just exit the image because in non-headless mode the handleExit will let the image open. If the password protection is enabled, it is to avoid to let the access to the image."
			self class commandLinePasswordManager hasPasswordSet
				ifTrue: [ Smalltalk snapshot: false andQuit: true ].
			self handleExit: exit ] ] in PharoCommandLineHandler(BasicCommandLineHandler)>>activate
	Receiver: a PharoCommandLineHandler
	Arguments and temporary variables: 
x
	Receiver's instance variables: 
		commandLine: 	a CommandLineArguments
		session: 	a WorkingSession
		stdout: 	a VTermOutputDriver
		stderr: 	a VTermOutputDriver


[self value.
			"IMPORTANT: Do not step over next line of code. See method comments for details"
			Processor terminateRealActive] in FullBlockClosure(BlockClosure)>>newProcess
	Receiver: [ [ self handleArgument: self firstArgument ]
		on: Exit
		do: [ :exit |
			"If the co[..]
	Arguments and temporary variables: 
x
	Receiver's instance variables: 
		outerContext: 	PharoCommandLineHandler(BasicCommandLineHandler)>>activate
		compiledBlock: 	a CompiledBlock: [ [ self handleArgument: self firstArgument[..]
		numArgs: 	0
		receiver: 	a PharoCommandLineHandler



--- The full stack ---
OCUndeclaredVariableNotice(OCNotice)>>signalError
OpalCompiler>>checkNotice:
[ :n |
			| check |
			check := self checkNotice: n.
			check ifNil: [ ^ ast ].
			check ifFalse: [
				ast := nil.
				^ self failBlock ifNotNil: [ :block | block cull: n ] ifNil: [ nil ].
				] ] in OpalCompiler>>parse
OrderedCollection>>do:
OpalCompiler>>parse
OpalCompiler>>compile
OpalCompiler>>evaluate
DoItChunk>>importFor:logSource:
[ :declaration |
		value := declaration importFor: nil logSource: logSource  ] in CodeImporter>>evaluate
OrderedCollection>>do:
CodeImporter>>evaluate
[ codeImporter evaluate ] in STCommandLineHandler>>installSourceFile:
FullBlockClosure(BlockClosure)>>on:do:
STCommandLineHandler>>handleErrorsDuring:reference:
STCommandLineHandler>>installSourceFile:
[ :reference |
		self installSourceFile: reference ] in [ sourceFiles do: [ :reference |
		self installSourceFile: reference ]
	] in STCommandLineHandler>>installSourceFiles
OrderedCollection>>do:
[ sourceFiles do: [ :reference |
		self installSourceFile: reference ]
	] in STCommandLineHandler>>installSourceFiles
FullBlockClosure(BlockClosure)>>ensure:
STCommandLineHandler>>installSourceFiles
STCommandLineHandler>>activate
STCommandLineHandler class(CommandLineHandler class)>>activateWith:
[ aCommandLinehandler activateWith: commandLine ] in PharoCommandLineHandler(BasicCommandLineHandler)>>activateSubCommand:
FullBlockClosure(BlockClosure)>>on:do:
PharoCommandLineHandler(BasicCommandLineHandler)>>activateSubCommand:
PharoCommandLineHandler(BasicCommandLineHandler)>>handleSubcommand
PharoCommandLineHandler(BasicCommandLineHandler)>>handleArgument:
[ self handleArgument: self firstArgument ] in [ [ self handleArgument: self firstArgument ]
		on: Exit
		do: [ :exit |
			"If the command line is protected by password, we just exit the image because in non-headless mode the handleExit will let the image open. If the password protection is enabled, it is to avoid to let the access to the image."
			self class commandLinePasswordManager hasPasswordSet
				ifTrue: [ Smalltalk snapshot: false andQuit: true ].
			self handleExit: exit ] ] in PharoCommandLineHandler(BasicCommandLineHandler)>>activate
FullBlockClosure(BlockClosure)>>on:do:
[ [ self handleArgument: self firstArgument ]
		on: Exit
		do: [ :exit |
			"If the command line is protected by password, we just exit the image because in non-headless mode the handleExit will let the image open. If the password protection is enabled, it is to avoid to let the access to the image."
			self class commandLinePasswordManager hasPasswordSet
				ifTrue: [ Smalltalk snapshot: false andQuit: true ].
			self handleExit: exit ] ] in PharoCommandLineHandler(BasicCommandLineHandler)>>activate
[self value.
			"IMPORTANT: Do not step over next line of code. See method comments for details"
			Processor terminateRealActive] in FullBlockClosure(BlockClosure)>>newProcess
-------------------------------------------------------------------------------

Processes and their stacks: 
Process: a Process in AtomicSharedQueue>>waitForNewItems
  stack:

AtomicSharedQueue>>waitForNewItems
AtomicSharedQueue>>next
TKTWorkerProcess>>privateNextTask
TKTWorkerProcess>>workerLoop
MessageSend>>value
[ aValuable value ] in TKTPharoProcessProvider>>createProcessDoing:named:
[self value.
			"IMPORTANT: Do not step over next line of code. See method comments for details"
			Processor terminateRealActive] in FullBlockClosure(BlockClosure)>>newProcess
------------------------------

Process: a Process in AtomicSharedQueue>>waitForNewItems
  stack:

AtomicSharedQueue>>waitForNewItems
AtomicSharedQueue>>next
TKTWorkerProcess>>privateNextTask
TKTWorkerProcess>>workerLoop
MessageSend>>value
[ aValuable value ] in TKTPharoProcessProvider>>createProcessDoing:named:
[self value.
			"IMPORTANT: Do not step over next line of code. See method comments for details"
			Processor terminateRealActive] in FullBlockClosure(BlockClosure)>>newProcess
------------------------------

Process: a Process in DelayMicrosecondTicker>>waitForUserSignalled:orExpired:
  stack:

DelayMicrosecondTicker>>waitForUserSignalled:orExpired:
[  [runTimerEventLoop] whileTrue:
		[	|nowTick|
			"Warning! Stepping <Over> the following line may lock the Image. Use <Into> or <Proceed>."
		 	ticker waitForUserSignalled: timingSemaphore orExpired: activeDelay.

			"Invoke the api back-ends, which set the transfer-variable to nil"
			suspendSemaphore ifNotNil: [ self suspendAtTimingPriority    ].
			delayToStart     ifNotNil: [ self scheduleAtTimingPriority   ].
			delayToStop      ifNotNil: [ self unscheduleAtTimingPriority ].

			"Signal any expired delays"
			nowTick := ticker nowTick.
			[ 	activeDelay isNotNil and: [nowTick >= activeDelay resumptionTick] ]
					whileTrue: [
						activeDelay timingPrioritySignalExpired.
						activeDelay := suspendedDelays removeFirstOrNil ].
		]
	] in DelaySemaphoreScheduler(DelayBasicScheduler)>>runBackendLoopAtTimingPriority
FullBlockClosure(BlockClosure)>>ensure:
DelaySemaphoreScheduler(DelayBasicScheduler)>>runBackendLoopAtTimingPriority
[ self runBackendLoopAtTimingPriority ] in DelaySemaphoreScheduler(DelayBasicScheduler)>>startTimerEventLoopPriority:
[self value.
			"IMPORTANT: Do not step over next line of code. See method comments for details"
			Processor terminateRealActive] in FullBlockClosure(BlockClosure)>>newProcess
------------------------------

Process: a Process in MorphicRenderLoop>>doOneCycleWhile:
  stack:

MorphicRenderLoop>>doOneCycleWhile:
[ MorphicRenderLoop new doOneCycleWhile: [ true ] ] in MorphicUIManager>>spawnNewProcess
[self value.
			"IMPORTANT: Do not step over next line of code. See method comments for details"
			Processor terminateRealActive] in FullBlockClosure(BlockClosure)>>newProcess
------------------------------

Process: a Process in Process>>endProcess
  stack:

Process>>endProcess
------------------------------

Process: a Process in Process>>endProcess
  stack:

Process>>endProcess
------------------------------

Process: a Process in Process>>endProcess
  stack:

Process>>endProcess
------------------------------

Process: a Process in Process>>endProcess
  stack:

Process>>endProcess
------------------------------

Process: a Process in Process>>endProcess
  stack:

Process>>endProcess
------------------------------

Process: a Process in SmalltalkImage>>lowSpaceWatcher
  stack:

SmalltalkImage>>lowSpaceWatcher
[ self lowSpaceWatcher ] in SmalltalkImage>>installLowSpaceWatcher
[self value.
			"IMPORTANT: Do not step over next line of code. See method comments for details"
			Processor terminateRealActive] in FullBlockClosure(BlockClosure)>>newProcess
------------------------------

Process: a Process in [self value.
			"IMPORTANT: Do not step over next line of code. See method comments for details"
			Processor terminateRealActive] in FullBlockClosure(BlockClosure)>>newProcess
  stack:

[self value.
			"IMPORTANT: Do not step over next line of code. See method comments for details"
			Processor terminateRealActive] in FullBlockClosure(BlockClosure)>>newProcess
------------------------------

Process: a Process in FinalizationProcess class>>finalizationProcess
  stack:

FinalizationProcess class>>finalizationProcess
[self finalizationProcess] in FinalizationProcess class>>restartFinalizationProcess
[self value.
			"IMPORTANT: Do not step over next line of code. See method comments for details"
			Processor terminateRealActive] in FullBlockClosure(BlockClosure)>>newProcess
------------------------------

Process: a Process in nil
  stack:

Array(SequenceableCollection)>>do:
[:logger |
		logger nextPutAll: 'Processes and their stacks: ';cr.

		Process allInstances do: [:each | | ctx |
			logger nextPutAll: 'Process: '; print: each; cr; nextPutAll: '  stack:'; cr; cr.

			ctx := each isActive ifTrue: [ thisContext sender ] ifFalse: [ each suspendedContext ].
			ctx ifNotNil: [
				(ctx stackOfSize: 20) do: [:s | logger print: s; cr ]].
			logger nextPutAll: '------------------------------'; cr; cr.
		]] in [ Smalltalk
		logError: aString
		inContext: aContext.

	" Print stacks of all current processes "

	Smalltalk logDuring: [:logger |
		logger nextPutAll: 'Processes and their stacks: ';cr.

		Process allInstances do: [:each | | ctx |
			logger nextPutAll: 'Process: '; print: each; cr; nextPutAll: '  stack:'; cr; cr.

			ctx := each isActive ifTrue: [ thisContext sender ] ifFalse: [ each suspendedContext ].
			ctx ifNotNil: [
				(ctx stackOfSize: 20) do: [:s | logger print: s; cr ]].
			logger nextPutAll: '------------------------------'; cr; cr.
		]].
	] in NonInteractiveUIManager(CommandLineUIManager)>>quitFrom:withMessage:
[
		logStream := self openLog.
		aMonadicBlock value: logStream.
	] in SmalltalkImage>>logDuring:
FullBlockClosure(BlockClosure)>>ensure:
SmalltalkImage>>logDuring:
[ Smalltalk
		logError: aString
		inContext: aContext.

	" Print stacks of all current processes "

	Smalltalk logDuring: [:logger |
		logger nextPutAll: 'Processes and their stacks: ';cr.

		Process allInstances do: [:each | | ctx |
			logger nextPutAll: 'Process: '; print: each; cr; nextPutAll: '  stack:'; cr; cr.

			ctx := each isActive ifTrue: [ thisContext sender ] ifFalse: [ each suspendedContext ].
			ctx ifNotNil: [
				(ctx stackOfSize: 20) do: [:s | logger print: s; cr ]].
			logger nextPutAll: '------------------------------'; cr; cr.
		]].
	] in NonInteractiveUIManager(CommandLineUIManager)>>quitFrom:withMessage:
FullBlockClosure(BlockClosure)>>ensure:
NonInteractiveUIManager(CommandLineUIManager)>>quitFrom:withMessage:
NonInteractiveUIManager(CommandLineUIManager)>>handleError:log:
NonInteractiveUIManager(UIManager)>>handleError:
Process>>handleError:
OCCodeError(Exception)>>unhandledErrorAction
UnhandledError>>defaultAction
UndefinedObject>>handleSignal:
Context>>handleSignal:
Context>>handleSignal:
Context>>handleSignal:
UnhandledError(Exception)>>signal
UnhandledError class>>signalForException:
OCCodeError(Exception)>>raiseUnhandledError
------------------------------

Process: a Process in Process>>endProcess
  stack:

Process>>endProcess
------------------------------

Process: a Process in Process>>endProcess
  stack:

Process>>endProcess
------------------------------

Process: a Process in Process>>endProcess
  stack:

Process>>endProcess
------------------------------

Process: a Process in [
		[ true ] whileTrue: [
			semaphore wait.
			[self executeCallback: self nextPendingCallback]
				on: Exception fork:  [:ex | ex pass ] ] ] in TFCallbackQueue>>forkCallbackProcess
  stack:

[
		[ true ] whileTrue: [
			semaphore wait.
			[self executeCallback: self nextPendingCallback]
				on: Exception fork:  [:ex | ex pass ] ] ] in TFCallbackQueue>>forkCallbackProcess
[self value.
			"IMPORTANT: Do not step over next line of code. See method comments for details"
			Processor terminateRealActive] in FullBlockClosure(BlockClosure)>>newProcess
------------------------------

Process: a Process in Process>>endProcess
  stack:

Process>>endProcess
------------------------------


===============================================================================
Notice: Errors in script loaded from Ride.st
===============================================================================
THERE_BE_DRAGONS_HERE
Instance of Ride class did not understand #methodsFor:
3 October 2026 6:11:39.102362 am

VM: Mac OS - arm64 - 1000 - CoInterpreter VMMaker-tonel.1 uuid: 80e43a52-2018-0e00-bce4-820906d86bc4 Sep 18 2026
StackToRegisterMappingCogit VMMaker-tonel.1 uuid: 80e43a52-2018-0e00-bce4-820906d86bc4 Sep 18 2026
v10.3.11+0.a585304b1 - Commit: a585304b1 - Date: 2026-09-16 09:19:54 +0200

Image: Pharo13.1.0SNAPSHOT [Build information: Pharo-13.1.0+SNAPSHOT.build.749.sha.d7c6f761d5445e8b04a0aa5137e0d546ad9bcd89 (64 Bit)]

Ride class(Object)>>doesNotUnderstand: #methodsFor:
	Receiver: Ride
	Arguments and temporary variables: 
		aMessage: 	methodsFor: 'accessing'
		exception: 	Instance of Ride class did not understand #methodsFor:
		resumeValue: 	nil
	Receiver's instance variables: 
		superclass: 	Object
		methodDict: 	a MethodDictionary(#initializeWithID:pickup:dropoff:distance:->[..]
		format: 	65540
		layout: 	a FixedLayout
		protocols: 	an Array(Protocol (initialization) - 1 selector(s))
		subclasses: 	nil
		name: 	#Ride
		classPool: 	nil
		sharedPools: 	an OrderedCollection()
		environment: 	a SystemEnvironment(lots of globals)
		commentSourcePointer: 	nil
		packageTag: 	a PackageTag(Uncategorized)


UndefinedObject>>DoIt
	Receiver: nil
	Arguments and temporary variables: 
x
	Receiver's instance variables: 
nil

OCReceiverDoItSemanticScope(OCDoItSemanticScope)>>evaluateDoIt:
	Receiver: an OCReceiverDoItSemanticScope
	Arguments and temporary variables: 
		doItMethod: 	UndefinedObject>>#DoIt
	Receiver's instance variables: 
		outerScope: 	nil
		targetReceiver: 	nil


OpalCompiler>>evaluate
	Receiver: an OpalCompiler
	Arguments and temporary variables: 
		value: 	nil
		doItMethod: 	UndefinedObject>>#DoIt
	Receiver's instance variables: 
		ast: 	DoIt

	Ride methodsFor: 'accessing'
		source: 	'Ride methodsFor: ''accessing'''
		compilationContext: 	an OCCompilationContext
		compilationContextClass: 	nil
		permitFaulty: 	false
		permitUndeclared: 	false
		failBlock: 	nil
		logged: 	true
		changeStamp: 	nil
		protocol: 	nil
		requestor: 	nil
		priorMethod: 	nil


DoItChunk>>importFor:logSource:
	Receiver: a DoItChunk(Ride methodsFor: 'accessing')
	Arguments and temporary variables: 
		requestor: 	nil
		logSource: 	true
		ast: 	OCMessageNode(Ride methodsFor: 'accessing')
	Receiver's instance variables: 
		contents: 	'Ride methodsFor: ''accessing'''


[ :declaration |
		value := declaration importFor: nil logSource: logSource  ] in CodeImporter>>evaluate
	Receiver: a CodeImporter
	Arguments and temporary variables: 
		value: 	#initializeWithID:pickup:dropoff:distance:
		declaration: 	a DoItChunk(Ride methodsFor: 'accessing')
	Receiver's instance variables: 
		readStream: 	a ZnCharacterReadStream
		codeDeclarations: 	an OrderedCollection(a DoItChunk(Object subclass: #Ride
 [..]
		parserClass: 	ChunkFileFormatParser
		logSource: 	true


OrderedCollection>>do:
	Receiver: an OrderedCollection(a DoItChunk(Object subclass: #Ride
    instanceVariableNames: 'ri[..]
	Arguments and temporary variables: 
		aBlock: 	[ :declaration |
		value := declaration importFor: nil logSource: l[..]
		index: 	3
	Receiver's instance variables: 
		array: 	an Array(a DoItChunk(Object subclass: #Ride
    instanceVariableName[..]
		firstIndex: 	1
		lastIndex: 	9


CodeImporter>>evaluate
	Receiver: a CodeImporter
	Arguments and temporary variables: 
		value: 	#initializeWithID:pickup:dropoff:distance:
	Receiver's instance variables: 
		readStream: 	a ZnCharacterReadStream
		codeDeclarations: 	an OrderedCollection(a DoItChunk(Object subclass: #Ride
 [..]
		parserClass: 	ChunkFileFormatParser
		logSource: 	true


[ codeImporter evaluate ] in STCommandLineHandler>>installSourceFile:
	Receiver: a STCommandLineHandler
	Arguments and temporary variables: 
		aReference: 	a File
		codeImporter: 	a CodeImporter
	Receiver's instance variables: 
		commandLine: 	a CommandLineArguments
		session: 	a WorkingSession
		stdout: 	a VTermOutputDriver
		stderr: 	a VTermOutputDriver
		sourceFiles: 	an OrderedCollection(a File a File a File a File a File a File)


FullBlockClosure(BlockClosure)>>on:do:
	Receiver: [ codeImporter evaluate ]
	Arguments and temporary variables: 
		exception: 	Error
		handlerAction: 	[ :e | self handleError: e reference: aReference ]
	Receiver's instance variables: 
		outerContext: 	STCommandLineHandler>>installSourceFile:
		compiledBlock: 	a CompiledBlock: [ codeImporter evaluate ]
		numArgs: 	0
		receiver: 	a STCommandLineHandler


STCommandLineHandler>>handleErrorsDuring:reference:
	Receiver: a STCommandLineHandler
	Arguments and temporary variables: 
		aBlock: 	[ codeImporter evaluate ]
		aReference: 	a File
	Receiver's instance variables: 
		commandLine: 	a CommandLineArguments
		session: 	a WorkingSession
		stdout: 	a VTermOutputDriver
		stderr: 	a VTermOutputDriver
		sourceFiles: 	an OrderedCollection(a File a File a File a File a File a File)


STCommandLineHandler>>installSourceFile:
	Receiver: a STCommandLineHandler
	Arguments and temporary variables: 
		codeImporter: 	a CodeImporter
		aReference: 	a File
	Receiver's instance variables: 
		commandLine: 	a CommandLineArguments
		session: 	a WorkingSession
		stdout: 	a VTermOutputDriver
		stderr: 	a VTermOutputDriver
		sourceFiles: 	an OrderedCollection(a File a File a File a File a File a File)


[ :reference |
		self installSourceFile: reference ] in [ sourceFiles do: [ :reference |
		self installSourceFile: reference ]
	] in STCommandLineHandler>>installSourceFiles
	Receiver: a STCommandLineHandler
	Arguments and temporary variables: 
		reference: 	a File
	Receiver's instance variables: 
		commandLine: 	a CommandLineArguments
		session: 	a WorkingSession
		stdout: 	a VTermOutputDriver
		stderr: 	a VTermOutputDriver
		sourceFiles: 	an OrderedCollection(a File a File a File a File a File a File)


OrderedCollection>>do:
	Receiver: an OrderedCollection(a File a File a File a File a File a File)
	Arguments and temporary variables: 
		aBlock: 	[ :reference |
		self installSourceFile: reference ]
		index: 	1
	Receiver's instance variables: 
		array: 	an Array(a File a File a File a File a File a File)
		firstIndex: 	1
		lastIndex: 	6


[ sourceFiles do: [ :reference |
		self installSourceFile: reference ]
	] in STCommandLineHandler>>installSourceFiles
	Receiver: a STCommandLineHandler
	Arguments and temporary variables: 
x
	Receiver's instance variables: 
		commandLine: 	a CommandLineArguments
		session: 	a WorkingSession
		stdout: 	a VTermOutputDriver
		stderr: 	a VTermOutputDriver
		sourceFiles: 	an OrderedCollection(a File a File a File a File a File a File)


FullBlockClosure(BlockClosure)>>ensure:
	Receiver: [ sourceFiles do: [ :reference |
		self installSourceFile: reference ]
	]
	Arguments and temporary variables: 
		aBlock: 	[ sourceFiles := nil ]
		handler: 	[ sourceFiles := nil ]
		complete: 	nil
		returnValue: 	nil
	Receiver's instance variables: 
		outerContext: 	STCommandLineHandler>>installSourceFiles
		compiledBlock: 	a CompiledBlock: [ sourceFiles do: [ :reference |
		self ins[..]
		numArgs: 	0
		receiver: 	a STCommandLineHandler


STCommandLineHandler>>installSourceFiles
	Receiver: a STCommandLineHandler
	Arguments and temporary variables: 
x
	Receiver's instance variables: 
		commandLine: 	a CommandLineArguments
		session: 	a WorkingSession
		stdout: 	a VTermOutputDriver
		stderr: 	a VTermOutputDriver
		sourceFiles: 	an OrderedCollection(a File a File a File a File a File a File)


STCommandLineHandler>>activate
	Receiver: a STCommandLineHandler
	Arguments and temporary variables: 
x
	Receiver's instance variables: 
		commandLine: 	a CommandLineArguments
		session: 	a WorkingSession
		stdout: 	a VTermOutputDriver
		stderr: 	a VTermOutputDriver
		sourceFiles: 	an OrderedCollection(a File a File a File a File a File a File)


STCommandLineHandler class(CommandLineHandler class)>>activateWith:
	Receiver: STCommandLineHandler
	Arguments and temporary variables: 
		aCommandLine: 	a CommandLineArguments
	Receiver's instance variables: 
		superclass: 	CommandLineHandler
		methodDict: 	a MethodDictionary(#activate->STCommandLineHandler>>#activate #[..]
		format: 	65541
		layout: 	a FixedLayout
		protocols: 	an Array(Protocol (private) - 3 selector(s) Protocol (installing[..]
		subclasses: 	{EvaluateCommandLineHandler}
		name: 	#STCommandLineHandler
		classPool: 	nil
		sharedPools: 	an OrderedCollection()
		environment: 	a SystemEnvironment(lots of globals)
		commentSourcePointer: 	60986524
		packageTag: 	a PackageTag(Base)


[ aCommandLinehandler activateWith: commandLine ] in PharoCommandLineHandler(BasicCommandLineHandler)>>activateSubCommand:
	Receiver: a PharoCommandLineHandler
	Arguments and temporary variables: 
		aCommandLinehandler: 	STCommandLineHandler
	Receiver's instance variables: 
		commandLine: 	a CommandLineArguments
		session: 	a WorkingSession
		stdout: 	a VTermOutputDriver
		stderr: 	a VTermOutputDriver


FullBlockClosure(BlockClosure)>>on:do:
	Receiver: [ aCommandLinehandler activateWith: commandLine ]
	Arguments and temporary variables: 
		exception: 	Exit
		handlerAction: 	[ :exit |
		^ self handleExit: exit for: aCommandLinehandler ]
	Receiver's instance variables: 
		outerContext: 	PharoCommandLineHandler(BasicCommandLineHandler)>>activateSub[..]
		compiledBlock: 	a CompiledBlock: [ aCommandLinehandler activateWith: command[..]
		numArgs: 	0
		receiver: 	a PharoCommandLineHandler


PharoCommandLineHandler(BasicCommandLineHandler)>>activateSubCommand:
	Receiver: a PharoCommandLineHandler
	Arguments and temporary variables: 
		aCommandLinehandler: 	STCommandLineHandler
	Receiver's instance variables: 
		commandLine: 	a CommandLineArguments
		session: 	a WorkingSession
		stdout: 	a VTermOutputDriver
		stderr: 	a VTermOutputDriver


PharoCommandLineHandler(BasicCommandLineHandler)>>handleSubcommand
	Receiver: a PharoCommandLineHandler
	Arguments and temporary variables: 
		handlers: 	an OrderedCollection(STCommandLineHandler)
	Receiver's instance variables: 
		commandLine: 	a CommandLineArguments
		session: 	a WorkingSession
		stdout: 	a VTermOutputDriver
		stderr: 	a VTermOutputDriver


PharoCommandLineHandler(BasicCommandLineHandler)>>handleArgument:
	Receiver: a PharoCommandLineHandler
	Arguments and temporary variables: 
		aString: 	'st'
	Receiver's instance variables: 
		commandLine: 	a CommandLineArguments
		session: 	a WorkingSession
		stdout: 	a VTermOutputDriver
		stderr: 	a VTermOutputDriver


[ self handleArgument: self firstArgument ] in [ [ self handleArgument: self firstArgument ]
		on: Exit
		do: [ :exit |
			"If the command line is protected by password, we just exit the image because in non-headless mode the handleExit will let the image open. If the password protection is enabled, it is to avoid to let the access to the image."
			self class commandLinePasswordManager hasPasswordSet
				ifTrue: [ Smalltalk snapshot: false andQuit: true ].
			self handleExit: exit ] ] in PharoCommandLineHandler(BasicCommandLineHandler)>>activate
	Receiver: a PharoCommandLineHandler
	Arguments and temporary variables: 
x
	Receiver's instance variables: 
		commandLine: 	a CommandLineArguments
		session: 	a WorkingSession
		stdout: 	a VTermOutputDriver
		stderr: 	a VTermOutputDriver


FullBlockClosure(BlockClosure)>>on:do:
	Receiver: [ self handleArgument: self firstArgument ]
	Arguments and temporary variables: 
		exception: 	Exit
		handlerAction: 	[ :exit |
			"If the command line is protected by password, [..]
	Receiver's instance variables: 
		outerContext: 	[ [ self handleArgument: self firstArgument ]
		on: Exit
		do[..]
		compiledBlock: 	a CompiledBlock: [ self handleArgument: self firstArgument ]
		numArgs: 	0
		receiver: 	a PharoCommandLineHandler


[ [ self handleArgument: self firstArgument ]
		on: Exit
		do: [ :exit |
			"If the command line is protected by password, we just exit the image because in non-headless mode the handleExit will let the image open. If the password protection is enabled, it is to avoid to let the access to the image."
			self class commandLinePasswordManager hasPasswordSet
				ifTrue: [ Smalltalk snapshot: false andQuit: true ].
			self handleExit: exit ] ] in PharoCommandLineHandler(BasicCommandLineHandler)>>activate
	Receiver: a PharoCommandLineHandler
	Arguments and temporary variables: 
x
	Receiver's instance variables: 
		commandLine: 	a CommandLineArguments
		session: 	a WorkingSession
		stdout: 	a VTermOutputDriver
		stderr: 	a VTermOutputDriver


[self value.
			"IMPORTANT: Do not step over next line of code. See method comments for details"
			Processor terminateRealActive] in FullBlockClosure(BlockClosure)>>newProcess
	Receiver: [ [ self handleArgument: self firstArgument ]
		on: Exit
		do: [ :exit |
			"If the co[..]
	Arguments and temporary variables: 
x
	Receiver's instance variables: 
		outerContext: 	PharoCommandLineHandler(BasicCommandLineHandler)>>activate
		compiledBlock: 	a CompiledBlock: [ [ self handleArgument: self firstArgument[..]
		numArgs: 	0
		receiver: 	a PharoCommandLineHandler



--- The full stack ---
Ride class(Object)>>doesNotUnderstand: #methodsFor:
UndefinedObject>>DoIt
OCReceiverDoItSemanticScope(OCDoItSemanticScope)>>evaluateDoIt:
OpalCompiler>>evaluate
DoItChunk>>importFor:logSource:
[ :declaration |
		value := declaration importFor: nil logSource: logSource  ] in CodeImporter>>evaluate
OrderedCollection>>do:
CodeImporter>>evaluate
[ codeImporter evaluate ] in STCommandLineHandler>>installSourceFile:
FullBlockClosure(BlockClosure)>>on:do:
STCommandLineHandler>>handleErrorsDuring:reference:
STCommandLineHandler>>installSourceFile:
[ :reference |
		self installSourceFile: reference ] in [ sourceFiles do: [ :reference |
		self installSourceFile: reference ]
	] in STCommandLineHandler>>installSourceFiles
OrderedCollection>>do:
[ sourceFiles do: [ :reference |
		self installSourceFile: reference ]
	] in STCommandLineHandler>>installSourceFiles
FullBlockClosure(BlockClosure)>>ensure:
STCommandLineHandler>>installSourceFiles
STCommandLineHandler>>activate
STCommandLineHandler class(CommandLineHandler class)>>activateWith:
[ aCommandLinehandler activateWith: commandLine ] in PharoCommandLineHandler(BasicCommandLineHandler)>>activateSubCommand:
FullBlockClosure(BlockClosure)>>on:do:
PharoCommandLineHandler(BasicCommandLineHandler)>>activateSubCommand:
PharoCommandLineHandler(BasicCommandLineHandler)>>handleSubcommand
PharoCommandLineHandler(BasicCommandLineHandler)>>handleArgument:
[ self handleArgument: self firstArgument ] in [ [ self handleArgument: self firstArgument ]
		on: Exit
		do: [ :exit |
			"If the command line is protected by password, we just exit the image because in non-headless mode the handleExit will let the image open. If the password protection is enabled, it is to avoid to let the access to the image."
			self class commandLinePasswordManager hasPasswordSet
				ifTrue: [ Smalltalk snapshot: false andQuit: true ].
			self handleExit: exit ] ] in PharoCommandLineHandler(BasicCommandLineHandler)>>activate
FullBlockClosure(BlockClosure)>>on:do:
[ [ self handleArgument: self firstArgument ]
		on: Exit
		do: [ :exit |
			"If the command line is protected by password, we just exit the image because in non-headless mode the handleExit will let the image open. If the password protection is enabled, it is to avoid to let the access to the image."
			self class commandLinePasswordManager hasPasswordSet
				ifTrue: [ Smalltalk snapshot: false andQuit: true ].
			self handleExit: exit ] ] in PharoCommandLineHandler(BasicCommandLineHandler)>>activate
[self value.
			"IMPORTANT: Do not step over next line of code. See method comments for details"
			Processor terminateRealActive] in FullBlockClosure(BlockClosure)>>newProcess
-------------------------------------------------------------------------------

Processes and their stacks: 
Process: a Process in AtomicSharedQueue>>waitForNewItems
  stack:

AtomicSharedQueue>>waitForNewItems
AtomicSharedQueue>>next
TKTWorkerProcess>>privateNextTask
TKTWorkerProcess>>workerLoop
MessageSend>>value
[ aValuable value ] in TKTPharoProcessProvider>>createProcessDoing:named:
[self value.
			"IMPORTANT: Do not step over next line of code. See method comments for details"
			Processor terminateRealActive] in FullBlockClosure(BlockClosure)>>newProcess
------------------------------

Process: a Process in AtomicSharedQueue>>waitForNewItems
  stack:

AtomicSharedQueue>>waitForNewItems
AtomicSharedQueue>>next
TKTWorkerProcess>>privateNextTask
TKTWorkerProcess>>workerLoop
MessageSend>>value
[ aValuable value ] in TKTPharoProcessProvider>>createProcessDoing:named:
[self value.
			"IMPORTANT: Do not step over next line of code. See method comments for details"
			Processor terminateRealActive] in FullBlockClosure(BlockClosure)>>newProcess
------------------------------

Process: a Process in DelayMicrosecondTicker>>waitForUserSignalled:orExpired:
  stack:

DelayMicrosecondTicker>>waitForUserSignalled:orExpired:
[  [runTimerEventLoop] whileTrue:
		[	|nowTick|
			"Warning! Stepping <Over> the following line may lock the Image. Use <Into> or <Proceed>."
		 	ticker waitForUserSignalled: timingSemaphore orExpired: activeDelay.

			"Invoke the api back-ends, which set the transfer-variable to nil"
			suspendSemaphore ifNotNil: [ self suspendAtTimingPriority    ].
			delayToStart     ifNotNil: [ self scheduleAtTimingPriority   ].
			delayToStop      ifNotNil: [ self unscheduleAtTimingPriority ].

			"Signal any expired delays"
			nowTick := ticker nowTick.
			[ 	activeDelay isNotNil and: [nowTick >= activeDelay resumptionTick] ]
					whileTrue: [
						activeDelay timingPrioritySignalExpired.
						activeDelay := suspendedDelays removeFirstOrNil ].
		]
	] in DelaySemaphoreScheduler(DelayBasicScheduler)>>runBackendLoopAtTimingPriority
FullBlockClosure(BlockClosure)>>ensure:
DelaySemaphoreScheduler(DelayBasicScheduler)>>runBackendLoopAtTimingPriority
[ self runBackendLoopAtTimingPriority ] in DelaySemaphoreScheduler(DelayBasicScheduler)>>startTimerEventLoopPriority:
[self value.
			"IMPORTANT: Do not step over next line of code. See method comments for details"
			Processor terminateRealActive] in FullBlockClosure(BlockClosure)>>newProcess
------------------------------

Process: a Process in MorphicRenderLoop>>doOneCycleWhile:
  stack:

MorphicRenderLoop>>doOneCycleWhile:
[ MorphicRenderLoop new doOneCycleWhile: [ true ] ] in MorphicUIManager>>spawnNewProcess
[self value.
			"IMPORTANT: Do not step over next line of code. See method comments for details"
			Processor terminateRealActive] in FullBlockClosure(BlockClosure)>>newProcess
------------------------------

Process: a Process in Process>>endProcess
  stack:

Process>>endProcess
------------------------------

Process: a Process in Process>>endProcess
  stack:

Process>>endProcess
------------------------------

Process: a Process in Process>>endProcess
  stack:

Process>>endProcess
------------------------------

Process: a Process in Process>>endProcess
  stack:

Process>>endProcess
------------------------------

Process: a Process in Process>>endProcess
  stack:

Process>>endProcess
------------------------------

Process: a Process in SmalltalkImage>>lowSpaceWatcher
  stack:

SmalltalkImage>>lowSpaceWatcher
[ self lowSpaceWatcher ] in SmalltalkImage>>installLowSpaceWatcher
[self value.
			"IMPORTANT: Do not step over next line of code. See method comments for details"
			Processor terminateRealActive] in FullBlockClosure(BlockClosure)>>newProcess
------------------------------

Process: a Process in [self value.
			"IMPORTANT: Do not step over next line of code. See method comments for details"
			Processor terminateRealActive] in FullBlockClosure(BlockClosure)>>newProcess
  stack:

[self value.
			"IMPORTANT: Do not step over next line of code. See method comments for details"
			Processor terminateRealActive] in FullBlockClosure(BlockClosure)>>newProcess
------------------------------

Process: a Process in FinalizationProcess class>>finalizationProcess
  stack:

FinalizationProcess class>>finalizationProcess
[self finalizationProcess] in FinalizationProcess class>>restartFinalizationProcess
[self value.
			"IMPORTANT: Do not step over next line of code. See method comments for details"
			Processor terminateRealActive] in FullBlockClosure(BlockClosure)>>newProcess
------------------------------

Process: a Process in nil
  stack:

Array(SequenceableCollection)>>do:
[:logger |
		logger nextPutAll: 'Processes and their stacks: ';cr.

		Process allInstances do: [:each | | ctx |
			logger nextPutAll: 'Process: '; print: each; cr; nextPutAll: '  stack:'; cr; cr.

			ctx := each isActive ifTrue: [ thisContext sender ] ifFalse: [ each suspendedContext ].
			ctx ifNotNil: [
				(ctx stackOfSize: 20) do: [:s | logger print: s; cr ]].
			logger nextPutAll: '------------------------------'; cr; cr.
		]] in [ Smalltalk
		logError: aString
		inContext: aContext.

	" Print stacks of all current processes "

	Smalltalk logDuring: [:logger |
		logger nextPutAll: 'Processes and their stacks: ';cr.

		Process allInstances do: [:each | | ctx |
			logger nextPutAll: 'Process: '; print: each; cr; nextPutAll: '  stack:'; cr; cr.

			ctx := each isActive ifTrue: [ thisContext sender ] ifFalse: [ each suspendedContext ].
			ctx ifNotNil: [
				(ctx stackOfSize: 20) do: [:s | logger print: s; cr ]].
			logger nextPutAll: '------------------------------'; cr; cr.
		]].
	] in NonInteractiveUIManager(CommandLineUIManager)>>quitFrom:withMessage:
[
		logStream := self openLog.
		aMonadicBlock value: logStream.
	] in SmalltalkImage>>logDuring:
FullBlockClosure(BlockClosure)>>ensure:
SmalltalkImage>>logDuring:
[ Smalltalk
		logError: aString
		inContext: aContext.

	" Print stacks of all current processes "

	Smalltalk logDuring: [:logger |
		logger nextPutAll: 'Processes and their stacks: ';cr.

		Process allInstances do: [:each | | ctx |
			logger nextPutAll: 'Process: '; print: each; cr; nextPutAll: '  stack:'; cr; cr.

			ctx := each isActive ifTrue: [ thisContext sender ] ifFalse: [ each suspendedContext ].
			ctx ifNotNil: [
				(ctx stackOfSize: 20) do: [:s | logger print: s; cr ]].
			logger nextPutAll: '------------------------------'; cr; cr.
		]].
	] in NonInteractiveUIManager(CommandLineUIManager)>>quitFrom:withMessage:
FullBlockClosure(BlockClosure)>>ensure:
NonInteractiveUIManager(CommandLineUIManager)>>quitFrom:withMessage:
NonInteractiveUIManager(CommandLineUIManager)>>handleError:log:
NonInteractiveUIManager(UIManager)>>handleError:
Process>>handleError:
MessageNotUnderstood(Exception)>>unhandledErrorAction
UnhandledError>>defaultAction
UndefinedObject>>handleSignal:
Context>>handleSignal:
Context>>handleSignal:
Context>>handleSignal:
UnhandledError(Exception)>>signal
UnhandledError class>>signalForException:
MessageNotUnderstood(Exception)>>raiseUnhandledError
------------------------------

Process: a Process in [delaySemaphore wait] in Delay>>wait
  stack:

[delaySemaphore wait] in Delay>>wait
FullBlockClosure(BlockClosure)>>ifCurtailed:
Delay>>wait
Duration>>wait
[
		"Loop until enough time passed since last #schedule"
		[ DateAndTime now < (lastSchedule + duration) ]
			whileTrue: [ duration wait ].

		"Execute deferred action (if not flushed before) and clean up"
		self flush.
	] in OmDeferrer>>runMessageProcess
[self value.
			"IMPORTANT: Do not step over next line of code. See method comments for details"
			Processor terminateRealActive] in FullBlockClosure(BlockClosure)>>newProcess
------------------------------

Process: a Process in Process>>endProcess
  stack:

Process>>endProcess
------------------------------

Process: a Process in Process>>endProcess
  stack:

Process>>endProcess
------------------------------

Process: a Process in Process>>endProcess
  stack:

Process>>endProcess
------------------------------

Process: a Process in [
		[ true ] whileTrue: [
			semaphore wait.
			[self executeCallback: self nextPendingCallback]
				on: Exception fork:  [:ex | ex pass ] ] ] in TFCallbackQueue>>forkCallbackProcess
  stack:

[
		[ true ] whileTrue: [
			semaphore wait.
			[self executeCallback: self nextPendingCallback]
				on: Exception fork:  [:ex | ex pass ] ] ] in TFCallbackQueue>>forkCallbackProcess
[self value.
			"IMPORTANT: Do not step over next line of code. See method comments for details"
			Processor terminateRealActive] in FullBlockClosure(BlockClosure)>>newProcess
------------------------------

Process: a Process in Process>>endProcess
  stack:

Process>>endProcess
------------------------------


===============================================================================
Notice: Errors in script loaded from Ride.st
===============================================================================
THERE_BE_DRAGONS_HERE
OCCodeError:OCUndeclaredVariableNotice UndefinedObject>>#DoIt 156:Undeclared variable->Ride
3 October 2026 6:13:51.333942 am

VM: Mac OS - arm64 - 1000 - CoInterpreter VMMaker-tonel.1 uuid: 80e43a52-2018-0e00-bce4-820906d86bc4 Sep 18 2026
StackToRegisterMappingCogit VMMaker-tonel.1 uuid: 80e43a52-2018-0e00-bce4-820906d86bc4 Sep 18 2026
v10.3.11+0.a585304b1 - Commit: a585304b1 - Date: 2026-09-16 09:19:54 +0200

Image: Pharo13.1.0SNAPSHOT [Build information: Pharo-13.1.0+SNAPSHOT.build.749.sha.d7c6f761d5445e8b04a0aa5137e0d546ad9bcd89 (64 Bit)]

OCUndeclaredVariableNotice(OCNotice)>>signalError
	Receiver: OCUndeclaredVariableNotice(156:Undeclared variable)
	Arguments and temporary variables: 
x
	Receiver's instance variables: 
		messageText: 	'Undeclared variable'
		node: 	OCVariableNode(Ride)


OpalCompiler>>checkNotice:
	Receiver: an OpalCompiler
	Arguments and temporary variables: 
		aNotice: 	OCUndeclaredVariableNotice(156:Undeclared variable)
	Receiver's instance variables: 
		ast: 	DoIt

	Object
		subclass: #Ride
		instanceVariableNames:
		'rideID pic[..]
		source: 	'Object subclass: #Ride
    instanceVariableNames: ''rideID pickupL[..]
		compilationContext: 	an OCCompilationContext
		compilationContextClass: 	nil
		permitFaulty: 	false
		permitUndeclared: 	false
		failBlock: 	nil
		logged: 	true
		changeStamp: 	nil
		protocol: 	nil
		requestor: 	nil
		priorMethod: 	nil


[ :n |
			| check |
			check := self checkNotice: n.
			check ifNil: [ ^ ast ].
			check ifFalse: [
				ast := nil.
				^ self failBlock ifNotNil: [ :block | block cull: n ] ifNil: [ nil ].
				] ] in OpalCompiler>>parse
	Receiver: an OpalCompiler
	Arguments and temporary variables: 
		parser: 	an OCParser
		n: 	OCUndeclaredVariableNotice(156:Undeclared variable)
		check: 	nil
	Receiver's instance variables: 
		ast: 	DoIt

	Object
		subclass: #Ride
		instanceVariableNames:
		'rideID pic[..]
		source: 	'Object subclass: #Ride
    instanceVariableNames: ''rideID pickupL[..]
		compilationContext: 	an OCCompilationContext
		compilationContextClass: 	nil
		permitFaulty: 	false
		permitUndeclared: 	false
		failBlock: 	nil
		logged: 	true
		changeStamp: 	nil
		protocol: 	nil
		requestor: 	nil
		priorMethod: 	nil


OrderedCollection>>do:
	Receiver: an OrderedCollection(OCUndeclaredVariableNotice(156:Undeclared variable) OCUndeclaredV[..]
	Arguments and temporary variables: 
		aBlock: 	[ :n |
			| check |
			check := self checkNotice: n.
			check ifNil[..]
		index: 	1
	Receiver's instance variables: 
		array: 	an Array(OCUndeclaredVariableNotice(156:Undeclared variable) OCUndec[..]
		firstIndex: 	1
		lastIndex: 	6


OpalCompiler>>parse
	Receiver: an OpalCompiler
	Arguments and temporary variables: 
		parser: 	an OCParser
	Receiver's instance variables: 
		ast: 	DoIt

	Object
		subclass: #Ride
		instanceVariableNames:
		'rideID pic[..]
		source: 	'Object subclass: #Ride
    instanceVariableNames: ''rideID pickupL[..]
		compilationContext: 	an OCCompilationContext
		compilationContextClass: 	nil
		permitFaulty: 	false
		permitUndeclared: 	false
		failBlock: 	nil
		logged: 	true
		changeStamp: 	nil
		protocol: 	nil
		requestor: 	nil
		priorMethod: 	nil


OpalCompiler>>compile
	Receiver: an OpalCompiler
	Arguments and temporary variables: 
		result: 	nil
	Receiver's instance variables: 
		ast: 	DoIt

	Object
		subclass: #Ride
		instanceVariableNames:
		'rideID pic[..]
		source: 	'Object subclass: #Ride
    instanceVariableNames: ''rideID pickupL[..]
		compilationContext: 	an OCCompilationContext
		compilationContextClass: 	nil
		permitFaulty: 	false
		permitUndeclared: 	false
		failBlock: 	nil
		logged: 	true
		changeStamp: 	nil
		protocol: 	nil
		requestor: 	nil
		priorMethod: 	nil


OpalCompiler>>evaluate
	Receiver: an OpalCompiler
	Arguments and temporary variables: 
		value: 	nil
		doItMethod: 	nil
	Receiver's instance variables: 
		ast: 	DoIt

	Object
		subclass: #Ride
		instanceVariableNames:
		'rideID pic[..]
		source: 	'Object subclass: #Ride
    instanceVariableNames: ''rideID pickupL[..]
		compilationContext: 	an OCCompilationContext
		compilationContextClass: 	nil
		permitFaulty: 	false
		permitUndeclared: 	false
		failBlock: 	nil
		logged: 	true
		changeStamp: 	nil
		protocol: 	nil
		requestor: 	nil
		priorMethod: 	nil


DoItChunk>>importFor:logSource:
	Receiver: a DoItChunk(Object subclass: #Ride
    instanceVariableNames: 'rideID pickupLocation d[..]
	Arguments and temporary variables: 
		requestor: 	nil
		logSource: 	true
		ast: 	OCSequenceNode(Object
	subclass: #Ride
	instanceVariableNames:
	'rideI[..]
	Receiver's instance variables: 
		contents: 	'Object subclass: #Ride
    instanceVariableNames: ''rideID picku[..]


[ :declaration |
		value := declaration importFor: nil logSource: logSource  ] in CodeImporter>>evaluate
	Receiver: a CodeImporter
	Arguments and temporary variables: 
		value: 	nil
		declaration: 	a DoItChunk(Object subclass: #Ride
    instanceVariableNames: [..]
	Receiver's instance variables: 
		readStream: 	a ZnCharacterReadStream
		codeDeclarations: 	an OrderedCollection(a DoItChunk(Object subclass: #Ride
 [..]
		parserClass: 	ChunkFileFormatParser
		logSource: 	true


OrderedCollection>>do:
	Receiver: an OrderedCollection(a DoItChunk(Object subclass: #Ride
    instanceVariableNames: 'ri[..]
	Arguments and temporary variables: 
		aBlock: 	[ :declaration |
		value := declaration importFor: nil logSource: l[..]
		index: 	1
	Receiver's instance variables: 
		array: 	an Array(a DoItChunk(Object subclass: #Ride
    instanceVariableName[..]
		firstIndex: 	1
		lastIndex: 	1


CodeImporter>>evaluate
	Receiver: a CodeImporter
	Arguments and temporary variables: 
		value: 	nil
	Receiver's instance variables: 
		readStream: 	a ZnCharacterReadStream
		codeDeclarations: 	an OrderedCollection(a DoItChunk(Object subclass: #Ride
 [..]
		parserClass: 	ChunkFileFormatParser
		logSource: 	true


[ codeImporter evaluate ] in STCommandLineHandler>>installSourceFile:
	Receiver: a STCommandLineHandler
	Arguments and temporary variables: 
		aReference: 	a File
		codeImporter: 	a CodeImporter
	Receiver's instance variables: 
		commandLine: 	a CommandLineArguments
		session: 	a WorkingSession
		stdout: 	a VTermOutputDriver
		stderr: 	a VTermOutputDriver
		sourceFiles: 	an OrderedCollection(a File a File a File a File)


FullBlockClosure(BlockClosure)>>on:do:
	Receiver: [ codeImporter evaluate ]
	Arguments and temporary variables: 
		exception: 	Error
		handlerAction: 	[ :e | self handleError: e reference: aReference ]
	Receiver's instance variables: 
		outerContext: 	STCommandLineHandler>>installSourceFile:
		compiledBlock: 	a CompiledBlock: [ codeImporter evaluate ]
		numArgs: 	0
		receiver: 	a STCommandLineHandler


STCommandLineHandler>>handleErrorsDuring:reference:
	Receiver: a STCommandLineHandler
	Arguments and temporary variables: 
		aBlock: 	[ codeImporter evaluate ]
		aReference: 	a File
	Receiver's instance variables: 
		commandLine: 	a CommandLineArguments
		session: 	a WorkingSession
		stdout: 	a VTermOutputDriver
		stderr: 	a VTermOutputDriver
		sourceFiles: 	an OrderedCollection(a File a File a File a File)


STCommandLineHandler>>installSourceFile:
	Receiver: a STCommandLineHandler
	Arguments and temporary variables: 
		codeImporter: 	a CodeImporter
		aReference: 	a File
	Receiver's instance variables: 
		commandLine: 	a CommandLineArguments
		session: 	a WorkingSession
		stdout: 	a VTermOutputDriver
		stderr: 	a VTermOutputDriver
		sourceFiles: 	an OrderedCollection(a File a File a File a File)


[ :reference |
		self installSourceFile: reference ] in [ sourceFiles do: [ :reference |
		self installSourceFile: reference ]
	] in STCommandLineHandler>>installSourceFiles
	Receiver: a STCommandLineHandler
	Arguments and temporary variables: 
		reference: 	a File
	Receiver's instance variables: 
		commandLine: 	a CommandLineArguments
		session: 	a WorkingSession
		stdout: 	a VTermOutputDriver
		stderr: 	a VTermOutputDriver
		sourceFiles: 	an OrderedCollection(a File a File a File a File)


OrderedCollection>>do:
	Receiver: an OrderedCollection(a File a File a File a File)
	Arguments and temporary variables: 
		aBlock: 	[ :reference |
		self installSourceFile: reference ]
		index: 	1
	Receiver's instance variables: 
		array: 	an Array(a File a File a File a File)
		firstIndex: 	1
		lastIndex: 	4


[ sourceFiles do: [ :reference |
		self installSourceFile: reference ]
	] in STCommandLineHandler>>installSourceFiles
	Receiver: a STCommandLineHandler
	Arguments and temporary variables: 
x
	Receiver's instance variables: 
		commandLine: 	a CommandLineArguments
		session: 	a WorkingSession
		stdout: 	a VTermOutputDriver
		stderr: 	a VTermOutputDriver
		sourceFiles: 	an OrderedCollection(a File a File a File a File)


FullBlockClosure(BlockClosure)>>ensure:
	Receiver: [ sourceFiles do: [ :reference |
		self installSourceFile: reference ]
	]
	Arguments and temporary variables: 
		aBlock: 	[ sourceFiles := nil ]
		handler: 	[ sourceFiles := nil ]
		complete: 	nil
		returnValue: 	nil
	Receiver's instance variables: 
		outerContext: 	STCommandLineHandler>>installSourceFiles
		compiledBlock: 	a CompiledBlock: [ sourceFiles do: [ :reference |
		self ins[..]
		numArgs: 	0
		receiver: 	a STCommandLineHandler


STCommandLineHandler>>installSourceFiles
	Receiver: a STCommandLineHandler
	Arguments and temporary variables: 
x
	Receiver's instance variables: 
		commandLine: 	a CommandLineArguments
		session: 	a WorkingSession
		stdout: 	a VTermOutputDriver
		stderr: 	a VTermOutputDriver
		sourceFiles: 	an OrderedCollection(a File a File a File a File)


STCommandLineHandler>>activate
	Receiver: a STCommandLineHandler
	Arguments and temporary variables: 
x
	Receiver's instance variables: 
		commandLine: 	a CommandLineArguments
		session: 	a WorkingSession
		stdout: 	a VTermOutputDriver
		stderr: 	a VTermOutputDriver
		sourceFiles: 	an OrderedCollection(a File a File a File a File)


STCommandLineHandler class(CommandLineHandler class)>>activateWith:
	Receiver: STCommandLineHandler
	Arguments and temporary variables: 
		aCommandLine: 	a CommandLineArguments
	Receiver's instance variables: 
		superclass: 	CommandLineHandler
		methodDict: 	a MethodDictionary(#activate->STCommandLineHandler>>#activate #[..]
		format: 	65541
		layout: 	a FixedLayout
		protocols: 	an Array(Protocol (private) - 3 selector(s) Protocol (installing[..]
		subclasses: 	{EvaluateCommandLineHandler}
		name: 	#STCommandLineHandler
		classPool: 	nil
		sharedPools: 	an OrderedCollection()
		environment: 	a SystemEnvironment(lots of globals)
		commentSourcePointer: 	60986524
		packageTag: 	a PackageTag(Base)


[ aCommandLinehandler activateWith: commandLine ] in PharoCommandLineHandler(BasicCommandLineHandler)>>activateSubCommand:
	Receiver: a PharoCommandLineHandler
	Arguments and temporary variables: 
		aCommandLinehandler: 	STCommandLineHandler
	Receiver's instance variables: 
		commandLine: 	a CommandLineArguments
		session: 	a WorkingSession
		stdout: 	a VTermOutputDriver
		stderr: 	a VTermOutputDriver


FullBlockClosure(BlockClosure)>>on:do:
	Receiver: [ aCommandLinehandler activateWith: commandLine ]
	Arguments and temporary variables: 
		exception: 	Exit
		handlerAction: 	[ :exit |
		^ self handleExit: exit for: aCommandLinehandler ]
	Receiver's instance variables: 
		outerContext: 	PharoCommandLineHandler(BasicCommandLineHandler)>>activateSub[..]
		compiledBlock: 	a CompiledBlock: [ aCommandLinehandler activateWith: command[..]
		numArgs: 	0
		receiver: 	a PharoCommandLineHandler


PharoCommandLineHandler(BasicCommandLineHandler)>>activateSubCommand:
	Receiver: a PharoCommandLineHandler
	Arguments and temporary variables: 
		aCommandLinehandler: 	STCommandLineHandler
	Receiver's instance variables: 
		commandLine: 	a CommandLineArguments
		session: 	a WorkingSession
		stdout: 	a VTermOutputDriver
		stderr: 	a VTermOutputDriver


PharoCommandLineHandler(BasicCommandLineHandler)>>handleSubcommand
	Receiver: a PharoCommandLineHandler
	Arguments and temporary variables: 
		handlers: 	an OrderedCollection(STCommandLineHandler)
	Receiver's instance variables: 
		commandLine: 	a CommandLineArguments
		session: 	a WorkingSession
		stdout: 	a VTermOutputDriver
		stderr: 	a VTermOutputDriver


PharoCommandLineHandler(BasicCommandLineHandler)>>handleArgument:
	Receiver: a PharoCommandLineHandler
	Arguments and temporary variables: 
		aString: 	'st'
	Receiver's instance variables: 
		commandLine: 	a CommandLineArguments
		session: 	a WorkingSession
		stdout: 	a VTermOutputDriver
		stderr: 	a VTermOutputDriver


[ self handleArgument: self firstArgument ] in [ [ self handleArgument: self firstArgument ]
		on: Exit
		do: [ :exit |
			"If the command line is protected by password, we just exit the image because in non-headless mode the handleExit will let the image open. If the password protection is enabled, it is to avoid to let the access to the image."
			self class commandLinePasswordManager hasPasswordSet
				ifTrue: [ Smalltalk snapshot: false andQuit: true ].
			self handleExit: exit ] ] in PharoCommandLineHandler(BasicCommandLineHandler)>>activate
	Receiver: a PharoCommandLineHandler
	Arguments and temporary variables: 
x
	Receiver's instance variables: 
		commandLine: 	a CommandLineArguments
		session: 	a WorkingSession
		stdout: 	a VTermOutputDriver
		stderr: 	a VTermOutputDriver


FullBlockClosure(BlockClosure)>>on:do:
	Receiver: [ self handleArgument: self firstArgument ]
	Arguments and temporary variables: 
		exception: 	Exit
		handlerAction: 	[ :exit |
			"If the command line is protected by password, [..]
	Receiver's instance variables: 
		outerContext: 	[ [ self handleArgument: self firstArgument ]
		on: Exit
		do[..]
		compiledBlock: 	a CompiledBlock: [ self handleArgument: self firstArgument ]
		numArgs: 	0
		receiver: 	a PharoCommandLineHandler


[ [ self handleArgument: self firstArgument ]
		on: Exit
		do: [ :exit |
			"If the command line is protected by password, we just exit the image because in non-headless mode the handleExit will let the image open. If the password protection is enabled, it is to avoid to let the access to the image."
			self class commandLinePasswordManager hasPasswordSet
				ifTrue: [ Smalltalk snapshot: false andQuit: true ].
			self handleExit: exit ] ] in PharoCommandLineHandler(BasicCommandLineHandler)>>activate
	Receiver: a PharoCommandLineHandler
	Arguments and temporary variables: 
x
	Receiver's instance variables: 
		commandLine: 	a CommandLineArguments
		session: 	a WorkingSession
		stdout: 	a VTermOutputDriver
		stderr: 	a VTermOutputDriver


[self value.
			"IMPORTANT: Do not step over next line of code. See method comments for details"
			Processor terminateRealActive] in FullBlockClosure(BlockClosure)>>newProcess
	Receiver: [ [ self handleArgument: self firstArgument ]
		on: Exit
		do: [ :exit |
			"If the co[..]
	Arguments and temporary variables: 
x
	Receiver's instance variables: 
		outerContext: 	PharoCommandLineHandler(BasicCommandLineHandler)>>activate
		compiledBlock: 	a CompiledBlock: [ [ self handleArgument: self firstArgument[..]
		numArgs: 	0
		receiver: 	a PharoCommandLineHandler



--- The full stack ---
OCUndeclaredVariableNotice(OCNotice)>>signalError
OpalCompiler>>checkNotice:
[ :n |
			| check |
			check := self checkNotice: n.
			check ifNil: [ ^ ast ].
			check ifFalse: [
				ast := nil.
				^ self failBlock ifNotNil: [ :block | block cull: n ] ifNil: [ nil ].
				] ] in OpalCompiler>>parse
OrderedCollection>>do:
OpalCompiler>>parse
OpalCompiler>>compile
OpalCompiler>>evaluate
DoItChunk>>importFor:logSource:
[ :declaration |
		value := declaration importFor: nil logSource: logSource  ] in CodeImporter>>evaluate
OrderedCollection>>do:
CodeImporter>>evaluate
[ codeImporter evaluate ] in STCommandLineHandler>>installSourceFile:
FullBlockClosure(BlockClosure)>>on:do:
STCommandLineHandler>>handleErrorsDuring:reference:
STCommandLineHandler>>installSourceFile:
[ :reference |
		self installSourceFile: reference ] in [ sourceFiles do: [ :reference |
		self installSourceFile: reference ]
	] in STCommandLineHandler>>installSourceFiles
OrderedCollection>>do:
[ sourceFiles do: [ :reference |
		self installSourceFile: reference ]
	] in STCommandLineHandler>>installSourceFiles
FullBlockClosure(BlockClosure)>>ensure:
STCommandLineHandler>>installSourceFiles
STCommandLineHandler>>activate
STCommandLineHandler class(CommandLineHandler class)>>activateWith:
[ aCommandLinehandler activateWith: commandLine ] in PharoCommandLineHandler(BasicCommandLineHandler)>>activateSubCommand:
FullBlockClosure(BlockClosure)>>on:do:
PharoCommandLineHandler(BasicCommandLineHandler)>>activateSubCommand:
PharoCommandLineHandler(BasicCommandLineHandler)>>handleSubcommand
PharoCommandLineHandler(BasicCommandLineHandler)>>handleArgument:
[ self handleArgument: self firstArgument ] in [ [ self handleArgument: self firstArgument ]
		on: Exit
		do: [ :exit |
			"If the command line is protected by password, we just exit the image because in non-headless mode the handleExit will let the image open. If the password protection is enabled, it is to avoid to let the access to the image."
			self class commandLinePasswordManager hasPasswordSet
				ifTrue: [ Smalltalk snapshot: false andQuit: true ].
			self handleExit: exit ] ] in PharoCommandLineHandler(BasicCommandLineHandler)>>activate
FullBlockClosure(BlockClosure)>>on:do:
[ [ self handleArgument: self firstArgument ]
		on: Exit
		do: [ :exit |
			"If the command line is protected by password, we just exit the image because in non-headless mode the handleExit will let the image open. If the password protection is enabled, it is to avoid to let the access to the image."
			self class commandLinePasswordManager hasPasswordSet
				ifTrue: [ Smalltalk snapshot: false andQuit: true ].
			self handleExit: exit ] ] in PharoCommandLineHandler(BasicCommandLineHandler)>>activate
[self value.
			"IMPORTANT: Do not step over next line of code. See method comments for details"
			Processor terminateRealActive] in FullBlockClosure(BlockClosure)>>newProcess
-------------------------------------------------------------------------------

Processes and their stacks: 
Process: a Process in AtomicSharedQueue>>waitForNewItems
  stack:

AtomicSharedQueue>>waitForNewItems
AtomicSharedQueue>>next
TKTWorkerProcess>>privateNextTask
TKTWorkerProcess>>workerLoop
MessageSend>>value
[ aValuable value ] in TKTPharoProcessProvider>>createProcessDoing:named:
[self value.
			"IMPORTANT: Do not step over next line of code. See method comments for details"
			Processor terminateRealActive] in FullBlockClosure(BlockClosure)>>newProcess
------------------------------

Process: a Process in AtomicSharedQueue>>waitForNewItems
  stack:

AtomicSharedQueue>>waitForNewItems
AtomicSharedQueue>>next
TKTWorkerProcess>>privateNextTask
TKTWorkerProcess>>workerLoop
MessageSend>>value
[ aValuable value ] in TKTPharoProcessProvider>>createProcessDoing:named:
[self value.
			"IMPORTANT: Do not step over next line of code. See method comments for details"
			Processor terminateRealActive] in FullBlockClosure(BlockClosure)>>newProcess
------------------------------

Process: a Process in DelayMicrosecondTicker>>waitForUserSignalled:orExpired:
  stack:

DelayMicrosecondTicker>>waitForUserSignalled:orExpired:
[  [runTimerEventLoop] whileTrue:
		[	|nowTick|
			"Warning! Stepping <Over> the following line may lock the Image. Use <Into> or <Proceed>."
		 	ticker waitForUserSignalled: timingSemaphore orExpired: activeDelay.

			"Invoke the api back-ends, which set the transfer-variable to nil"
			suspendSemaphore ifNotNil: [ self suspendAtTimingPriority    ].
			delayToStart     ifNotNil: [ self scheduleAtTimingPriority   ].
			delayToStop      ifNotNil: [ self unscheduleAtTimingPriority ].

			"Signal any expired delays"
			nowTick := ticker nowTick.
			[ 	activeDelay isNotNil and: [nowTick >= activeDelay resumptionTick] ]
					whileTrue: [
						activeDelay timingPrioritySignalExpired.
						activeDelay := suspendedDelays removeFirstOrNil ].
		]
	] in DelaySemaphoreScheduler(DelayBasicScheduler)>>runBackendLoopAtTimingPriority
FullBlockClosure(BlockClosure)>>ensure:
DelaySemaphoreScheduler(DelayBasicScheduler)>>runBackendLoopAtTimingPriority
[ self runBackendLoopAtTimingPriority ] in DelaySemaphoreScheduler(DelayBasicScheduler)>>startTimerEventLoopPriority:
[self value.
			"IMPORTANT: Do not step over next line of code. See method comments for details"
			Processor terminateRealActive] in FullBlockClosure(BlockClosure)>>newProcess
------------------------------

Process: a Process in MorphicRenderLoop>>doOneCycleWhile:
  stack:

MorphicRenderLoop>>doOneCycleWhile:
[ MorphicRenderLoop new doOneCycleWhile: [ true ] ] in MorphicUIManager>>spawnNewProcess
[self value.
			"IMPORTANT: Do not step over next line of code. See method comments for details"
			Processor terminateRealActive] in FullBlockClosure(BlockClosure)>>newProcess
------------------------------

Process: a Process in Process>>endProcess
  stack:

Process>>endProcess
------------------------------

Process: a Process in Process>>endProcess
  stack:

Process>>endProcess
------------------------------

Process: a Process in Process>>endProcess
  stack:

Process>>endProcess
------------------------------

Process: a Process in Process>>endProcess
  stack:

Process>>endProcess
------------------------------

Process: a Process in Process>>endProcess
  stack:

Process>>endProcess
------------------------------

Process: a Process in SmalltalkImage>>lowSpaceWatcher
  stack:

SmalltalkImage>>lowSpaceWatcher
[ self lowSpaceWatcher ] in SmalltalkImage>>installLowSpaceWatcher
[self value.
			"IMPORTANT: Do not step over next line of code. See method comments for details"
			Processor terminateRealActive] in FullBlockClosure(BlockClosure)>>newProcess
------------------------------

Process: a Process in [self value.
			"IMPORTANT: Do not step over next line of code. See method comments for details"
			Processor terminateRealActive] in FullBlockClosure(BlockClosure)>>newProcess
  stack:

[self value.
			"IMPORTANT: Do not step over next line of code. See method comments for details"
			Processor terminateRealActive] in FullBlockClosure(BlockClosure)>>newProcess
------------------------------

Process: a Process in FinalizationProcess class>>finalizationProcess
  stack:

FinalizationProcess class>>finalizationProcess
[self finalizationProcess] in FinalizationProcess class>>restartFinalizationProcess
[self value.
			"IMPORTANT: Do not step over next line of code. See method comments for details"
			Processor terminateRealActive] in FullBlockClosure(BlockClosure)>>newProcess
------------------------------

Process: a Process in nil
  stack:

Array(SequenceableCollection)>>do:
[:logger |
		logger nextPutAll: 'Processes and their stacks: ';cr.

		Process allInstances do: [:each | | ctx |
			logger nextPutAll: 'Process: '; print: each; cr; nextPutAll: '  stack:'; cr; cr.

			ctx := each isActive ifTrue: [ thisContext sender ] ifFalse: [ each suspendedContext ].
			ctx ifNotNil: [
				(ctx stackOfSize: 20) do: [:s | logger print: s; cr ]].
			logger nextPutAll: '------------------------------'; cr; cr.
		]] in [ Smalltalk
		logError: aString
		inContext: aContext.

	" Print stacks of all current processes "

	Smalltalk logDuring: [:logger |
		logger nextPutAll: 'Processes and their stacks: ';cr.

		Process allInstances do: [:each | | ctx |
			logger nextPutAll: 'Process: '; print: each; cr; nextPutAll: '  stack:'; cr; cr.

			ctx := each isActive ifTrue: [ thisContext sender ] ifFalse: [ each suspendedContext ].
			ctx ifNotNil: [
				(ctx stackOfSize: 20) do: [:s | logger print: s; cr ]].
			logger nextPutAll: '------------------------------'; cr; cr.
		]].
	] in NonInteractiveUIManager(CommandLineUIManager)>>quitFrom:withMessage:
[
		logStream := self openLog.
		aMonadicBlock value: logStream.
	] in SmalltalkImage>>logDuring:
FullBlockClosure(BlockClosure)>>ensure:
SmalltalkImage>>logDuring:
[ Smalltalk
		logError: aString
		inContext: aContext.

	" Print stacks of all current processes "

	Smalltalk logDuring: [:logger |
		logger nextPutAll: 'Processes and their stacks: ';cr.

		Process allInstances do: [:each | | ctx |
			logger nextPutAll: 'Process: '; print: each; cr; nextPutAll: '  stack:'; cr; cr.

			ctx := each isActive ifTrue: [ thisContext sender ] ifFalse: [ each suspendedContext ].
			ctx ifNotNil: [
				(ctx stackOfSize: 20) do: [:s | logger print: s; cr ]].
			logger nextPutAll: '------------------------------'; cr; cr.
		]].
	] in NonInteractiveUIManager(CommandLineUIManager)>>quitFrom:withMessage:
FullBlockClosure(BlockClosure)>>ensure:
NonInteractiveUIManager(CommandLineUIManager)>>quitFrom:withMessage:
NonInteractiveUIManager(CommandLineUIManager)>>handleError:log:
NonInteractiveUIManager(UIManager)>>handleError:
Process>>handleError:
OCCodeError(Exception)>>unhandledErrorAction
UnhandledError>>defaultAction
UndefinedObject>>handleSignal:
Context>>handleSignal:
Context>>handleSignal:
Context>>handleSignal:
UnhandledError(Exception)>>signal
UnhandledError class>>signalForException:
OCCodeError(Exception)>>raiseUnhandledError
------------------------------

Process: a Process in Process>>endProcess
  stack:

Process>>endProcess
------------------------------

Process: a Process in Process>>endProcess
  stack:

Process>>endProcess
------------------------------

Process: a Process in [
		[ true ] whileTrue: [
			semaphore wait.
			[self executeCallback: self nextPendingCallback]
				on: Exception fork:  [:ex | ex pass ] ] ] in TFCallbackQueue>>forkCallbackProcess
  stack:

[
		[ true ] whileTrue: [
			semaphore wait.
			[self executeCallback: self nextPendingCallback]
				on: Exception fork:  [:ex | ex pass ] ] ] in TFCallbackQueue>>forkCallbackProcess
[self value.
			"IMPORTANT: Do not step over next line of code. See method comments for details"
			Processor terminateRealActive] in FullBlockClosure(BlockClosure)>>newProcess
------------------------------

Process: a Process in Process>>endProcess
  stack:

Process>>endProcess
------------------------------


===============================================================================
Notice: Errors in script loaded from Ride.st
===============================================================================
THERE_BE_DRAGONS_HERE
OCCodeError:OCUndeclaredVariableNotice UndefinedObject>>#DoIt 156:Undeclared variable->Ride
3 October 2026 6:14:30.24333 am

VM: Mac OS - arm64 - 1000 - CoInterpreter VMMaker-tonel.1 uuid: 80e43a52-2018-0e00-bce4-820906d86bc4 Sep 18 2026
StackToRegisterMappingCogit VMMaker-tonel.1 uuid: 80e43a52-2018-0e00-bce4-820906d86bc4 Sep 18 2026
v10.3.11+0.a585304b1 - Commit: a585304b1 - Date: 2026-09-16 09:19:54 +0200

Image: Pharo13.1.0SNAPSHOT [Build information: Pharo-13.1.0+SNAPSHOT.build.749.sha.d7c6f761d5445e8b04a0aa5137e0d546ad9bcd89 (64 Bit)]

OCUndeclaredVariableNotice(OCNotice)>>signalError
	Receiver: OCUndeclaredVariableNotice(156:Undeclared variable)
	Arguments and temporary variables: 
x
	Receiver's instance variables: 
		messageText: 	'Undeclared variable'
		node: 	OCVariableNode(Ride)


OpalCompiler>>checkNotice:
	Receiver: an OpalCompiler
	Arguments and temporary variables: 
		aNotice: 	OCUndeclaredVariableNotice(156:Undeclared variable)
	Receiver's instance variables: 
		ast: 	DoIt

	Object
		subclass: #Ride
		instanceVariableNames:
		'rideID pic[..]
		source: 	'Object subclass: #Ride
    instanceVariableNames: ''rideID pickupL[..]
		compilationContext: 	an OCCompilationContext
		compilationContextClass: 	nil
		permitFaulty: 	false
		permitUndeclared: 	false
		failBlock: 	nil
		logged: 	true
		changeStamp: 	nil
		protocol: 	nil
		requestor: 	nil
		priorMethod: 	nil


[ :n |
			| check |
			check := self checkNotice: n.
			check ifNil: [ ^ ast ].
			check ifFalse: [
				ast := nil.
				^ self failBlock ifNotNil: [ :block | block cull: n ] ifNil: [ nil ].
				] ] in OpalCompiler>>parse
	Receiver: an OpalCompiler
	Arguments and temporary variables: 
		parser: 	an OCParser
		n: 	OCUndeclaredVariableNotice(156:Undeclared variable)
		check: 	nil
	Receiver's instance variables: 
		ast: 	DoIt

	Object
		subclass: #Ride
		instanceVariableNames:
		'rideID pic[..]
		source: 	'Object subclass: #Ride
    instanceVariableNames: ''rideID pickupL[..]
		compilationContext: 	an OCCompilationContext
		compilationContextClass: 	nil
		permitFaulty: 	false
		permitUndeclared: 	false
		failBlock: 	nil
		logged: 	true
		changeStamp: 	nil
		protocol: 	nil
		requestor: 	nil
		priorMethod: 	nil


OrderedCollection>>do:
	Receiver: an OrderedCollection(OCUndeclaredVariableNotice(156:Undeclared variable) OCUndeclaredV[..]
	Arguments and temporary variables: 
		aBlock: 	[ :n |
			| check |
			check := self checkNotice: n.
			check ifNil[..]
		index: 	1
	Receiver's instance variables: 
		array: 	an Array(OCUndeclaredVariableNotice(156:Undeclared variable) OCUndec[..]
		firstIndex: 	1
		lastIndex: 	6


OpalCompiler>>parse
	Receiver: an OpalCompiler
	Arguments and temporary variables: 
		parser: 	an OCParser
	Receiver's instance variables: 
		ast: 	DoIt

	Object
		subclass: #Ride
		instanceVariableNames:
		'rideID pic[..]
		source: 	'Object subclass: #Ride
    instanceVariableNames: ''rideID pickupL[..]
		compilationContext: 	an OCCompilationContext
		compilationContextClass: 	nil
		permitFaulty: 	false
		permitUndeclared: 	false
		failBlock: 	nil
		logged: 	true
		changeStamp: 	nil
		protocol: 	nil
		requestor: 	nil
		priorMethod: 	nil


OpalCompiler>>compile
	Receiver: an OpalCompiler
	Arguments and temporary variables: 
		result: 	nil
	Receiver's instance variables: 
		ast: 	DoIt

	Object
		subclass: #Ride
		instanceVariableNames:
		'rideID pic[..]
		source: 	'Object subclass: #Ride
    instanceVariableNames: ''rideID pickupL[..]
		compilationContext: 	an OCCompilationContext
		compilationContextClass: 	nil
		permitFaulty: 	false
		permitUndeclared: 	false
		failBlock: 	nil
		logged: 	true
		changeStamp: 	nil
		protocol: 	nil
		requestor: 	nil
		priorMethod: 	nil


OpalCompiler>>evaluate
	Receiver: an OpalCompiler
	Arguments and temporary variables: 
		value: 	nil
		doItMethod: 	nil
	Receiver's instance variables: 
		ast: 	DoIt

	Object
		subclass: #Ride
		instanceVariableNames:
		'rideID pic[..]
		source: 	'Object subclass: #Ride
    instanceVariableNames: ''rideID pickupL[..]
		compilationContext: 	an OCCompilationContext
		compilationContextClass: 	nil
		permitFaulty: 	false
		permitUndeclared: 	false
		failBlock: 	nil
		logged: 	true
		changeStamp: 	nil
		protocol: 	nil
		requestor: 	nil
		priorMethod: 	nil


DoItChunk>>importFor:logSource:
	Receiver: a DoItChunk(Object subclass: #Ride
    instanceVariableNames: 'rideID pickupLocation d[..]
	Arguments and temporary variables: 
		requestor: 	nil
		logSource: 	true
		ast: 	OCSequenceNode(Object
	subclass: #Ride
	instanceVariableNames:
	'rideI[..]
	Receiver's instance variables: 
		contents: 	'Object subclass: #Ride
    instanceVariableNames: ''rideID picku[..]


[ :declaration |
		value := declaration importFor: nil logSource: logSource  ] in CodeImporter>>evaluate
	Receiver: a CodeImporter
	Arguments and temporary variables: 
		value: 	nil
		declaration: 	a DoItChunk(Object subclass: #Ride
    instanceVariableNames: [..]
	Receiver's instance variables: 
		readStream: 	a ZnCharacterReadStream
		codeDeclarations: 	an OrderedCollection(a DoItChunk(Object subclass: #Ride
 [..]
		parserClass: 	ChunkFileFormatParser
		logSource: 	true


OrderedCollection>>do:
	Receiver: an OrderedCollection(a DoItChunk(Object subclass: #Ride
    instanceVariableNames: 'ri[..]
	Arguments and temporary variables: 
		aBlock: 	[ :declaration |
		value := declaration importFor: nil logSource: l[..]
		index: 	1
	Receiver's instance variables: 
		array: 	an Array(a DoItChunk(Object subclass: #Ride
    instanceVariableName[..]
		firstIndex: 	1
		lastIndex: 	1


CodeImporter>>evaluate
	Receiver: a CodeImporter
	Arguments and temporary variables: 
		value: 	nil
	Receiver's instance variables: 
		readStream: 	a ZnCharacterReadStream
		codeDeclarations: 	an OrderedCollection(a DoItChunk(Object subclass: #Ride
 [..]
		parserClass: 	ChunkFileFormatParser
		logSource: 	true


[ codeImporter evaluate ] in STCommandLineHandler>>installSourceFile:
	Receiver: a STCommandLineHandler
	Arguments and temporary variables: 
		aReference: 	a File
		codeImporter: 	a CodeImporter
	Receiver's instance variables: 
		commandLine: 	a CommandLineArguments
		session: 	a WorkingSession
		stdout: 	a VTermOutputDriver
		stderr: 	a VTermOutputDriver
		sourceFiles: 	an OrderedCollection(a File a File a File a File)


FullBlockClosure(BlockClosure)>>on:do:
	Receiver: [ codeImporter evaluate ]
	Arguments and temporary variables: 
		exception: 	Error
		handlerAction: 	[ :e | self handleError: e reference: aReference ]
	Receiver's instance variables: 
		outerContext: 	STCommandLineHandler>>installSourceFile:
		compiledBlock: 	a CompiledBlock: [ codeImporter evaluate ]
		numArgs: 	0
		receiver: 	a STCommandLineHandler


STCommandLineHandler>>handleErrorsDuring:reference:
	Receiver: a STCommandLineHandler
	Arguments and temporary variables: 
		aBlock: 	[ codeImporter evaluate ]
		aReference: 	a File
	Receiver's instance variables: 
		commandLine: 	a CommandLineArguments
		session: 	a WorkingSession
		stdout: 	a VTermOutputDriver
		stderr: 	a VTermOutputDriver
		sourceFiles: 	an OrderedCollection(a File a File a File a File)


STCommandLineHandler>>installSourceFile:
	Receiver: a STCommandLineHandler
	Arguments and temporary variables: 
		codeImporter: 	a CodeImporter
		aReference: 	a File
	Receiver's instance variables: 
		commandLine: 	a CommandLineArguments
		session: 	a WorkingSession
		stdout: 	a VTermOutputDriver
		stderr: 	a VTermOutputDriver
		sourceFiles: 	an OrderedCollection(a File a File a File a File)


[ :reference |
		self installSourceFile: reference ] in [ sourceFiles do: [ :reference |
		self installSourceFile: reference ]
	] in STCommandLineHandler>>installSourceFiles
	Receiver: a STCommandLineHandler
	Arguments and temporary variables: 
		reference: 	a File
	Receiver's instance variables: 
		commandLine: 	a CommandLineArguments
		session: 	a WorkingSession
		stdout: 	a VTermOutputDriver
		stderr: 	a VTermOutputDriver
		sourceFiles: 	an OrderedCollection(a File a File a File a File)


OrderedCollection>>do:
	Receiver: an OrderedCollection(a File a File a File a File)
	Arguments and temporary variables: 
		aBlock: 	[ :reference |
		self installSourceFile: reference ]
		index: 	1
	Receiver's instance variables: 
		array: 	an Array(a File a File a File a File)
		firstIndex: 	1
		lastIndex: 	4


[ sourceFiles do: [ :reference |
		self installSourceFile: reference ]
	] in STCommandLineHandler>>installSourceFiles
	Receiver: a STCommandLineHandler
	Arguments and temporary variables: 
x
	Receiver's instance variables: 
		commandLine: 	a CommandLineArguments
		session: 	a WorkingSession
		stdout: 	a VTermOutputDriver
		stderr: 	a VTermOutputDriver
		sourceFiles: 	an OrderedCollection(a File a File a File a File)


FullBlockClosure(BlockClosure)>>ensure:
	Receiver: [ sourceFiles do: [ :reference |
		self installSourceFile: reference ]
	]
	Arguments and temporary variables: 
		aBlock: 	[ sourceFiles := nil ]
		handler: 	[ sourceFiles := nil ]
		complete: 	nil
		returnValue: 	nil
	Receiver's instance variables: 
		outerContext: 	STCommandLineHandler>>installSourceFiles
		compiledBlock: 	a CompiledBlock: [ sourceFiles do: [ :reference |
		self ins[..]
		numArgs: 	0
		receiver: 	a STCommandLineHandler


STCommandLineHandler>>installSourceFiles
	Receiver: a STCommandLineHandler
	Arguments and temporary variables: 
x
	Receiver's instance variables: 
		commandLine: 	a CommandLineArguments
		session: 	a WorkingSession
		stdout: 	a VTermOutputDriver
		stderr: 	a VTermOutputDriver
		sourceFiles: 	an OrderedCollection(a File a File a File a File)


STCommandLineHandler>>activate
	Receiver: a STCommandLineHandler
	Arguments and temporary variables: 
x
	Receiver's instance variables: 
		commandLine: 	a CommandLineArguments
		session: 	a WorkingSession
		stdout: 	a VTermOutputDriver
		stderr: 	a VTermOutputDriver
		sourceFiles: 	an OrderedCollection(a File a File a File a File)


STCommandLineHandler class(CommandLineHandler class)>>activateWith:
	Receiver: STCommandLineHandler
	Arguments and temporary variables: 
		aCommandLine: 	a CommandLineArguments
	Receiver's instance variables: 
		superclass: 	CommandLineHandler
		methodDict: 	a MethodDictionary(#activate->STCommandLineHandler>>#activate #[..]
		format: 	65541
		layout: 	a FixedLayout
		protocols: 	an Array(Protocol (private) - 3 selector(s) Protocol (installing[..]
		subclasses: 	{EvaluateCommandLineHandler}
		name: 	#STCommandLineHandler
		classPool: 	nil
		sharedPools: 	an OrderedCollection()
		environment: 	a SystemEnvironment(lots of globals)
		commentSourcePointer: 	60986524
		packageTag: 	a PackageTag(Base)


[ aCommandLinehandler activateWith: commandLine ] in PharoCommandLineHandler(BasicCommandLineHandler)>>activateSubCommand:
	Receiver: a PharoCommandLineHandler
	Arguments and temporary variables: 
		aCommandLinehandler: 	STCommandLineHandler
	Receiver's instance variables: 
		commandLine: 	a CommandLineArguments
		session: 	a WorkingSession
		stdout: 	a VTermOutputDriver
		stderr: 	a VTermOutputDriver


FullBlockClosure(BlockClosure)>>on:do:
	Receiver: [ aCommandLinehandler activateWith: commandLine ]
	Arguments and temporary variables: 
		exception: 	Exit
		handlerAction: 	[ :exit |
		^ self handleExit: exit for: aCommandLinehandler ]
	Receiver's instance variables: 
		outerContext: 	PharoCommandLineHandler(BasicCommandLineHandler)>>activateSub[..]
		compiledBlock: 	a CompiledBlock: [ aCommandLinehandler activateWith: command[..]
		numArgs: 	0
		receiver: 	a PharoCommandLineHandler


PharoCommandLineHandler(BasicCommandLineHandler)>>activateSubCommand:
	Receiver: a PharoCommandLineHandler
	Arguments and temporary variables: 
		aCommandLinehandler: 	STCommandLineHandler
	Receiver's instance variables: 
		commandLine: 	a CommandLineArguments
		session: 	a WorkingSession
		stdout: 	a VTermOutputDriver
		stderr: 	a VTermOutputDriver


PharoCommandLineHandler(BasicCommandLineHandler)>>handleSubcommand
	Receiver: a PharoCommandLineHandler
	Arguments and temporary variables: 
		handlers: 	an OrderedCollection(STCommandLineHandler)
	Receiver's instance variables: 
		commandLine: 	a CommandLineArguments
		session: 	a WorkingSession
		stdout: 	a VTermOutputDriver
		stderr: 	a VTermOutputDriver


PharoCommandLineHandler(BasicCommandLineHandler)>>handleArgument:
	Receiver: a PharoCommandLineHandler
	Arguments and temporary variables: 
		aString: 	'st'
	Receiver's instance variables: 
		commandLine: 	a CommandLineArguments
		session: 	a WorkingSession
		stdout: 	a VTermOutputDriver
		stderr: 	a VTermOutputDriver


[ self handleArgument: self firstArgument ] in [ [ self handleArgument: self firstArgument ]
		on: Exit
		do: [ :exit |
			"If the command line is protected by password, we just exit the image because in non-headless mode the handleExit will let the image open. If the password protection is enabled, it is to avoid to let the access to the image."
			self class commandLinePasswordManager hasPasswordSet
				ifTrue: [ Smalltalk snapshot: false andQuit: true ].
			self handleExit: exit ] ] in PharoCommandLineHandler(BasicCommandLineHandler)>>activate
	Receiver: a PharoCommandLineHandler
	Arguments and temporary variables: 
x
	Receiver's instance variables: 
		commandLine: 	a CommandLineArguments
		session: 	a WorkingSession
		stdout: 	a VTermOutputDriver
		stderr: 	a VTermOutputDriver


FullBlockClosure(BlockClosure)>>on:do:
	Receiver: [ self handleArgument: self firstArgument ]
	Arguments and temporary variables: 
		exception: 	Exit
		handlerAction: 	[ :exit |
			"If the command line is protected by password, [..]
	Receiver's instance variables: 
		outerContext: 	[ [ self handleArgument: self firstArgument ]
		on: Exit
		do[..]
		compiledBlock: 	a CompiledBlock: [ self handleArgument: self firstArgument ]
		numArgs: 	0
		receiver: 	a PharoCommandLineHandler


[ [ self handleArgument: self firstArgument ]
		on: Exit
		do: [ :exit |
			"If the command line is protected by password, we just exit the image because in non-headless mode the handleExit will let the image open. If the password protection is enabled, it is to avoid to let the access to the image."
			self class commandLinePasswordManager hasPasswordSet
				ifTrue: [ Smalltalk snapshot: false andQuit: true ].
			self handleExit: exit ] ] in PharoCommandLineHandler(BasicCommandLineHandler)>>activate
	Receiver: a PharoCommandLineHandler
	Arguments and temporary variables: 
x
	Receiver's instance variables: 
		commandLine: 	a CommandLineArguments
		session: 	a WorkingSession
		stdout: 	a VTermOutputDriver
		stderr: 	a VTermOutputDriver


[self value.
			"IMPORTANT: Do not step over next line of code. See method comments for details"
			Processor terminateRealActive] in FullBlockClosure(BlockClosure)>>newProcess
	Receiver: [ [ self handleArgument: self firstArgument ]
		on: Exit
		do: [ :exit |
			"If the co[..]
	Arguments and temporary variables: 
x
	Receiver's instance variables: 
		outerContext: 	PharoCommandLineHandler(BasicCommandLineHandler)>>activate
		compiledBlock: 	a CompiledBlock: [ [ self handleArgument: self firstArgument[..]
		numArgs: 	0
		receiver: 	a PharoCommandLineHandler



--- The full stack ---
OCUndeclaredVariableNotice(OCNotice)>>signalError
OpalCompiler>>checkNotice:
[ :n |
			| check |
			check := self checkNotice: n.
			check ifNil: [ ^ ast ].
			check ifFalse: [
				ast := nil.
				^ self failBlock ifNotNil: [ :block | block cull: n ] ifNil: [ nil ].
				] ] in OpalCompiler>>parse
OrderedCollection>>do:
OpalCompiler>>parse
OpalCompiler>>compile
OpalCompiler>>evaluate
DoItChunk>>importFor:logSource:
[ :declaration |
		value := declaration importFor: nil logSource: logSource  ] in CodeImporter>>evaluate
OrderedCollection>>do:
CodeImporter>>evaluate
[ codeImporter evaluate ] in STCommandLineHandler>>installSourceFile:
FullBlockClosure(BlockClosure)>>on:do:
STCommandLineHandler>>handleErrorsDuring:reference:
STCommandLineHandler>>installSourceFile:
[ :reference |
		self installSourceFile: reference ] in [ sourceFiles do: [ :reference |
		self installSourceFile: reference ]
	] in STCommandLineHandler>>installSourceFiles
OrderedCollection>>do:
[ sourceFiles do: [ :reference |
		self installSourceFile: reference ]
	] in STCommandLineHandler>>installSourceFiles
FullBlockClosure(BlockClosure)>>ensure:
STCommandLineHandler>>installSourceFiles
STCommandLineHandler>>activate
STCommandLineHandler class(CommandLineHandler class)>>activateWith:
[ aCommandLinehandler activateWith: commandLine ] in PharoCommandLineHandler(BasicCommandLineHandler)>>activateSubCommand:
FullBlockClosure(BlockClosure)>>on:do:
PharoCommandLineHandler(BasicCommandLineHandler)>>activateSubCommand:
PharoCommandLineHandler(BasicCommandLineHandler)>>handleSubcommand
PharoCommandLineHandler(BasicCommandLineHandler)>>handleArgument:
[ self handleArgument: self firstArgument ] in [ [ self handleArgument: self firstArgument ]
		on: Exit
		do: [ :exit |
			"If the command line is protected by password, we just exit the image because in non-headless mode the handleExit will let the image open. If the password protection is enabled, it is to avoid to let the access to the image."
			self class commandLinePasswordManager hasPasswordSet
				ifTrue: [ Smalltalk snapshot: false andQuit: true ].
			self handleExit: exit ] ] in PharoCommandLineHandler(BasicCommandLineHandler)>>activate
FullBlockClosure(BlockClosure)>>on:do:
[ [ self handleArgument: self firstArgument ]
		on: Exit
		do: [ :exit |
			"If the command line is protected by password, we just exit the image because in non-headless mode the handleExit will let the image open. If the password protection is enabled, it is to avoid to let the access to the image."
			self class commandLinePasswordManager hasPasswordSet
				ifTrue: [ Smalltalk snapshot: false andQuit: true ].
			self handleExit: exit ] ] in PharoCommandLineHandler(BasicCommandLineHandler)>>activate
[self value.
			"IMPORTANT: Do not step over next line of code. See method comments for details"
			Processor terminateRealActive] in FullBlockClosure(BlockClosure)>>newProcess
-------------------------------------------------------------------------------

Processes and their stacks: 
Process: a Process in AtomicSharedQueue>>waitForNewItems
  stack:

AtomicSharedQueue>>waitForNewItems
AtomicSharedQueue>>next
TKTWorkerProcess>>privateNextTask
TKTWorkerProcess>>workerLoop
MessageSend>>value
[ aValuable value ] in TKTPharoProcessProvider>>createProcessDoing:named:
[self value.
			"IMPORTANT: Do not step over next line of code. See method comments for details"
			Processor terminateRealActive] in FullBlockClosure(BlockClosure)>>newProcess
------------------------------

Process: a Process in AtomicSharedQueue>>waitForNewItems
  stack:

AtomicSharedQueue>>waitForNewItems
AtomicSharedQueue>>next
TKTWorkerProcess>>privateNextTask
TKTWorkerProcess>>workerLoop
MessageSend>>value
[ aValuable value ] in TKTPharoProcessProvider>>createProcessDoing:named:
[self value.
			"IMPORTANT: Do not step over next line of code. See method comments for details"
			Processor terminateRealActive] in FullBlockClosure(BlockClosure)>>newProcess
------------------------------

Process: a Process in DelayMicrosecondTicker>>waitForUserSignalled:orExpired:
  stack:

DelayMicrosecondTicker>>waitForUserSignalled:orExpired:
[  [runTimerEventLoop] whileTrue:
		[	|nowTick|
			"Warning! Stepping <Over> the following line may lock the Image. Use <Into> or <Proceed>."
		 	ticker waitForUserSignalled: timingSemaphore orExpired: activeDelay.

			"Invoke the api back-ends, which set the transfer-variable to nil"
			suspendSemaphore ifNotNil: [ self suspendAtTimingPriority    ].
			delayToStart     ifNotNil: [ self scheduleAtTimingPriority   ].
			delayToStop      ifNotNil: [ self unscheduleAtTimingPriority ].

			"Signal any expired delays"
			nowTick := ticker nowTick.
			[ 	activeDelay isNotNil and: [nowTick >= activeDelay resumptionTick] ]
					whileTrue: [
						activeDelay timingPrioritySignalExpired.
						activeDelay := suspendedDelays removeFirstOrNil ].
		]
	] in DelaySemaphoreScheduler(DelayBasicScheduler)>>runBackendLoopAtTimingPriority
FullBlockClosure(BlockClosure)>>ensure:
DelaySemaphoreScheduler(DelayBasicScheduler)>>runBackendLoopAtTimingPriority
[ self runBackendLoopAtTimingPriority ] in DelaySemaphoreScheduler(DelayBasicScheduler)>>startTimerEventLoopPriority:
[self value.
			"IMPORTANT: Do not step over next line of code. See method comments for details"
			Processor terminateRealActive] in FullBlockClosure(BlockClosure)>>newProcess
------------------------------

Process: a Process in MorphicRenderLoop>>doOneCycleWhile:
  stack:

MorphicRenderLoop>>doOneCycleWhile:
[ MorphicRenderLoop new doOneCycleWhile: [ true ] ] in MorphicUIManager>>spawnNewProcess
[self value.
			"IMPORTANT: Do not step over next line of code. See method comments for details"
			Processor terminateRealActive] in FullBlockClosure(BlockClosure)>>newProcess
------------------------------

Process: a Process in Process>>endProcess
  stack:

Process>>endProcess
------------------------------

Process: a Process in Process>>endProcess
  stack:

Process>>endProcess
------------------------------

Process: a Process in Process>>endProcess
  stack:

Process>>endProcess
------------------------------

Process: a Process in Process>>endProcess
  stack:

Process>>endProcess
------------------------------

Process: a Process in Process>>endProcess
  stack:

Process>>endProcess
------------------------------

Process: a Process in SmalltalkImage>>lowSpaceWatcher
  stack:

SmalltalkImage>>lowSpaceWatcher
[ self lowSpaceWatcher ] in SmalltalkImage>>installLowSpaceWatcher
[self value.
			"IMPORTANT: Do not step over next line of code. See method comments for details"
			Processor terminateRealActive] in FullBlockClosure(BlockClosure)>>newProcess
------------------------------

Process: a Process in [self value.
			"IMPORTANT: Do not step over next line of code. See method comments for details"
			Processor terminateRealActive] in FullBlockClosure(BlockClosure)>>newProcess
  stack:

[self value.
			"IMPORTANT: Do not step over next line of code. See method comments for details"
			Processor terminateRealActive] in FullBlockClosure(BlockClosure)>>newProcess
------------------------------

Process: a Process in FinalizationProcess class>>finalizationProcess
  stack:

FinalizationProcess class>>finalizationProcess
[self finalizationProcess] in FinalizationProcess class>>restartFinalizationProcess
[self value.
			"IMPORTANT: Do not step over next line of code. See method comments for details"
			Processor terminateRealActive] in FullBlockClosure(BlockClosure)>>newProcess
------------------------------

Process: a Process in nil
  stack:

Array(SequenceableCollection)>>do:
[:logger |
		logger nextPutAll: 'Processes and their stacks: ';cr.

		Process allInstances do: [:each | | ctx |
			logger nextPutAll: 'Process: '; print: each; cr; nextPutAll: '  stack:'; cr; cr.

			ctx := each isActive ifTrue: [ thisContext sender ] ifFalse: [ each suspendedContext ].
			ctx ifNotNil: [
				(ctx stackOfSize: 20) do: [:s | logger print: s; cr ]].
			logger nextPutAll: '------------------------------'; cr; cr.
		]] in [ Smalltalk
		logError: aString
		inContext: aContext.

	" Print stacks of all current processes "

	Smalltalk logDuring: [:logger |
		logger nextPutAll: 'Processes and their stacks: ';cr.

		Process allInstances do: [:each | | ctx |
			logger nextPutAll: 'Process: '; print: each; cr; nextPutAll: '  stack:'; cr; cr.

			ctx := each isActive ifTrue: [ thisContext sender ] ifFalse: [ each suspendedContext ].
			ctx ifNotNil: [
				(ctx stackOfSize: 20) do: [:s | logger print: s; cr ]].
			logger nextPutAll: '------------------------------'; cr; cr.
		]].
	] in NonInteractiveUIManager(CommandLineUIManager)>>quitFrom:withMessage:
[
		logStream := self openLog.
		aMonadicBlock value: logStream.
	] in SmalltalkImage>>logDuring:
FullBlockClosure(BlockClosure)>>ensure:
SmalltalkImage>>logDuring:
[ Smalltalk
		logError: aString
		inContext: aContext.

	" Print stacks of all current processes "

	Smalltalk logDuring: [:logger |
		logger nextPutAll: 'Processes and their stacks: ';cr.

		Process allInstances do: [:each | | ctx |
			logger nextPutAll: 'Process: '; print: each; cr; nextPutAll: '  stack:'; cr; cr.

			ctx := each isActive ifTrue: [ thisContext sender ] ifFalse: [ each suspendedContext ].
			ctx ifNotNil: [
				(ctx stackOfSize: 20) do: [:s | logger print: s; cr ]].
			logger nextPutAll: '------------------------------'; cr; cr.
		]].
	] in NonInteractiveUIManager(CommandLineUIManager)>>quitFrom:withMessage:
FullBlockClosure(BlockClosure)>>ensure:
NonInteractiveUIManager(CommandLineUIManager)>>quitFrom:withMessage:
NonInteractiveUIManager(CommandLineUIManager)>>handleError:log:
NonInteractiveUIManager(UIManager)>>handleError:
Process>>handleError:
OCCodeError(Exception)>>unhandledErrorAction
UnhandledError>>defaultAction
UndefinedObject>>handleSignal:
Context>>handleSignal:
Context>>handleSignal:
Context>>handleSignal:
UnhandledError(Exception)>>signal
UnhandledError class>>signalForException:
OCCodeError(Exception)>>raiseUnhandledError
------------------------------

Process: a Process in Process>>endProcess
  stack:

Process>>endProcess
------------------------------

Process: a Process in Process>>endProcess
  stack:

Process>>endProcess
------------------------------

Process: a Process in [
		[ true ] whileTrue: [
			semaphore wait.
			[self executeCallback: self nextPendingCallback]
				on: Exception fork:  [:ex | ex pass ] ] ] in TFCallbackQueue>>forkCallbackProcess
  stack:

[
		[ true ] whileTrue: [
			semaphore wait.
			[self executeCallback: self nextPendingCallback]
				on: Exception fork:  [:ex | ex pass ] ] ] in TFCallbackQueue>>forkCallbackProcess
[self value.
			"IMPORTANT: Do not step over next line of code. See method comments for details"
			Processor terminateRealActive] in FullBlockClosure(BlockClosure)>>newProcess
------------------------------

Process: a Process in Process>>endProcess
  stack:

Process>>endProcess
------------------------------


===============================================================================
Notice: Errors in script loaded from Ride.st
===============================================================================
THERE_BE_DRAGONS_HERE
OCCodeError:OCUndeclaredVariableNotice UndefinedObject>>#DoIt 156:Undeclared variable->Ride
3 October 2026 6:14:35.655917 am

VM: Mac OS - arm64 - 1000 - CoInterpreter VMMaker-tonel.1 uuid: 80e43a52-2018-0e00-bce4-820906d86bc4 Sep 18 2026
StackToRegisterMappingCogit VMMaker-tonel.1 uuid: 80e43a52-2018-0e00-bce4-820906d86bc4 Sep 18 2026
v10.3.11+0.a585304b1 - Commit: a585304b1 - Date: 2026-09-16 09:19:54 +0200

Image: Pharo13.1.0SNAPSHOT [Build information: Pharo-13.1.0+SNAPSHOT.build.749.sha.d7c6f761d5445e8b04a0aa5137e0d546ad9bcd89 (64 Bit)]

OCUndeclaredVariableNotice(OCNotice)>>signalError
	Receiver: OCUndeclaredVariableNotice(156:Undeclared variable)
	Arguments and temporary variables: 
x
	Receiver's instance variables: 
		messageText: 	'Undeclared variable'
		node: 	OCVariableNode(Ride)


OpalCompiler>>checkNotice:
	Receiver: an OpalCompiler
	Arguments and temporary variables: 
		aNotice: 	OCUndeclaredVariableNotice(156:Undeclared variable)
	Receiver's instance variables: 
		ast: 	DoIt

	Object
		subclass: #Ride
		instanceVariableNames:
		'rideID pic[..]
		source: 	'Object subclass: #Ride
    instanceVariableNames: ''rideID pickupL[..]
		compilationContext: 	an OCCompilationContext
		compilationContextClass: 	nil
		permitFaulty: 	false
		permitUndeclared: 	false
		failBlock: 	nil
		logged: 	true
		changeStamp: 	nil
		protocol: 	nil
		requestor: 	nil
		priorMethod: 	nil


[ :n |
			| check |
			check := self checkNotice: n.
			check ifNil: [ ^ ast ].
			check ifFalse: [
				ast := nil.
				^ self failBlock ifNotNil: [ :block | block cull: n ] ifNil: [ nil ].
				] ] in OpalCompiler>>parse
	Receiver: an OpalCompiler
	Arguments and temporary variables: 
		parser: 	an OCParser
		n: 	OCUndeclaredVariableNotice(156:Undeclared variable)
		check: 	nil
	Receiver's instance variables: 
		ast: 	DoIt

	Object
		subclass: #Ride
		instanceVariableNames:
		'rideID pic[..]
		source: 	'Object subclass: #Ride
    instanceVariableNames: ''rideID pickupL[..]
		compilationContext: 	an OCCompilationContext
		compilationContextClass: 	nil
		permitFaulty: 	false
		permitUndeclared: 	false
		failBlock: 	nil
		logged: 	true
		changeStamp: 	nil
		protocol: 	nil
		requestor: 	nil
		priorMethod: 	nil


OrderedCollection>>do:
	Receiver: an OrderedCollection(OCUndeclaredVariableNotice(156:Undeclared variable) OCUndeclaredV[..]
	Arguments and temporary variables: 
		aBlock: 	[ :n |
			| check |
			check := self checkNotice: n.
			check ifNil[..]
		index: 	1
	Receiver's instance variables: 
		array: 	an Array(OCUndeclaredVariableNotice(156:Undeclared variable) OCUndec[..]
		firstIndex: 	1
		lastIndex: 	6


OpalCompiler>>parse
	Receiver: an OpalCompiler
	Arguments and temporary variables: 
		parser: 	an OCParser
	Receiver's instance variables: 
		ast: 	DoIt

	Object
		subclass: #Ride
		instanceVariableNames:
		'rideID pic[..]
		source: 	'Object subclass: #Ride
    instanceVariableNames: ''rideID pickupL[..]
		compilationContext: 	an OCCompilationContext
		compilationContextClass: 	nil
		permitFaulty: 	false
		permitUndeclared: 	false
		failBlock: 	nil
		logged: 	true
		changeStamp: 	nil
		protocol: 	nil
		requestor: 	nil
		priorMethod: 	nil


OpalCompiler>>compile
	Receiver: an OpalCompiler
	Arguments and temporary variables: 
		result: 	nil
	Receiver's instance variables: 
		ast: 	DoIt

	Object
		subclass: #Ride
		instanceVariableNames:
		'rideID pic[..]
		source: 	'Object subclass: #Ride
    instanceVariableNames: ''rideID pickupL[..]
		compilationContext: 	an OCCompilationContext
		compilationContextClass: 	nil
		permitFaulty: 	false
		permitUndeclared: 	false
		failBlock: 	nil
		logged: 	true
		changeStamp: 	nil
		protocol: 	nil
		requestor: 	nil
		priorMethod: 	nil


OpalCompiler>>evaluate
	Receiver: an OpalCompiler
	Arguments and temporary variables: 
		value: 	nil
		doItMethod: 	nil
	Receiver's instance variables: 
		ast: 	DoIt

	Object
		subclass: #Ride
		instanceVariableNames:
		'rideID pic[..]
		source: 	'Object subclass: #Ride
    instanceVariableNames: ''rideID pickupL[..]
		compilationContext: 	an OCCompilationContext
		compilationContextClass: 	nil
		permitFaulty: 	false
		permitUndeclared: 	false
		failBlock: 	nil
		logged: 	true
		changeStamp: 	nil
		protocol: 	nil
		requestor: 	nil
		priorMethod: 	nil


DoItChunk>>importFor:logSource:
	Receiver: a DoItChunk(Object subclass: #Ride
    instanceVariableNames: 'rideID pickupLocation d[..]
	Arguments and temporary variables: 
		requestor: 	nil
		logSource: 	true
		ast: 	OCSequenceNode(Object
	subclass: #Ride
	instanceVariableNames:
	'rideI[..]
	Receiver's instance variables: 
		contents: 	'Object subclass: #Ride
    instanceVariableNames: ''rideID picku[..]


[ :declaration |
		value := declaration importFor: nil logSource: logSource  ] in CodeImporter>>evaluate
	Receiver: a CodeImporter
	Arguments and temporary variables: 
		value: 	nil
		declaration: 	a DoItChunk(Object subclass: #Ride
    instanceVariableNames: [..]
	Receiver's instance variables: 
		readStream: 	a ZnCharacterReadStream
		codeDeclarations: 	an OrderedCollection(a DoItChunk(Object subclass: #Ride
 [..]
		parserClass: 	ChunkFileFormatParser
		logSource: 	true


OrderedCollection>>do:
	Receiver: an OrderedCollection(a DoItChunk(Object subclass: #Ride
    instanceVariableNames: 'ri[..]
	Arguments and temporary variables: 
		aBlock: 	[ :declaration |
		value := declaration importFor: nil logSource: l[..]
		index: 	1
	Receiver's instance variables: 
		array: 	an Array(a DoItChunk(Object subclass: #Ride
    instanceVariableName[..]
		firstIndex: 	1
		lastIndex: 	1


CodeImporter>>evaluate
	Receiver: a CodeImporter
	Arguments and temporary variables: 
		value: 	nil
	Receiver's instance variables: 
		readStream: 	a ZnCharacterReadStream
		codeDeclarations: 	an OrderedCollection(a DoItChunk(Object subclass: #Ride
 [..]
		parserClass: 	ChunkFileFormatParser
		logSource: 	true


[ codeImporter evaluate ] in STCommandLineHandler>>installSourceFile:
	Receiver: a STCommandLineHandler
	Arguments and temporary variables: 
		aReference: 	a File
		codeImporter: 	a CodeImporter
	Receiver's instance variables: 
		commandLine: 	a CommandLineArguments
		session: 	a WorkingSession
		stdout: 	a VTermOutputDriver
		stderr: 	a VTermOutputDriver
		sourceFiles: 	an OrderedCollection(a File a File a File a File)


FullBlockClosure(BlockClosure)>>on:do:
	Receiver: [ codeImporter evaluate ]
	Arguments and temporary variables: 
		exception: 	Error
		handlerAction: 	[ :e | self handleError: e reference: aReference ]
	Receiver's instance variables: 
		outerContext: 	STCommandLineHandler>>installSourceFile:
		compiledBlock: 	a CompiledBlock: [ codeImporter evaluate ]
		numArgs: 	0
		receiver: 	a STCommandLineHandler


STCommandLineHandler>>handleErrorsDuring:reference:
	Receiver: a STCommandLineHandler
	Arguments and temporary variables: 
		aBlock: 	[ codeImporter evaluate ]
		aReference: 	a File
	Receiver's instance variables: 
		commandLine: 	a CommandLineArguments
		session: 	a WorkingSession
		stdout: 	a VTermOutputDriver
		stderr: 	a VTermOutputDriver
		sourceFiles: 	an OrderedCollection(a File a File a File a File)


STCommandLineHandler>>installSourceFile:
	Receiver: a STCommandLineHandler
	Arguments and temporary variables: 
		codeImporter: 	a CodeImporter
		aReference: 	a File
	Receiver's instance variables: 
		commandLine: 	a CommandLineArguments
		session: 	a WorkingSession
		stdout: 	a VTermOutputDriver
		stderr: 	a VTermOutputDriver
		sourceFiles: 	an OrderedCollection(a File a File a File a File)


[ :reference |
		self installSourceFile: reference ] in [ sourceFiles do: [ :reference |
		self installSourceFile: reference ]
	] in STCommandLineHandler>>installSourceFiles
	Receiver: a STCommandLineHandler
	Arguments and temporary variables: 
		reference: 	a File
	Receiver's instance variables: 
		commandLine: 	a CommandLineArguments
		session: 	a WorkingSession
		stdout: 	a VTermOutputDriver
		stderr: 	a VTermOutputDriver
		sourceFiles: 	an OrderedCollection(a File a File a File a File)


OrderedCollection>>do:
	Receiver: an OrderedCollection(a File a File a File a File)
	Arguments and temporary variables: 
		aBlock: 	[ :reference |
		self installSourceFile: reference ]
		index: 	1
	Receiver's instance variables: 
		array: 	an Array(a File a File a File a File)
		firstIndex: 	1
		lastIndex: 	4


[ sourceFiles do: [ :reference |
		self installSourceFile: reference ]
	] in STCommandLineHandler>>installSourceFiles
	Receiver: a STCommandLineHandler
	Arguments and temporary variables: 
x
	Receiver's instance variables: 
		commandLine: 	a CommandLineArguments
		session: 	a WorkingSession
		stdout: 	a VTermOutputDriver
		stderr: 	a VTermOutputDriver
		sourceFiles: 	an OrderedCollection(a File a File a File a File)


FullBlockClosure(BlockClosure)>>ensure:
	Receiver: [ sourceFiles do: [ :reference |
		self installSourceFile: reference ]
	]
	Arguments and temporary variables: 
		aBlock: 	[ sourceFiles := nil ]
		handler: 	[ sourceFiles := nil ]
		complete: 	nil
		returnValue: 	nil
	Receiver's instance variables: 
		outerContext: 	STCommandLineHandler>>installSourceFiles
		compiledBlock: 	a CompiledBlock: [ sourceFiles do: [ :reference |
		self ins[..]
		numArgs: 	0
		receiver: 	a STCommandLineHandler


STCommandLineHandler>>installSourceFiles
	Receiver: a STCommandLineHandler
	Arguments and temporary variables: 
x
	Receiver's instance variables: 
		commandLine: 	a CommandLineArguments
		session: 	a WorkingSession
		stdout: 	a VTermOutputDriver
		stderr: 	a VTermOutputDriver
		sourceFiles: 	an OrderedCollection(a File a File a File a File)


STCommandLineHandler>>activate
	Receiver: a STCommandLineHandler
	Arguments and temporary variables: 
x
	Receiver's instance variables: 
		commandLine: 	a CommandLineArguments
		session: 	a WorkingSession
		stdout: 	a VTermOutputDriver
		stderr: 	a VTermOutputDriver
		sourceFiles: 	an OrderedCollection(a File a File a File a File)


STCommandLineHandler class(CommandLineHandler class)>>activateWith:
	Receiver: STCommandLineHandler
	Arguments and temporary variables: 
		aCommandLine: 	a CommandLineArguments
	Receiver's instance variables: 
		superclass: 	CommandLineHandler
		methodDict: 	a MethodDictionary(#activate->STCommandLineHandler>>#activate #[..]
		format: 	65541
		layout: 	a FixedLayout
		protocols: 	an Array(Protocol (private) - 3 selector(s) Protocol (installing[..]
		subclasses: 	{EvaluateCommandLineHandler}
		name: 	#STCommandLineHandler
		classPool: 	nil
		sharedPools: 	an OrderedCollection()
		environment: 	a SystemEnvironment(lots of globals)
		commentSourcePointer: 	60986524
		packageTag: 	a PackageTag(Base)


[ aCommandLinehandler activateWith: commandLine ] in PharoCommandLineHandler(BasicCommandLineHandler)>>activateSubCommand:
	Receiver: a PharoCommandLineHandler
	Arguments and temporary variables: 
		aCommandLinehandler: 	STCommandLineHandler
	Receiver's instance variables: 
		commandLine: 	a CommandLineArguments
		session: 	a WorkingSession
		stdout: 	a VTermOutputDriver
		stderr: 	a VTermOutputDriver


FullBlockClosure(BlockClosure)>>on:do:
	Receiver: [ aCommandLinehandler activateWith: commandLine ]
	Arguments and temporary variables: 
		exception: 	Exit
		handlerAction: 	[ :exit |
		^ self handleExit: exit for: aCommandLinehandler ]
	Receiver's instance variables: 
		outerContext: 	PharoCommandLineHandler(BasicCommandLineHandler)>>activateSub[..]
		compiledBlock: 	a CompiledBlock: [ aCommandLinehandler activateWith: command[..]
		numArgs: 	0
		receiver: 	a PharoCommandLineHandler


PharoCommandLineHandler(BasicCommandLineHandler)>>activateSubCommand:
	Receiver: a PharoCommandLineHandler
	Arguments and temporary variables: 
		aCommandLinehandler: 	STCommandLineHandler
	Receiver's instance variables: 
		commandLine: 	a CommandLineArguments
		session: 	a WorkingSession
		stdout: 	a VTermOutputDriver
		stderr: 	a VTermOutputDriver


PharoCommandLineHandler(BasicCommandLineHandler)>>handleSubcommand
	Receiver: a PharoCommandLineHandler
	Arguments and temporary variables: 
		handlers: 	an OrderedCollection(STCommandLineHandler)
	Receiver's instance variables: 
		commandLine: 	a CommandLineArguments
		session: 	a WorkingSession
		stdout: 	a VTermOutputDriver
		stderr: 	a VTermOutputDriver


PharoCommandLineHandler(BasicCommandLineHandler)>>handleArgument:
	Receiver: a PharoCommandLineHandler
	Arguments and temporary variables: 
		aString: 	'st'
	Receiver's instance variables: 
		commandLine: 	a CommandLineArguments
		session: 	a WorkingSession
		stdout: 	a VTermOutputDriver
		stderr: 	a VTermOutputDriver


[ self handleArgument: self firstArgument ] in [ [ self handleArgument: self firstArgument ]
		on: Exit
		do: [ :exit |
			"If the command line is protected by password, we just exit the image because in non-headless mode the handleExit will let the image open. If the password protection is enabled, it is to avoid to let the access to the image."
			self class commandLinePasswordManager hasPasswordSet
				ifTrue: [ Smalltalk snapshot: false andQuit: true ].
			self handleExit: exit ] ] in PharoCommandLineHandler(BasicCommandLineHandler)>>activate
	Receiver: a PharoCommandLineHandler
	Arguments and temporary variables: 
x
	Receiver's instance variables: 
		commandLine: 	a CommandLineArguments
		session: 	a WorkingSession
		stdout: 	a VTermOutputDriver
		stderr: 	a VTermOutputDriver


FullBlockClosure(BlockClosure)>>on:do:
	Receiver: [ self handleArgument: self firstArgument ]
	Arguments and temporary variables: 
		exception: 	Exit
		handlerAction: 	[ :exit |
			"If the command line is protected by password, [..]
	Receiver's instance variables: 
		outerContext: 	[ [ self handleArgument: self firstArgument ]
		on: Exit
		do[..]
		compiledBlock: 	a CompiledBlock: [ self handleArgument: self firstArgument ]
		numArgs: 	0
		receiver: 	a PharoCommandLineHandler


[ [ self handleArgument: self firstArgument ]
		on: Exit
		do: [ :exit |
			"If the command line is protected by password, we just exit the image because in non-headless mode the handleExit will let the image open. If the password protection is enabled, it is to avoid to let the access to the image."
			self class commandLinePasswordManager hasPasswordSet
				ifTrue: [ Smalltalk snapshot: false andQuit: true ].
			self handleExit: exit ] ] in PharoCommandLineHandler(BasicCommandLineHandler)>>activate
	Receiver: a PharoCommandLineHandler
	Arguments and temporary variables: 
x
	Receiver's instance variables: 
		commandLine: 	a CommandLineArguments
		session: 	a WorkingSession
		stdout: 	a VTermOutputDriver
		stderr: 	a VTermOutputDriver


[self value.
			"IMPORTANT: Do not step over next line of code. See method comments for details"
			Processor terminateRealActive] in FullBlockClosure(BlockClosure)>>newProcess
	Receiver: [ [ self handleArgument: self firstArgument ]
		on: Exit
		do: [ :exit |
			"If the co[..]
	Arguments and temporary variables: 
x
	Receiver's instance variables: 
		outerContext: 	PharoCommandLineHandler(BasicCommandLineHandler)>>activate
		compiledBlock: 	a CompiledBlock: [ [ self handleArgument: self firstArgument[..]
		numArgs: 	0
		receiver: 	a PharoCommandLineHandler



--- The full stack ---
OCUndeclaredVariableNotice(OCNotice)>>signalError
OpalCompiler>>checkNotice:
[ :n |
			| check |
			check := self checkNotice: n.
			check ifNil: [ ^ ast ].
			check ifFalse: [
				ast := nil.
				^ self failBlock ifNotNil: [ :block | block cull: n ] ifNil: [ nil ].
				] ] in OpalCompiler>>parse
OrderedCollection>>do:
OpalCompiler>>parse
OpalCompiler>>compile
OpalCompiler>>evaluate
DoItChunk>>importFor:logSource:
[ :declaration |
		value := declaration importFor: nil logSource: logSource  ] in CodeImporter>>evaluate
OrderedCollection>>do:
CodeImporter>>evaluate
[ codeImporter evaluate ] in STCommandLineHandler>>installSourceFile:
FullBlockClosure(BlockClosure)>>on:do:
STCommandLineHandler>>handleErrorsDuring:reference:
STCommandLineHandler>>installSourceFile:
[ :reference |
		self installSourceFile: reference ] in [ sourceFiles do: [ :reference |
		self installSourceFile: reference ]
	] in STCommandLineHandler>>installSourceFiles
OrderedCollection>>do:
[ sourceFiles do: [ :reference |
		self installSourceFile: reference ]
	] in STCommandLineHandler>>installSourceFiles
FullBlockClosure(BlockClosure)>>ensure:
STCommandLineHandler>>installSourceFiles
STCommandLineHandler>>activate
STCommandLineHandler class(CommandLineHandler class)>>activateWith:
[ aCommandLinehandler activateWith: commandLine ] in PharoCommandLineHandler(BasicCommandLineHandler)>>activateSubCommand:
FullBlockClosure(BlockClosure)>>on:do:
PharoCommandLineHandler(BasicCommandLineHandler)>>activateSubCommand:
PharoCommandLineHandler(BasicCommandLineHandler)>>handleSubcommand
PharoCommandLineHandler(BasicCommandLineHandler)>>handleArgument:
[ self handleArgument: self firstArgument ] in [ [ self handleArgument: self firstArgument ]
		on: Exit
		do: [ :exit |
			"If the command line is protected by password, we just exit the image because in non-headless mode the handleExit will let the image open. If the password protection is enabled, it is to avoid to let the access to the image."
			self class commandLinePasswordManager hasPasswordSet
				ifTrue: [ Smalltalk snapshot: false andQuit: true ].
			self handleExit: exit ] ] in PharoCommandLineHandler(BasicCommandLineHandler)>>activate
FullBlockClosure(BlockClosure)>>on:do:
[ [ self handleArgument: self firstArgument ]
		on: Exit
		do: [ :exit |
			"If the command line is protected by password, we just exit the image because in non-headless mode the handleExit will let the image open. If the password protection is enabled, it is to avoid to let the access to the image."
			self class commandLinePasswordManager hasPasswordSet
				ifTrue: [ Smalltalk snapshot: false andQuit: true ].
			self handleExit: exit ] ] in PharoCommandLineHandler(BasicCommandLineHandler)>>activate
[self value.
			"IMPORTANT: Do not step over next line of code. See method comments for details"
			Processor terminateRealActive] in FullBlockClosure(BlockClosure)>>newProcess
-------------------------------------------------------------------------------

Processes and their stacks: 
Process: a Process in AtomicSharedQueue>>waitForNewItems
  stack:

AtomicSharedQueue>>waitForNewItems
AtomicSharedQueue>>next
TKTWorkerProcess>>privateNextTask
TKTWorkerProcess>>workerLoop
MessageSend>>value
[ aValuable value ] in TKTPharoProcessProvider>>createProcessDoing:named:
[self value.
			"IMPORTANT: Do not step over next line of code. See method comments for details"
			Processor terminateRealActive] in FullBlockClosure(BlockClosure)>>newProcess
------------------------------

Process: a Process in AtomicSharedQueue>>waitForNewItems
  stack:

AtomicSharedQueue>>waitForNewItems
AtomicSharedQueue>>next
TKTWorkerProcess>>privateNextTask
TKTWorkerProcess>>workerLoop
MessageSend>>value
[ aValuable value ] in TKTPharoProcessProvider>>createProcessDoing:named:
[self value.
			"IMPORTANT: Do not step over next line of code. See method comments for details"
			Processor terminateRealActive] in FullBlockClosure(BlockClosure)>>newProcess
------------------------------

Process: a Process in DelayMicrosecondTicker>>waitForUserSignalled:orExpired:
  stack:

DelayMicrosecondTicker>>waitForUserSignalled:orExpired:
[  [runTimerEventLoop] whileTrue:
		[	|nowTick|
			"Warning! Stepping <Over> the following line may lock the Image. Use <Into> or <Proceed>."
		 	ticker waitForUserSignalled: timingSemaphore orExpired: activeDelay.

			"Invoke the api back-ends, which set the transfer-variable to nil"
			suspendSemaphore ifNotNil: [ self suspendAtTimingPriority    ].
			delayToStart     ifNotNil: [ self scheduleAtTimingPriority   ].
			delayToStop      ifNotNil: [ self unscheduleAtTimingPriority ].

			"Signal any expired delays"
			nowTick := ticker nowTick.
			[ 	activeDelay isNotNil and: [nowTick >= activeDelay resumptionTick] ]
					whileTrue: [
						activeDelay timingPrioritySignalExpired.
						activeDelay := suspendedDelays removeFirstOrNil ].
		]
	] in DelaySemaphoreScheduler(DelayBasicScheduler)>>runBackendLoopAtTimingPriority
FullBlockClosure(BlockClosure)>>ensure:
DelaySemaphoreScheduler(DelayBasicScheduler)>>runBackendLoopAtTimingPriority
[ self runBackendLoopAtTimingPriority ] in DelaySemaphoreScheduler(DelayBasicScheduler)>>startTimerEventLoopPriority:
[self value.
			"IMPORTANT: Do not step over next line of code. See method comments for details"
			Processor terminateRealActive] in FullBlockClosure(BlockClosure)>>newProcess
------------------------------

Process: a Process in MorphicRenderLoop>>doOneCycleWhile:
  stack:

MorphicRenderLoop>>doOneCycleWhile:
[ MorphicRenderLoop new doOneCycleWhile: [ true ] ] in MorphicUIManager>>spawnNewProcess
[self value.
			"IMPORTANT: Do not step over next line of code. See method comments for details"
			Processor terminateRealActive] in FullBlockClosure(BlockClosure)>>newProcess
------------------------------

Process: a Process in Process>>endProcess
  stack:

Process>>endProcess
------------------------------

Process: a Process in Process>>endProcess
  stack:

Process>>endProcess
------------------------------

Process: a Process in Process>>endProcess
  stack:

Process>>endProcess
------------------------------

Process: a Process in Process>>endProcess
  stack:

Process>>endProcess
------------------------------

Process: a Process in Process>>endProcess
  stack:

Process>>endProcess
------------------------------

Process: a Process in SmalltalkImage>>lowSpaceWatcher
  stack:

SmalltalkImage>>lowSpaceWatcher
[ self lowSpaceWatcher ] in SmalltalkImage>>installLowSpaceWatcher
[self value.
			"IMPORTANT: Do not step over next line of code. See method comments for details"
			Processor terminateRealActive] in FullBlockClosure(BlockClosure)>>newProcess
------------------------------

Process: a Process in [self value.
			"IMPORTANT: Do not step over next line of code. See method comments for details"
			Processor terminateRealActive] in FullBlockClosure(BlockClosure)>>newProcess
  stack:

[self value.
			"IMPORTANT: Do not step over next line of code. See method comments for details"
			Processor terminateRealActive] in FullBlockClosure(BlockClosure)>>newProcess
------------------------------

Process: a Process in FinalizationProcess class>>finalizationProcess
  stack:

FinalizationProcess class>>finalizationProcess
[self finalizationProcess] in FinalizationProcess class>>restartFinalizationProcess
[self value.
			"IMPORTANT: Do not step over next line of code. See method comments for details"
			Processor terminateRealActive] in FullBlockClosure(BlockClosure)>>newProcess
------------------------------

Process: a Process in nil
  stack:

Array(SequenceableCollection)>>do:
[:logger |
		logger nextPutAll: 'Processes and their stacks: ';cr.

		Process allInstances do: [:each | | ctx |
			logger nextPutAll: 'Process: '; print: each; cr; nextPutAll: '  stack:'; cr; cr.

			ctx := each isActive ifTrue: [ thisContext sender ] ifFalse: [ each suspendedContext ].
			ctx ifNotNil: [
				(ctx stackOfSize: 20) do: [:s | logger print: s; cr ]].
			logger nextPutAll: '------------------------------'; cr; cr.
		]] in [ Smalltalk
		logError: aString
		inContext: aContext.

	" Print stacks of all current processes "

	Smalltalk logDuring: [:logger |
		logger nextPutAll: 'Processes and their stacks: ';cr.

		Process allInstances do: [:each | | ctx |
			logger nextPutAll: 'Process: '; print: each; cr; nextPutAll: '  stack:'; cr; cr.

			ctx := each isActive ifTrue: [ thisContext sender ] ifFalse: [ each suspendedContext ].
			ctx ifNotNil: [
				(ctx stackOfSize: 20) do: [:s | logger print: s; cr ]].
			logger nextPutAll: '------------------------------'; cr; cr.
		]].
	] in NonInteractiveUIManager(CommandLineUIManager)>>quitFrom:withMessage:
[
		logStream := self openLog.
		aMonadicBlock value: logStream.
	] in SmalltalkImage>>logDuring:
FullBlockClosure(BlockClosure)>>ensure:
SmalltalkImage>>logDuring:
[ Smalltalk
		logError: aString
		inContext: aContext.

	" Print stacks of all current processes "

	Smalltalk logDuring: [:logger |
		logger nextPutAll: 'Processes and their stacks: ';cr.

		Process allInstances do: [:each | | ctx |
			logger nextPutAll: 'Process: '; print: each; cr; nextPutAll: '  stack:'; cr; cr.

			ctx := each isActive ifTrue: [ thisContext sender ] ifFalse: [ each suspendedContext ].
			ctx ifNotNil: [
				(ctx stackOfSize: 20) do: [:s | logger print: s; cr ]].
			logger nextPutAll: '------------------------------'; cr; cr.
		]].
	] in NonInteractiveUIManager(CommandLineUIManager)>>quitFrom:withMessage:
FullBlockClosure(BlockClosure)>>ensure:
NonInteractiveUIManager(CommandLineUIManager)>>quitFrom:withMessage:
NonInteractiveUIManager(CommandLineUIManager)>>handleError:log:
NonInteractiveUIManager(UIManager)>>handleError:
Process>>handleError:
OCCodeError(Exception)>>unhandledErrorAction
UnhandledError>>defaultAction
UndefinedObject>>handleSignal:
Context>>handleSignal:
Context>>handleSignal:
Context>>handleSignal:
UnhandledError(Exception)>>signal
UnhandledError class>>signalForException:
OCCodeError(Exception)>>raiseUnhandledError
------------------------------

Process: a Process in Process>>endProcess
  stack:

Process>>endProcess
------------------------------

Process: a Process in Process>>endProcess
  stack:

Process>>endProcess
------------------------------

Process: a Process in [
		[ true ] whileTrue: [
			semaphore wait.
			[self executeCallback: self nextPendingCallback]
				on: Exception fork:  [:ex | ex pass ] ] ] in TFCallbackQueue>>forkCallbackProcess
  stack:

[
		[ true ] whileTrue: [
			semaphore wait.
			[self executeCallback: self nextPendingCallback]
				on: Exception fork:  [:ex | ex pass ] ] ] in TFCallbackQueue>>forkCallbackProcess
[self value.
			"IMPORTANT: Do not step over next line of code. See method comments for details"
			Processor terminateRealActive] in FullBlockClosure(BlockClosure)>>newProcess
------------------------------

Process: a Process in Process>>endProcess
  stack:

Process>>endProcess
------------------------------


===============================================================================
Notice: Errors in script loaded from Ride.st
===============================================================================
THERE_BE_DRAGONS_HERE
OCCodeError:OCUndeclaredVariableNotice UndefinedObject>>#DoIt 156:Undeclared variable->Ride
3 October 2026 6:17:19.948907 am

VM: Mac OS - arm64 - 1000 - CoInterpreter VMMaker-tonel.1 uuid: 80e43a52-2018-0e00-bce4-820906d86bc4 Sep 18 2026
StackToRegisterMappingCogit VMMaker-tonel.1 uuid: 80e43a52-2018-0e00-bce4-820906d86bc4 Sep 18 2026
v10.3.11+0.a585304b1 - Commit: a585304b1 - Date: 2026-09-16 09:19:54 +0200

Image: Pharo13.1.0SNAPSHOT [Build information: Pharo-13.1.0+SNAPSHOT.build.749.sha.d7c6f761d5445e8b04a0aa5137e0d546ad9bcd89 (64 Bit)]

OCUndeclaredVariableNotice(OCNotice)>>signalError
	Receiver: OCUndeclaredVariableNotice(156:Undeclared variable)
	Arguments and temporary variables: 
x
	Receiver's instance variables: 
		messageText: 	'Undeclared variable'
		node: 	OCVariableNode(Ride)


OpalCompiler>>checkNotice:
	Receiver: an OpalCompiler
	Arguments and temporary variables: 
		aNotice: 	OCUndeclaredVariableNotice(156:Undeclared variable)
	Receiver's instance variables: 
		ast: 	DoIt

	Object
		subclass: #Ride
		instanceVariableNames:
		'rideID pic[..]
		source: 	'Object subclass: #Ride
    instanceVariableNames: ''rideID pickupL[..]
		compilationContext: 	an OCCompilationContext
		compilationContextClass: 	nil
		permitFaulty: 	false
		permitUndeclared: 	false
		failBlock: 	nil
		logged: 	true
		changeStamp: 	nil
		protocol: 	nil
		requestor: 	nil
		priorMethod: 	nil


[ :n |
			| check |
			check := self checkNotice: n.
			check ifNil: [ ^ ast ].
			check ifFalse: [
				ast := nil.
				^ self failBlock ifNotNil: [ :block | block cull: n ] ifNil: [ nil ].
				] ] in OpalCompiler>>parse
	Receiver: an OpalCompiler
	Arguments and temporary variables: 
		parser: 	an OCParser
		n: 	OCUndeclaredVariableNotice(156:Undeclared variable)
		check: 	nil
	Receiver's instance variables: 
		ast: 	DoIt

	Object
		subclass: #Ride
		instanceVariableNames:
		'rideID pic[..]
		source: 	'Object subclass: #Ride
    instanceVariableNames: ''rideID pickupL[..]
		compilationContext: 	an OCCompilationContext
		compilationContextClass: 	nil
		permitFaulty: 	false
		permitUndeclared: 	false
		failBlock: 	nil
		logged: 	true
		changeStamp: 	nil
		protocol: 	nil
		requestor: 	nil
		priorMethod: 	nil


OrderedCollection>>do:
	Receiver: an OrderedCollection(OCUndeclaredVariableNotice(156:Undeclared variable) OCUndeclaredV[..]
	Arguments and temporary variables: 
		aBlock: 	[ :n |
			| check |
			check := self checkNotice: n.
			check ifNil[..]
		index: 	1
	Receiver's instance variables: 
		array: 	an Array(OCUndeclaredVariableNotice(156:Undeclared variable) OCUndec[..]
		firstIndex: 	1
		lastIndex: 	6


OpalCompiler>>parse
	Receiver: an OpalCompiler
	Arguments and temporary variables: 
		parser: 	an OCParser
	Receiver's instance variables: 
		ast: 	DoIt

	Object
		subclass: #Ride
		instanceVariableNames:
		'rideID pic[..]
		source: 	'Object subclass: #Ride
    instanceVariableNames: ''rideID pickupL[..]
		compilationContext: 	an OCCompilationContext
		compilationContextClass: 	nil
		permitFaulty: 	false
		permitUndeclared: 	false
		failBlock: 	nil
		logged: 	true
		changeStamp: 	nil
		protocol: 	nil
		requestor: 	nil
		priorMethod: 	nil


OpalCompiler>>compile
	Receiver: an OpalCompiler
	Arguments and temporary variables: 
		result: 	nil
	Receiver's instance variables: 
		ast: 	DoIt

	Object
		subclass: #Ride
		instanceVariableNames:
		'rideID pic[..]
		source: 	'Object subclass: #Ride
    instanceVariableNames: ''rideID pickupL[..]
		compilationContext: 	an OCCompilationContext
		compilationContextClass: 	nil
		permitFaulty: 	false
		permitUndeclared: 	false
		failBlock: 	nil
		logged: 	true
		changeStamp: 	nil
		protocol: 	nil
		requestor: 	nil
		priorMethod: 	nil


OpalCompiler>>evaluate
	Receiver: an OpalCompiler
	Arguments and temporary variables: 
		value: 	nil
		doItMethod: 	nil
	Receiver's instance variables: 
		ast: 	DoIt

	Object
		subclass: #Ride
		instanceVariableNames:
		'rideID pic[..]
		source: 	'Object subclass: #Ride
    instanceVariableNames: ''rideID pickupL[..]
		compilationContext: 	an OCCompilationContext
		compilationContextClass: 	nil
		permitFaulty: 	false
		permitUndeclared: 	false
		failBlock: 	nil
		logged: 	true
		changeStamp: 	nil
		protocol: 	nil
		requestor: 	nil
		priorMethod: 	nil


DoItChunk>>importFor:logSource:
	Receiver: a DoItChunk(Object subclass: #Ride
    instanceVariableNames: 'rideID pickupLocation d[..]
	Arguments and temporary variables: 
		requestor: 	nil
		logSource: 	true
		ast: 	OCSequenceNode(Object
	subclass: #Ride
	instanceVariableNames:
	'rideI[..]
	Receiver's instance variables: 
		contents: 	'Object subclass: #Ride
    instanceVariableNames: ''rideID picku[..]


[ :declaration |
		value := declaration importFor: nil logSource: logSource  ] in CodeImporter>>evaluate
	Receiver: a CodeImporter
	Arguments and temporary variables: 
		value: 	nil
		declaration: 	a DoItChunk(Object subclass: #Ride
    instanceVariableNames: [..]
	Receiver's instance variables: 
		readStream: 	a ZnCharacterReadStream
		codeDeclarations: 	an OrderedCollection(a DoItChunk(Object subclass: #Ride
 [..]
		parserClass: 	ChunkFileFormatParser
		logSource: 	true


OrderedCollection>>do:
	Receiver: an OrderedCollection(a DoItChunk(Object subclass: #Ride
    instanceVariableNames: 'ri[..]
	Arguments and temporary variables: 
		aBlock: 	[ :declaration |
		value := declaration importFor: nil logSource: l[..]
		index: 	1
	Receiver's instance variables: 
		array: 	an Array(a DoItChunk(Object subclass: #Ride
    instanceVariableName[..]
		firstIndex: 	1
		lastIndex: 	1


CodeImporter>>evaluate
	Receiver: a CodeImporter
	Arguments and temporary variables: 
		value: 	nil
	Receiver's instance variables: 
		readStream: 	a ZnCharacterReadStream
		codeDeclarations: 	an OrderedCollection(a DoItChunk(Object subclass: #Ride
 [..]
		parserClass: 	ChunkFileFormatParser
		logSource: 	true


[ codeImporter evaluate ] in STCommandLineHandler>>installSourceFile:
	Receiver: a STCommandLineHandler
	Arguments and temporary variables: 
		aReference: 	a File
		codeImporter: 	a CodeImporter
	Receiver's instance variables: 
		commandLine: 	a CommandLineArguments
		session: 	a WorkingSession
		stdout: 	a VTermOutputDriver
		stderr: 	a VTermOutputDriver
		sourceFiles: 	an OrderedCollection(a File a File a File a File)


FullBlockClosure(BlockClosure)>>on:do:
	Receiver: [ codeImporter evaluate ]
	Arguments and temporary variables: 
		exception: 	Error
		handlerAction: 	[ :e | self handleError: e reference: aReference ]
	Receiver's instance variables: 
		outerContext: 	STCommandLineHandler>>installSourceFile:
		compiledBlock: 	a CompiledBlock: [ codeImporter evaluate ]
		numArgs: 	0
		receiver: 	a STCommandLineHandler


STCommandLineHandler>>handleErrorsDuring:reference:
	Receiver: a STCommandLineHandler
	Arguments and temporary variables: 
		aBlock: 	[ codeImporter evaluate ]
		aReference: 	a File
	Receiver's instance variables: 
		commandLine: 	a CommandLineArguments
		session: 	a WorkingSession
		stdout: 	a VTermOutputDriver
		stderr: 	a VTermOutputDriver
		sourceFiles: 	an OrderedCollection(a File a File a File a File)


STCommandLineHandler>>installSourceFile:
	Receiver: a STCommandLineHandler
	Arguments and temporary variables: 
		codeImporter: 	a CodeImporter
		aReference: 	a File
	Receiver's instance variables: 
		commandLine: 	a CommandLineArguments
		session: 	a WorkingSession
		stdout: 	a VTermOutputDriver
		stderr: 	a VTermOutputDriver
		sourceFiles: 	an OrderedCollection(a File a File a File a File)


[ :reference |
		self installSourceFile: reference ] in [ sourceFiles do: [ :reference |
		self installSourceFile: reference ]
	] in STCommandLineHandler>>installSourceFiles
	Receiver: a STCommandLineHandler
	Arguments and temporary variables: 
		reference: 	a File
	Receiver's instance variables: 
		commandLine: 	a CommandLineArguments
		session: 	a WorkingSession
		stdout: 	a VTermOutputDriver
		stderr: 	a VTermOutputDriver
		sourceFiles: 	an OrderedCollection(a File a File a File a File)


OrderedCollection>>do:
	Receiver: an OrderedCollection(a File a File a File a File)
	Arguments and temporary variables: 
		aBlock: 	[ :reference |
		self installSourceFile: reference ]
		index: 	1
	Receiver's instance variables: 
		array: 	an Array(a File a File a File a File)
		firstIndex: 	1
		lastIndex: 	4


[ sourceFiles do: [ :reference |
		self installSourceFile: reference ]
	] in STCommandLineHandler>>installSourceFiles
	Receiver: a STCommandLineHandler
	Arguments and temporary variables: 
x
	Receiver's instance variables: 
		commandLine: 	a CommandLineArguments
		session: 	a WorkingSession
		stdout: 	a VTermOutputDriver
		stderr: 	a VTermOutputDriver
		sourceFiles: 	an OrderedCollection(a File a File a File a File)


FullBlockClosure(BlockClosure)>>ensure:
	Receiver: [ sourceFiles do: [ :reference |
		self installSourceFile: reference ]
	]
	Arguments and temporary variables: 
		aBlock: 	[ sourceFiles := nil ]
		handler: 	[ sourceFiles := nil ]
		complete: 	nil
		returnValue: 	nil
	Receiver's instance variables: 
		outerContext: 	STCommandLineHandler>>installSourceFiles
		compiledBlock: 	a CompiledBlock: [ sourceFiles do: [ :reference |
		self ins[..]
		numArgs: 	0
		receiver: 	a STCommandLineHandler


STCommandLineHandler>>installSourceFiles
	Receiver: a STCommandLineHandler
	Arguments and temporary variables: 
x
	Receiver's instance variables: 
		commandLine: 	a CommandLineArguments
		session: 	a WorkingSession
		stdout: 	a VTermOutputDriver
		stderr: 	a VTermOutputDriver
		sourceFiles: 	an OrderedCollection(a File a File a File a File)


STCommandLineHandler>>activate
	Receiver: a STCommandLineHandler
	Arguments and temporary variables: 
x
	Receiver's instance variables: 
		commandLine: 	a CommandLineArguments
		session: 	a WorkingSession
		stdout: 	a VTermOutputDriver
		stderr: 	a VTermOutputDriver
		sourceFiles: 	an OrderedCollection(a File a File a File a File)


STCommandLineHandler class(CommandLineHandler class)>>activateWith:
	Receiver: STCommandLineHandler
	Arguments and temporary variables: 
		aCommandLine: 	a CommandLineArguments
	Receiver's instance variables: 
		superclass: 	CommandLineHandler
		methodDict: 	a MethodDictionary(#activate->STCommandLineHandler>>#activate #[..]
		format: 	65541
		layout: 	a FixedLayout
		protocols: 	an Array(Protocol (private) - 3 selector(s) Protocol (installing[..]
		subclasses: 	{EvaluateCommandLineHandler}
		name: 	#STCommandLineHandler
		classPool: 	nil
		sharedPools: 	an OrderedCollection()
		environment: 	a SystemEnvironment(lots of globals)
		commentSourcePointer: 	60986524
		packageTag: 	a PackageTag(Base)


[ aCommandLinehandler activateWith: commandLine ] in PharoCommandLineHandler(BasicCommandLineHandler)>>activateSubCommand:
	Receiver: a PharoCommandLineHandler
	Arguments and temporary variables: 
		aCommandLinehandler: 	STCommandLineHandler
	Receiver's instance variables: 
		commandLine: 	a CommandLineArguments
		session: 	a WorkingSession
		stdout: 	a VTermOutputDriver
		stderr: 	a VTermOutputDriver


FullBlockClosure(BlockClosure)>>on:do:
	Receiver: [ aCommandLinehandler activateWith: commandLine ]
	Arguments and temporary variables: 
		exception: 	Exit
		handlerAction: 	[ :exit |
		^ self handleExit: exit for: aCommandLinehandler ]
	Receiver's instance variables: 
		outerContext: 	PharoCommandLineHandler(BasicCommandLineHandler)>>activateSub[..]
		compiledBlock: 	a CompiledBlock: [ aCommandLinehandler activateWith: command[..]
		numArgs: 	0
		receiver: 	a PharoCommandLineHandler


PharoCommandLineHandler(BasicCommandLineHandler)>>activateSubCommand:
	Receiver: a PharoCommandLineHandler
	Arguments and temporary variables: 
		aCommandLinehandler: 	STCommandLineHandler
	Receiver's instance variables: 
		commandLine: 	a CommandLineArguments
		session: 	a WorkingSession
		stdout: 	a VTermOutputDriver
		stderr: 	a VTermOutputDriver


PharoCommandLineHandler(BasicCommandLineHandler)>>handleSubcommand
	Receiver: a PharoCommandLineHandler
	Arguments and temporary variables: 
		handlers: 	an OrderedCollection(STCommandLineHandler)
	Receiver's instance variables: 
		commandLine: 	a CommandLineArguments
		session: 	a WorkingSession
		stdout: 	a VTermOutputDriver
		stderr: 	a VTermOutputDriver


PharoCommandLineHandler(BasicCommandLineHandler)>>handleArgument:
	Receiver: a PharoCommandLineHandler
	Arguments and temporary variables: 
		aString: 	'st'
	Receiver's instance variables: 
		commandLine: 	a CommandLineArguments
		session: 	a WorkingSession
		stdout: 	a VTermOutputDriver
		stderr: 	a VTermOutputDriver


[ self handleArgument: self firstArgument ] in [ [ self handleArgument: self firstArgument ]
		on: Exit
		do: [ :exit |
			"If the command line is protected by password, we just exit the image because in non-headless mode the handleExit will let the image open. If the password protection is enabled, it is to avoid to let the access to the image."
			self class commandLinePasswordManager hasPasswordSet
				ifTrue: [ Smalltalk snapshot: false andQuit: true ].
			self handleExit: exit ] ] in PharoCommandLineHandler(BasicCommandLineHandler)>>activate
	Receiver: a PharoCommandLineHandler
	Arguments and temporary variables: 
x
	Receiver's instance variables: 
		commandLine: 	a CommandLineArguments
		session: 	a WorkingSession
		stdout: 	a VTermOutputDriver
		stderr: 	a VTermOutputDriver


FullBlockClosure(BlockClosure)>>on:do:
	Receiver: [ self handleArgument: self firstArgument ]
	Arguments and temporary variables: 
		exception: 	Exit
		handlerAction: 	[ :exit |
			"If the command line is protected by password, [..]
	Receiver's instance variables: 
		outerContext: 	[ [ self handleArgument: self firstArgument ]
		on: Exit
		do[..]
		compiledBlock: 	a CompiledBlock: [ self handleArgument: self firstArgument ]
		numArgs: 	0
		receiver: 	a PharoCommandLineHandler


[ [ self handleArgument: self firstArgument ]
		on: Exit
		do: [ :exit |
			"If the command line is protected by password, we just exit the image because in non-headless mode the handleExit will let the image open. If the password protection is enabled, it is to avoid to let the access to the image."
			self class commandLinePasswordManager hasPasswordSet
				ifTrue: [ Smalltalk snapshot: false andQuit: true ].
			self handleExit: exit ] ] in PharoCommandLineHandler(BasicCommandLineHandler)>>activate
	Receiver: a PharoCommandLineHandler
	Arguments and temporary variables: 
x
	Receiver's instance variables: 
		commandLine: 	a CommandLineArguments
		session: 	a WorkingSession
		stdout: 	a VTermOutputDriver
		stderr: 	a VTermOutputDriver


[self value.
			"IMPORTANT: Do not step over next line of code. See method comments for details"
			Processor terminateRealActive] in FullBlockClosure(BlockClosure)>>newProcess
	Receiver: [ [ self handleArgument: self firstArgument ]
		on: Exit
		do: [ :exit |
			"If the co[..]
	Arguments and temporary variables: 
x
	Receiver's instance variables: 
		outerContext: 	PharoCommandLineHandler(BasicCommandLineHandler)>>activate
		compiledBlock: 	a CompiledBlock: [ [ self handleArgument: self firstArgument[..]
		numArgs: 	0
		receiver: 	a PharoCommandLineHandler



--- The full stack ---
OCUndeclaredVariableNotice(OCNotice)>>signalError
OpalCompiler>>checkNotice:
[ :n |
			| check |
			check := self checkNotice: n.
			check ifNil: [ ^ ast ].
			check ifFalse: [
				ast := nil.
				^ self failBlock ifNotNil: [ :block | block cull: n ] ifNil: [ nil ].
				] ] in OpalCompiler>>parse
OrderedCollection>>do:
OpalCompiler>>parse
OpalCompiler>>compile
OpalCompiler>>evaluate
DoItChunk>>importFor:logSource:
[ :declaration |
		value := declaration importFor: nil logSource: logSource  ] in CodeImporter>>evaluate
OrderedCollection>>do:
CodeImporter>>evaluate
[ codeImporter evaluate ] in STCommandLineHandler>>installSourceFile:
FullBlockClosure(BlockClosure)>>on:do:
STCommandLineHandler>>handleErrorsDuring:reference:
STCommandLineHandler>>installSourceFile:
[ :reference |
		self installSourceFile: reference ] in [ sourceFiles do: [ :reference |
		self installSourceFile: reference ]
	] in STCommandLineHandler>>installSourceFiles
OrderedCollection>>do:
[ sourceFiles do: [ :reference |
		self installSourceFile: reference ]
	] in STCommandLineHandler>>installSourceFiles
FullBlockClosure(BlockClosure)>>ensure:
STCommandLineHandler>>installSourceFiles
STCommandLineHandler>>activate
STCommandLineHandler class(CommandLineHandler class)>>activateWith:
[ aCommandLinehandler activateWith: commandLine ] in PharoCommandLineHandler(BasicCommandLineHandler)>>activateSubCommand:
FullBlockClosure(BlockClosure)>>on:do:
PharoCommandLineHandler(BasicCommandLineHandler)>>activateSubCommand:
PharoCommandLineHandler(BasicCommandLineHandler)>>handleSubcommand
PharoCommandLineHandler(BasicCommandLineHandler)>>handleArgument:
[ self handleArgument: self firstArgument ] in [ [ self handleArgument: self firstArgument ]
		on: Exit
		do: [ :exit |
			"If the command line is protected by password, we just exit the image because in non-headless mode the handleExit will let the image open. If the password protection is enabled, it is to avoid to let the access to the image."
			self class commandLinePasswordManager hasPasswordSet
				ifTrue: [ Smalltalk snapshot: false andQuit: true ].
			self handleExit: exit ] ] in PharoCommandLineHandler(BasicCommandLineHandler)>>activate
FullBlockClosure(BlockClosure)>>on:do:
[ [ self handleArgument: self firstArgument ]
		on: Exit
		do: [ :exit |
			"If the command line is protected by password, we just exit the image because in non-headless mode the handleExit will let the image open. If the password protection is enabled, it is to avoid to let the access to the image."
			self class commandLinePasswordManager hasPasswordSet
				ifTrue: [ Smalltalk snapshot: false andQuit: true ].
			self handleExit: exit ] ] in PharoCommandLineHandler(BasicCommandLineHandler)>>activate
[self value.
			"IMPORTANT: Do not step over next line of code. See method comments for details"
			Processor terminateRealActive] in FullBlockClosure(BlockClosure)>>newProcess
-------------------------------------------------------------------------------

Processes and their stacks: 
Process: a Process in AtomicSharedQueue>>waitForNewItems
  stack:

AtomicSharedQueue>>waitForNewItems
AtomicSharedQueue>>next
TKTWorkerProcess>>privateNextTask
TKTWorkerProcess>>workerLoop
MessageSend>>value
[ aValuable value ] in TKTPharoProcessProvider>>createProcessDoing:named:
[self value.
			"IMPORTANT: Do not step over next line of code. See method comments for details"
			Processor terminateRealActive] in FullBlockClosure(BlockClosure)>>newProcess
------------------------------

Process: a Process in AtomicSharedQueue>>waitForNewItems
  stack:

AtomicSharedQueue>>waitForNewItems
AtomicSharedQueue>>next
TKTWorkerProcess>>privateNextTask
TKTWorkerProcess>>workerLoop
MessageSend>>value
[ aValuable value ] in TKTPharoProcessProvider>>createProcessDoing:named:
[self value.
			"IMPORTANT: Do not step over next line of code. See method comments for details"
			Processor terminateRealActive] in FullBlockClosure(BlockClosure)>>newProcess
------------------------------

Process: a Process in DelayMicrosecondTicker>>waitForUserSignalled:orExpired:
  stack:

DelayMicrosecondTicker>>waitForUserSignalled:orExpired:
[  [runTimerEventLoop] whileTrue:
		[	|nowTick|
			"Warning! Stepping <Over> the following line may lock the Image. Use <Into> or <Proceed>."
		 	ticker waitForUserSignalled: timingSemaphore orExpired: activeDelay.

			"Invoke the api back-ends, which set the transfer-variable to nil"
			suspendSemaphore ifNotNil: [ self suspendAtTimingPriority    ].
			delayToStart     ifNotNil: [ self scheduleAtTimingPriority   ].
			delayToStop      ifNotNil: [ self unscheduleAtTimingPriority ].

			"Signal any expired delays"
			nowTick := ticker nowTick.
			[ 	activeDelay isNotNil and: [nowTick >= activeDelay resumptionTick] ]
					whileTrue: [
						activeDelay timingPrioritySignalExpired.
						activeDelay := suspendedDelays removeFirstOrNil ].
		]
	] in DelaySemaphoreScheduler(DelayBasicScheduler)>>runBackendLoopAtTimingPriority
FullBlockClosure(BlockClosure)>>ensure:
DelaySemaphoreScheduler(DelayBasicScheduler)>>runBackendLoopAtTimingPriority
[ self runBackendLoopAtTimingPriority ] in DelaySemaphoreScheduler(DelayBasicScheduler)>>startTimerEventLoopPriority:
[self value.
			"IMPORTANT: Do not step over next line of code. See method comments for details"
			Processor terminateRealActive] in FullBlockClosure(BlockClosure)>>newProcess
------------------------------

Process: a Process in MorphicRenderLoop>>doOneCycleWhile:
  stack:

MorphicRenderLoop>>doOneCycleWhile:
[ MorphicRenderLoop new doOneCycleWhile: [ true ] ] in MorphicUIManager>>spawnNewProcess
[self value.
			"IMPORTANT: Do not step over next line of code. See method comments for details"
			Processor terminateRealActive] in FullBlockClosure(BlockClosure)>>newProcess
------------------------------

Process: a Process in Process>>endProcess
  stack:

Process>>endProcess
------------------------------

Process: a Process in Process>>endProcess
  stack:

Process>>endProcess
------------------------------

Process: a Process in Process>>endProcess
  stack:

Process>>endProcess
------------------------------

Process: a Process in Process>>endProcess
  stack:

Process>>endProcess
------------------------------

Process: a Process in Process>>endProcess
  stack:

Process>>endProcess
------------------------------

Process: a Process in SmalltalkImage>>lowSpaceWatcher
  stack:

SmalltalkImage>>lowSpaceWatcher
[ self lowSpaceWatcher ] in SmalltalkImage>>installLowSpaceWatcher
[self value.
			"IMPORTANT: Do not step over next line of code. See method comments for details"
			Processor terminateRealActive] in FullBlockClosure(BlockClosure)>>newProcess
------------------------------

Process: a Process in [self value.
			"IMPORTANT: Do not step over next line of code. See method comments for details"
			Processor terminateRealActive] in FullBlockClosure(BlockClosure)>>newProcess
  stack:

[self value.
			"IMPORTANT: Do not step over next line of code. See method comments for details"
			Processor terminateRealActive] in FullBlockClosure(BlockClosure)>>newProcess
------------------------------

Process: a Process in FinalizationProcess class>>finalizationProcess
  stack:

FinalizationProcess class>>finalizationProcess
[self finalizationProcess] in FinalizationProcess class>>restartFinalizationProcess
[self value.
			"IMPORTANT: Do not step over next line of code. See method comments for details"
			Processor terminateRealActive] in FullBlockClosure(BlockClosure)>>newProcess
------------------------------

Process: a Process in nil
  stack:

Array(SequenceableCollection)>>do:
[:logger |
		logger nextPutAll: 'Processes and their stacks: ';cr.

		Process allInstances do: [:each | | ctx |
			logger nextPutAll: 'Process: '; print: each; cr; nextPutAll: '  stack:'; cr; cr.

			ctx := each isActive ifTrue: [ thisContext sender ] ifFalse: [ each suspendedContext ].
			ctx ifNotNil: [
				(ctx stackOfSize: 20) do: [:s | logger print: s; cr ]].
			logger nextPutAll: '------------------------------'; cr; cr.
		]] in [ Smalltalk
		logError: aString
		inContext: aContext.

	" Print stacks of all current processes "

	Smalltalk logDuring: [:logger |
		logger nextPutAll: 'Processes and their stacks: ';cr.

		Process allInstances do: [:each | | ctx |
			logger nextPutAll: 'Process: '; print: each; cr; nextPutAll: '  stack:'; cr; cr.

			ctx := each isActive ifTrue: [ thisContext sender ] ifFalse: [ each suspendedContext ].
			ctx ifNotNil: [
				(ctx stackOfSize: 20) do: [:s | logger print: s; cr ]].
			logger nextPutAll: '------------------------------'; cr; cr.
		]].
	] in NonInteractiveUIManager(CommandLineUIManager)>>quitFrom:withMessage:
[
		logStream := self openLog.
		aMonadicBlock value: logStream.
	] in SmalltalkImage>>logDuring:
FullBlockClosure(BlockClosure)>>ensure:
SmalltalkImage>>logDuring:
[ Smalltalk
		logError: aString
		inContext: aContext.

	" Print stacks of all current processes "

	Smalltalk logDuring: [:logger |
		logger nextPutAll: 'Processes and their stacks: ';cr.

		Process allInstances do: [:each | | ctx |
			logger nextPutAll: 'Process: '; print: each; cr; nextPutAll: '  stack:'; cr; cr.

			ctx := each isActive ifTrue: [ thisContext sender ] ifFalse: [ each suspendedContext ].
			ctx ifNotNil: [
				(ctx stackOfSize: 20) do: [:s | logger print: s; cr ]].
			logger nextPutAll: '------------------------------'; cr; cr.
		]].
	] in NonInteractiveUIManager(CommandLineUIManager)>>quitFrom:withMessage:
FullBlockClosure(BlockClosure)>>ensure:
NonInteractiveUIManager(CommandLineUIManager)>>quitFrom:withMessage:
NonInteractiveUIManager(CommandLineUIManager)>>handleError:log:
NonInteractiveUIManager(UIManager)>>handleError:
Process>>handleError:
OCCodeError(Exception)>>unhandledErrorAction
UnhandledError>>defaultAction
UndefinedObject>>handleSignal:
Context>>handleSignal:
Context>>handleSignal:
Context>>handleSignal:
UnhandledError(Exception)>>signal
UnhandledError class>>signalForException:
OCCodeError(Exception)>>raiseUnhandledError
------------------------------

Process: a Process in Process>>endProcess
  stack:

Process>>endProcess
------------------------------

Process: a Process in Process>>endProcess
  stack:

Process>>endProcess
------------------------------

Process: a Process in [
		[ true ] whileTrue: [
			semaphore wait.
			[self executeCallback: self nextPendingCallback]
				on: Exception fork:  [:ex | ex pass ] ] ] in TFCallbackQueue>>forkCallbackProcess
  stack:

[
		[ true ] whileTrue: [
			semaphore wait.
			[self executeCallback: self nextPendingCallback]
				on: Exception fork:  [:ex | ex pass ] ] ] in TFCallbackQueue>>forkCallbackProcess
[self value.
			"IMPORTANT: Do not step over next line of code. See method comments for details"
			Processor terminateRealActive] in FullBlockClosure(BlockClosure)>>newProcess
------------------------------

Process: a Process in Process>>endProcess
  stack:

Process>>endProcess
------------------------------


===============================================================================
Notice: Errors in script loaded from Ride.st
===============================================================================
THERE_BE_DRAGONS_HERE
Instance of Object class did not understand #subclass:instanceVariableNames:classVariableNames:package:
3 October 2026 6:19:37.521644 am

VM: Mac OS - arm64 - 1000 - CoInterpreter VMMaker-tonel.1 uuid: 80e43a52-2018-0e00-bce4-820906d86bc4 Sep 18 2026
StackToRegisterMappingCogit VMMaker-tonel.1 uuid: 80e43a52-2018-0e00-bce4-820906d86bc4 Sep 18 2026
v10.3.11+0.a585304b1 - Commit: a585304b1 - Date: 2026-09-16 09:19:54 +0200

Image: Pharo13.1.0SNAPSHOT [Build information: Pharo-13.1.0+SNAPSHOT.build.749.sha.d7c6f761d5445e8b04a0aa5137e0d546ad9bcd89 (64 Bit)]

Object class(Object)>>doesNotUnderstand: #subclass:instanceVariableNames:classVariableNames:package:
	Receiver: Object
	Arguments and temporary variables: 
		aMessage: 	subclass: #Ride instanceVariableNames: 'rideID pickupLocation dro[..]
		exception: 	Instance of Object class did not understand #subclass:instanceVa[..]
		resumeValue: 	nil
	Receiver's instance variables: 
		superclass: 	ProtoObject
		methodDict: 	a MethodDictionary(size 446)
		format: 	0
		layout: 	a FixedLayout
		protocols: 	an Array(Protocol (*Collections-DoubleLinkedList) - 1 selector(s[..]
		subclasses: 	{Exception. Path. AbstractAnnouncementSubscription. Stream. Abs[..]
		name: 	#Object
		classPool: 	a Dictionary()
		sharedPools: 	an OrderedCollection()
		environment: 	a SystemEnvironment(lots of globals)
		commentSourcePointer: 	41901590
		packageTag: 	a PackageTag(Objects)


UndefinedObject>>DoIt
	Receiver: nil
	Arguments and temporary variables: 
x
	Receiver's instance variables: 
nil

OCReceiverDoItSemanticScope(OCDoItSemanticScope)>>evaluateDoIt:
	Receiver: an OCReceiverDoItSemanticScope
	Arguments and temporary variables: 
		doItMethod: 	UndefinedObject>>#DoIt
	Receiver's instance variables: 
		outerScope: 	nil
		targetReceiver: 	nil


OpalCompiler>>evaluate
	Receiver: an OpalCompiler
	Arguments and temporary variables: 
		value: 	nil
		doItMethod: 	UndefinedObject>>#DoIt
	Receiver's instance variables: 
		ast: 	DoIt

	Object
		subclass: #Ride
		instanceVariableNames:
		'rideID pic[..]
		source: 	'Object subclass: #Ride
    instanceVariableNames: ''rideID pickupL[..]
		compilationContext: 	an OCCompilationContext
		compilationContextClass: 	nil
		permitFaulty: 	false
		permitUndeclared: 	false
		failBlock: 	nil
		logged: 	true
		changeStamp: 	nil
		protocol: 	nil
		requestor: 	nil
		priorMethod: 	nil


DoItChunk>>importFor:logSource:
	Receiver: a DoItChunk(Object subclass: #Ride
    instanceVariableNames: 'rideID pickupLocation d[..]
	Arguments and temporary variables: 
		requestor: 	nil
		logSource: 	true
		ast: 	OCSequenceNode(Object
	subclass: #Ride
	instanceVariableNames:
	'rideI[..]
	Receiver's instance variables: 
		contents: 	'Object subclass: #Ride
    instanceVariableNames: ''rideID picku[..]


[ :declaration |
		value := declaration importFor: nil logSource: logSource  ] in CodeImporter>>evaluate
	Receiver: a CodeImporter
	Arguments and temporary variables: 
		value: 	nil
		declaration: 	a DoItChunk(Object subclass: #Ride
    instanceVariableNames: [..]
	Receiver's instance variables: 
		readStream: 	a ZnCharacterReadStream
		codeDeclarations: 	an OrderedCollection(a DoItChunk(Object subclass: #Ride
 [..]
		parserClass: 	ChunkFileFormatParser
		logSource: 	true


OrderedCollection>>do:
	Receiver: an OrderedCollection(a DoItChunk(Object subclass: #Ride
    instanceVariableNames: 'ri[..]
	Arguments and temporary variables: 
		aBlock: 	[ :declaration |
		value := declaration importFor: nil logSource: l[..]
		index: 	1
	Receiver's instance variables: 
		array: 	an Array(a DoItChunk(Object subclass: #Ride
    instanceVariableName[..]
		firstIndex: 	1
		lastIndex: 	1


CodeImporter>>evaluate
	Receiver: a CodeImporter
	Arguments and temporary variables: 
		value: 	nil
	Receiver's instance variables: 
		readStream: 	a ZnCharacterReadStream
		codeDeclarations: 	an OrderedCollection(a DoItChunk(Object subclass: #Ride
 [..]
		parserClass: 	ChunkFileFormatParser
		logSource: 	true


[ codeImporter evaluate ] in STCommandLineHandler>>installSourceFile:
	Receiver: a STCommandLineHandler
	Arguments and temporary variables: 
		aReference: 	a File
		codeImporter: 	a CodeImporter
	Receiver's instance variables: 
		commandLine: 	a CommandLineArguments
		session: 	a WorkingSession
		stdout: 	a VTermOutputDriver
		stderr: 	a VTermOutputDriver
		sourceFiles: 	an OrderedCollection(a File a File a File a File)


FullBlockClosure(BlockClosure)>>on:do:
	Receiver: [ codeImporter evaluate ]
	Arguments and temporary variables: 
		exception: 	Error
		handlerAction: 	[ :e | self handleError: e reference: aReference ]
	Receiver's instance variables: 
		outerContext: 	STCommandLineHandler>>installSourceFile:
		compiledBlock: 	a CompiledBlock: [ codeImporter evaluate ]
		numArgs: 	0
		receiver: 	a STCommandLineHandler


STCommandLineHandler>>handleErrorsDuring:reference:
	Receiver: a STCommandLineHandler
	Arguments and temporary variables: 
		aBlock: 	[ codeImporter evaluate ]
		aReference: 	a File
	Receiver's instance variables: 
		commandLine: 	a CommandLineArguments
		session: 	a WorkingSession
		stdout: 	a VTermOutputDriver
		stderr: 	a VTermOutputDriver
		sourceFiles: 	an OrderedCollection(a File a File a File a File)


STCommandLineHandler>>installSourceFile:
	Receiver: a STCommandLineHandler
	Arguments and temporary variables: 
		codeImporter: 	a CodeImporter
		aReference: 	a File
	Receiver's instance variables: 
		commandLine: 	a CommandLineArguments
		session: 	a WorkingSession
		stdout: 	a VTermOutputDriver
		stderr: 	a VTermOutputDriver
		sourceFiles: 	an OrderedCollection(a File a File a File a File)


[ :reference |
		self installSourceFile: reference ] in [ sourceFiles do: [ :reference |
		self installSourceFile: reference ]
	] in STCommandLineHandler>>installSourceFiles
	Receiver: a STCommandLineHandler
	Arguments and temporary variables: 
		reference: 	a File
	Receiver's instance variables: 
		commandLine: 	a CommandLineArguments
		session: 	a WorkingSession
		stdout: 	a VTermOutputDriver
		stderr: 	a VTermOutputDriver
		sourceFiles: 	an OrderedCollection(a File a File a File a File)


OrderedCollection>>do:
	Receiver: an OrderedCollection(a File a File a File a File)
	Arguments and temporary variables: 
		aBlock: 	[ :reference |
		self installSourceFile: reference ]
		index: 	1
	Receiver's instance variables: 
		array: 	an Array(a File a File a File a File)
		firstIndex: 	1
		lastIndex: 	4


[ sourceFiles do: [ :reference |
		self installSourceFile: reference ]
	] in STCommandLineHandler>>installSourceFiles
	Receiver: a STCommandLineHandler
	Arguments and temporary variables: 
x
	Receiver's instance variables: 
		commandLine: 	a CommandLineArguments
		session: 	a WorkingSession
		stdout: 	a VTermOutputDriver
		stderr: 	a VTermOutputDriver
		sourceFiles: 	an OrderedCollection(a File a File a File a File)


FullBlockClosure(BlockClosure)>>ensure:
	Receiver: [ sourceFiles do: [ :reference |
		self installSourceFile: reference ]
	]
	Arguments and temporary variables: 
		aBlock: 	[ sourceFiles := nil ]
		handler: 	[ sourceFiles := nil ]
		complete: 	nil
		returnValue: 	nil
	Receiver's instance variables: 
		outerContext: 	STCommandLineHandler>>installSourceFiles
		compiledBlock: 	a CompiledBlock: [ sourceFiles do: [ :reference |
		self ins[..]
		numArgs: 	0
		receiver: 	a STCommandLineHandler


STCommandLineHandler>>installSourceFiles
	Receiver: a STCommandLineHandler
	Arguments and temporary variables: 
x
	Receiver's instance variables: 
		commandLine: 	a CommandLineArguments
		session: 	a WorkingSession
		stdout: 	a VTermOutputDriver
		stderr: 	a VTermOutputDriver
		sourceFiles: 	an OrderedCollection(a File a File a File a File)


STCommandLineHandler>>activate
	Receiver: a STCommandLineHandler
	Arguments and temporary variables: 
x
	Receiver's instance variables: 
		commandLine: 	a CommandLineArguments
		session: 	a WorkingSession
		stdout: 	a VTermOutputDriver
		stderr: 	a VTermOutputDriver
		sourceFiles: 	an OrderedCollection(a File a File a File a File)


STCommandLineHandler class(CommandLineHandler class)>>activateWith:
	Receiver: STCommandLineHandler
	Arguments and temporary variables: 
		aCommandLine: 	a CommandLineArguments
	Receiver's instance variables: 
		superclass: 	CommandLineHandler
		methodDict: 	a MethodDictionary(#activate->STCommandLineHandler>>#activate #[..]
		format: 	65541
		layout: 	a FixedLayout
		protocols: 	an Array(Protocol (private) - 3 selector(s) Protocol (installing[..]
		subclasses: 	{EvaluateCommandLineHandler}
		name: 	#STCommandLineHandler
		classPool: 	nil
		sharedPools: 	an OrderedCollection()
		environment: 	a SystemEnvironment(lots of globals)
		commentSourcePointer: 	60986524
		packageTag: 	a PackageTag(Base)


[ aCommandLinehandler activateWith: commandLine ] in PharoCommandLineHandler(BasicCommandLineHandler)>>activateSubCommand:
	Receiver: a PharoCommandLineHandler
	Arguments and temporary variables: 
		aCommandLinehandler: 	STCommandLineHandler
	Receiver's instance variables: 
		commandLine: 	a CommandLineArguments
		session: 	a WorkingSession
		stdout: 	a VTermOutputDriver
		stderr: 	a VTermOutputDriver


FullBlockClosure(BlockClosure)>>on:do:
	Receiver: [ aCommandLinehandler activateWith: commandLine ]
	Arguments and temporary variables: 
		exception: 	Exit
		handlerAction: 	[ :exit |
		^ self handleExit: exit for: aCommandLinehandler ]
	Receiver's instance variables: 
		outerContext: 	PharoCommandLineHandler(BasicCommandLineHandler)>>activateSub[..]
		compiledBlock: 	a CompiledBlock: [ aCommandLinehandler activateWith: command[..]
		numArgs: 	0
		receiver: 	a PharoCommandLineHandler


PharoCommandLineHandler(BasicCommandLineHandler)>>activateSubCommand:
	Receiver: a PharoCommandLineHandler
	Arguments and temporary variables: 
		aCommandLinehandler: 	STCommandLineHandler
	Receiver's instance variables: 
		commandLine: 	a CommandLineArguments
		session: 	a WorkingSession
		stdout: 	a VTermOutputDriver
		stderr: 	a VTermOutputDriver


PharoCommandLineHandler(BasicCommandLineHandler)>>handleSubcommand
	Receiver: a PharoCommandLineHandler
	Arguments and temporary variables: 
		handlers: 	an OrderedCollection(STCommandLineHandler)
	Receiver's instance variables: 
		commandLine: 	a CommandLineArguments
		session: 	a WorkingSession
		stdout: 	a VTermOutputDriver
		stderr: 	a VTermOutputDriver


PharoCommandLineHandler(BasicCommandLineHandler)>>handleArgument:
	Receiver: a PharoCommandLineHandler
	Arguments and temporary variables: 
		aString: 	'st'
	Receiver's instance variables: 
		commandLine: 	a CommandLineArguments
		session: 	a WorkingSession
		stdout: 	a VTermOutputDriver
		stderr: 	a VTermOutputDriver


[ self handleArgument: self firstArgument ] in [ [ self handleArgument: self firstArgument ]
		on: Exit
		do: [ :exit |
			"If the command line is protected by password, we just exit the image because in non-headless mode the handleExit will let the image open. If the password protection is enabled, it is to avoid to let the access to the image."
			self class commandLinePasswordManager hasPasswordSet
				ifTrue: [ Smalltalk snapshot: false andQuit: true ].
			self handleExit: exit ] ] in PharoCommandLineHandler(BasicCommandLineHandler)>>activate
	Receiver: a PharoCommandLineHandler
	Arguments and temporary variables: 
x
	Receiver's instance variables: 
		commandLine: 	a CommandLineArguments
		session: 	a WorkingSession
		stdout: 	a VTermOutputDriver
		stderr: 	a VTermOutputDriver


FullBlockClosure(BlockClosure)>>on:do:
	Receiver: [ self handleArgument: self firstArgument ]
	Arguments and temporary variables: 
		exception: 	Exit
		handlerAction: 	[ :exit |
			"If the command line is protected by password, [..]
	Receiver's instance variables: 
		outerContext: 	[ [ self handleArgument: self firstArgument ]
		on: Exit
		do[..]
		compiledBlock: 	a CompiledBlock: [ self handleArgument: self firstArgument ]
		numArgs: 	0
		receiver: 	a PharoCommandLineHandler


[ [ self handleArgument: self firstArgument ]
		on: Exit
		do: [ :exit |
			"If the command line is protected by password, we just exit the image because in non-headless mode the handleExit will let the image open. If the password protection is enabled, it is to avoid to let the access to the image."
			self class commandLinePasswordManager hasPasswordSet
				ifTrue: [ Smalltalk snapshot: false andQuit: true ].
			self handleExit: exit ] ] in PharoCommandLineHandler(BasicCommandLineHandler)>>activate
	Receiver: a PharoCommandLineHandler
	Arguments and temporary variables: 
x
	Receiver's instance variables: 
		commandLine: 	a CommandLineArguments
		session: 	a WorkingSession
		stdout: 	a VTermOutputDriver
		stderr: 	a VTermOutputDriver


[self value.
			"IMPORTANT: Do not step over next line of code. See method comments for details"
			Processor terminateRealActive] in FullBlockClosure(BlockClosure)>>newProcess
	Receiver: [ [ self handleArgument: self firstArgument ]
		on: Exit
		do: [ :exit |
			"If the co[..]
	Arguments and temporary variables: 
x
	Receiver's instance variables: 
		outerContext: 	PharoCommandLineHandler(BasicCommandLineHandler)>>activate
		compiledBlock: 	a CompiledBlock: [ [ self handleArgument: self firstArgument[..]
		numArgs: 	0
		receiver: 	a PharoCommandLineHandler



--- The full stack ---
Object class(Object)>>doesNotUnderstand: #subclass:instanceVariableNames:classVariableNames:package:
UndefinedObject>>DoIt
OCReceiverDoItSemanticScope(OCDoItSemanticScope)>>evaluateDoIt:
OpalCompiler>>evaluate
DoItChunk>>importFor:logSource:
[ :declaration |
		value := declaration importFor: nil logSource: logSource  ] in CodeImporter>>evaluate
OrderedCollection>>do:
CodeImporter>>evaluate
[ codeImporter evaluate ] in STCommandLineHandler>>installSourceFile:
FullBlockClosure(BlockClosure)>>on:do:
STCommandLineHandler>>handleErrorsDuring:reference:
STCommandLineHandler>>installSourceFile:
[ :reference |
		self installSourceFile: reference ] in [ sourceFiles do: [ :reference |
		self installSourceFile: reference ]
	] in STCommandLineHandler>>installSourceFiles
OrderedCollection>>do:
[ sourceFiles do: [ :reference |
		self installSourceFile: reference ]
	] in STCommandLineHandler>>installSourceFiles
FullBlockClosure(BlockClosure)>>ensure:
STCommandLineHandler>>installSourceFiles
STCommandLineHandler>>activate
STCommandLineHandler class(CommandLineHandler class)>>activateWith:
[ aCommandLinehandler activateWith: commandLine ] in PharoCommandLineHandler(BasicCommandLineHandler)>>activateSubCommand:
FullBlockClosure(BlockClosure)>>on:do:
PharoCommandLineHandler(BasicCommandLineHandler)>>activateSubCommand:
PharoCommandLineHandler(BasicCommandLineHandler)>>handleSubcommand
PharoCommandLineHandler(BasicCommandLineHandler)>>handleArgument:
[ self handleArgument: self firstArgument ] in [ [ self handleArgument: self firstArgument ]
		on: Exit
		do: [ :exit |
			"If the command line is protected by password, we just exit the image because in non-headless mode the handleExit will let the image open. If the password protection is enabled, it is to avoid to let the access to the image."
			self class commandLinePasswordManager hasPasswordSet
				ifTrue: [ Smalltalk snapshot: false andQuit: true ].
			self handleExit: exit ] ] in PharoCommandLineHandler(BasicCommandLineHandler)>>activate
FullBlockClosure(BlockClosure)>>on:do:
[ [ self handleArgument: self firstArgument ]
		on: Exit
		do: [ :exit |
			"If the command line is protected by password, we just exit the image because in non-headless mode the handleExit will let the image open. If the password protection is enabled, it is to avoid to let the access to the image."
			self class commandLinePasswordManager hasPasswordSet
				ifTrue: [ Smalltalk snapshot: false andQuit: true ].
			self handleExit: exit ] ] in PharoCommandLineHandler(BasicCommandLineHandler)>>activate
[self value.
			"IMPORTANT: Do not step over next line of code. See method comments for details"
			Processor terminateRealActive] in FullBlockClosure(BlockClosure)>>newProcess
-------------------------------------------------------------------------------

Processes and their stacks: 
Process: a Process in AtomicSharedQueue>>waitForNewItems
  stack:

AtomicSharedQueue>>waitForNewItems
AtomicSharedQueue>>next
TKTWorkerProcess>>privateNextTask
TKTWorkerProcess>>workerLoop
MessageSend>>value
[ aValuable value ] in TKTPharoProcessProvider>>createProcessDoing:named:
[self value.
			"IMPORTANT: Do not step over next line of code. See method comments for details"
			Processor terminateRealActive] in FullBlockClosure(BlockClosure)>>newProcess
------------------------------

Process: a Process in AtomicSharedQueue>>waitForNewItems
  stack:

AtomicSharedQueue>>waitForNewItems
AtomicSharedQueue>>next
TKTWorkerProcess>>privateNextTask
TKTWorkerProcess>>workerLoop
MessageSend>>value
[ aValuable value ] in TKTPharoProcessProvider>>createProcessDoing:named:
[self value.
			"IMPORTANT: Do not step over next line of code. See method comments for details"
			Processor terminateRealActive] in FullBlockClosure(BlockClosure)>>newProcess
------------------------------

Process: a Process in DelayMicrosecondTicker>>waitForUserSignalled:orExpired:
  stack:

DelayMicrosecondTicker>>waitForUserSignalled:orExpired:
[  [runTimerEventLoop] whileTrue:
		[	|nowTick|
			"Warning! Stepping <Over> the following line may lock the Image. Use <Into> or <Proceed>."
		 	ticker waitForUserSignalled: timingSemaphore orExpired: activeDelay.

			"Invoke the api back-ends, which set the transfer-variable to nil"
			suspendSemaphore ifNotNil: [ self suspendAtTimingPriority    ].
			delayToStart     ifNotNil: [ self scheduleAtTimingPriority   ].
			delayToStop      ifNotNil: [ self unscheduleAtTimingPriority ].

			"Signal any expired delays"
			nowTick := ticker nowTick.
			[ 	activeDelay isNotNil and: [nowTick >= activeDelay resumptionTick] ]
					whileTrue: [
						activeDelay timingPrioritySignalExpired.
						activeDelay := suspendedDelays removeFirstOrNil ].
		]
	] in DelaySemaphoreScheduler(DelayBasicScheduler)>>runBackendLoopAtTimingPriority
FullBlockClosure(BlockClosure)>>ensure:
DelaySemaphoreScheduler(DelayBasicScheduler)>>runBackendLoopAtTimingPriority
[ self runBackendLoopAtTimingPriority ] in DelaySemaphoreScheduler(DelayBasicScheduler)>>startTimerEventLoopPriority:
[self value.
			"IMPORTANT: Do not step over next line of code. See method comments for details"
			Processor terminateRealActive] in FullBlockClosure(BlockClosure)>>newProcess
------------------------------

Process: a Process in MorphicRenderLoop>>doOneCycleWhile:
  stack:

MorphicRenderLoop>>doOneCycleWhile:
[ MorphicRenderLoop new doOneCycleWhile: [ true ] ] in MorphicUIManager>>spawnNewProcess
[self value.
			"IMPORTANT: Do not step over next line of code. See method comments for details"
			Processor terminateRealActive] in FullBlockClosure(BlockClosure)>>newProcess
------------------------------

Process: a Process in Process>>endProcess
  stack:

Process>>endProcess
------------------------------

Process: a Process in Process>>endProcess
  stack:

Process>>endProcess
------------------------------

Process: a Process in Process>>endProcess
  stack:

Process>>endProcess
------------------------------

Process: a Process in Process>>endProcess
  stack:

Process>>endProcess
------------------------------

Process: a Process in Process>>endProcess
  stack:

Process>>endProcess
------------------------------

Process: a Process in SmalltalkImage>>lowSpaceWatcher
  stack:

SmalltalkImage>>lowSpaceWatcher
[ self lowSpaceWatcher ] in SmalltalkImage>>installLowSpaceWatcher
[self value.
			"IMPORTANT: Do not step over next line of code. See method comments for details"
			Processor terminateRealActive] in FullBlockClosure(BlockClosure)>>newProcess
------------------------------

Process: a Process in [self value.
			"IMPORTANT: Do not step over next line of code. See method comments for details"
			Processor terminateRealActive] in FullBlockClosure(BlockClosure)>>newProcess
  stack:

[self value.
			"IMPORTANT: Do not step over next line of code. See method comments for details"
			Processor terminateRealActive] in FullBlockClosure(BlockClosure)>>newProcess
------------------------------

Process: a Process in FinalizationProcess class>>finalizationProcess
  stack:

FinalizationProcess class>>finalizationProcess
[self finalizationProcess] in FinalizationProcess class>>restartFinalizationProcess
[self value.
			"IMPORTANT: Do not step over next line of code. See method comments for details"
			Processor terminateRealActive] in FullBlockClosure(BlockClosure)>>newProcess
------------------------------

Process: a Process in nil
  stack:

Array(SequenceableCollection)>>do:
[:logger |
		logger nextPutAll: 'Processes and their stacks: ';cr.

		Process allInstances do: [:each | | ctx |
			logger nextPutAll: 'Process: '; print: each; cr; nextPutAll: '  stack:'; cr; cr.

			ctx := each isActive ifTrue: [ thisContext sender ] ifFalse: [ each suspendedContext ].
			ctx ifNotNil: [
				(ctx stackOfSize: 20) do: [:s | logger print: s; cr ]].
			logger nextPutAll: '------------------------------'; cr; cr.
		]] in [ Smalltalk
		logError: aString
		inContext: aContext.

	" Print stacks of all current processes "

	Smalltalk logDuring: [:logger |
		logger nextPutAll: 'Processes and their stacks: ';cr.

		Process allInstances do: [:each | | ctx |
			logger nextPutAll: 'Process: '; print: each; cr; nextPutAll: '  stack:'; cr; cr.

			ctx := each isActive ifTrue: [ thisContext sender ] ifFalse: [ each suspendedContext ].
			ctx ifNotNil: [
				(ctx stackOfSize: 20) do: [:s | logger print: s; cr ]].
			logger nextPutAll: '------------------------------'; cr; cr.
		]].
	] in NonInteractiveUIManager(CommandLineUIManager)>>quitFrom:withMessage:
[
		logStream := self openLog.
		aMonadicBlock value: logStream.
	] in SmalltalkImage>>logDuring:
FullBlockClosure(BlockClosure)>>ensure:
SmalltalkImage>>logDuring:
[ Smalltalk
		logError: aString
		inContext: aContext.

	" Print stacks of all current processes "

	Smalltalk logDuring: [:logger |
		logger nextPutAll: 'Processes and their stacks: ';cr.

		Process allInstances do: [:each | | ctx |
			logger nextPutAll: 'Process: '; print: each; cr; nextPutAll: '  stack:'; cr; cr.

			ctx := each isActive ifTrue: [ thisContext sender ] ifFalse: [ each suspendedContext ].
			ctx ifNotNil: [
				(ctx stackOfSize: 20) do: [:s | logger print: s; cr ]].
			logger nextPutAll: '------------------------------'; cr; cr.
		]].
	] in NonInteractiveUIManager(CommandLineUIManager)>>quitFrom:withMessage:
FullBlockClosure(BlockClosure)>>ensure:
NonInteractiveUIManager(CommandLineUIManager)>>quitFrom:withMessage:
NonInteractiveUIManager(CommandLineUIManager)>>handleError:log:
NonInteractiveUIManager(UIManager)>>handleError:
Process>>handleError:
MessageNotUnderstood(Exception)>>unhandledErrorAction
UnhandledError>>defaultAction
UndefinedObject>>handleSignal:
Context>>handleSignal:
Context>>handleSignal:
Context>>handleSignal:
UnhandledError(Exception)>>signal
UnhandledError class>>signalForException:
MessageNotUnderstood(Exception)>>raiseUnhandledError
------------------------------

Process: a Process in Process>>endProcess
  stack:

Process>>endProcess
------------------------------

Process: a Process in Process>>endProcess
  stack:

Process>>endProcess
------------------------------

Process: a Process in [
		[ true ] whileTrue: [
			semaphore wait.
			[self executeCallback: self nextPendingCallback]
				on: Exception fork:  [:ex | ex pass ] ] ] in TFCallbackQueue>>forkCallbackProcess
  stack:

[
		[ true ] whileTrue: [
			semaphore wait.
			[self executeCallback: self nextPendingCallback]
				on: Exception fork:  [:ex | ex pass ] ] ] in TFCallbackQueue>>forkCallbackProcess
[self value.
			"IMPORTANT: Do not step over next line of code. See method comments for details"
			Processor terminateRealActive] in FullBlockClosure(BlockClosure)>>newProcess
------------------------------

Process: a Process in Process>>endProcess
  stack:

Process>>endProcess
------------------------------


===============================================================================
Notice: Errors in script loaded from Ride.st
===============================================================================
THERE_BE_DRAGONS_HERE
KeyNotFound: key #Ride not found in SystemEnvironment
3 October 2026 6:22:31.660589 am

VM: Mac OS - arm64 - 1000 - CoInterpreter VMMaker-tonel.1 uuid: 80e43a52-2018-0e00-bce4-820906d86bc4 Sep 18 2026
StackToRegisterMappingCogit VMMaker-tonel.1 uuid: 80e43a52-2018-0e00-bce4-820906d86bc4 Sep 18 2026
v10.3.11+0.a585304b1 - Commit: a585304b1 - Date: 2026-09-16 09:19:54 +0200

Image: Pharo13.1.0SNAPSHOT [Build information: Pharo-13.1.0+SNAPSHOT.build.749.sha.d7c6f761d5445e8b04a0aa5137e0d546ad9bcd89 (64 Bit)]

SystemEnvironment(Dictionary)>>errorKeyNotFound:
	Receiver: a SystemEnvironment(lots of globals)
	Arguments and temporary variables: 
		aKey: 	#Ride
	Receiver's instance variables: 
		tally: 	10841
		array: 	an Array(#SpMockBackend->SpMockBackend #PragmaMenuBuilder->PragmaMen[..]
		cachedClassNames: 	an OrderedCollection(#AColorSelectorMorph #AIAstar #AIAst[..]
		cachedNonClassNames: 	an OrderedCollection(#ASTAbstractBlockVisitor #ASTAbst[..]
		cachedBehaviors: 	an OrderedCollection(AColorSelectorMorph AColorSelectorMor[..]
		pseudoVariables: 	a Dictionary(#self->self #super->super #thisContext->thisC[..]


[self errorKeyNotFound: key] in SystemEnvironment(Dictionary)>>at:
	Receiver: a SystemEnvironment(lots of globals)
	Arguments and temporary variables: 
		key: 	#Ride
	Receiver's instance variables: 
		tally: 	10841
		array: 	an Array(#SpMockBackend->SpMockBackend #PragmaMenuBuilder->PragmaMen[..]
		cachedClassNames: 	an OrderedCollection(#AColorSelectorMorph #AIAstar #AIAst[..]
		cachedNonClassNames: 	an OrderedCollection(#ASTAbstractBlockVisitor #ASTAbst[..]
		cachedBehaviors: 	an OrderedCollection(AColorSelectorMorph AColorSelectorMor[..]
		pseudoVariables: 	a Dictionary(#self->self #super->super #thisContext->thisC[..]


SystemEnvironment(Dictionary)>>at:ifAbsent:
	Receiver: a SystemEnvironment(lots of globals)
	Arguments and temporary variables: 
		key: 	#Ride
		aBlock: 	[self errorKeyNotFound: key]
	Receiver's instance variables: 
		tally: 	10841
		array: 	an Array(#SpMockBackend->SpMockBackend #PragmaMenuBuilder->PragmaMen[..]
		cachedClassNames: 	an OrderedCollection(#AColorSelectorMorph #AIAstar #AIAst[..]
		cachedNonClassNames: 	an OrderedCollection(#ASTAbstractBlockVisitor #ASTAbst[..]
		cachedBehaviors: 	an OrderedCollection(AColorSelectorMorph AColorSelectorMor[..]
		pseudoVariables: 	a Dictionary(#self->self #super->super #thisContext->thisC[..]


SystemEnvironment(Dictionary)>>at:
	Receiver: a SystemEnvironment(lots of globals)
	Arguments and temporary variables: 
		key: 	#Ride
	Receiver's instance variables: 
		tally: 	10841
		array: 	an Array(#SpMockBackend->SpMockBackend #PragmaMenuBuilder->PragmaMen[..]
		cachedClassNames: 	an OrderedCollection(#AColorSelectorMorph #AIAstar #AIAst[..]
		cachedNonClassNames: 	an OrderedCollection(#ASTAbstractBlockVisitor #ASTAbst[..]
		cachedBehaviors: 	an OrderedCollection(AColorSelectorMorph AColorSelectorMor[..]
		pseudoVariables: 	a Dictionary(#self->self #super->super #thisContext->thisC[..]


UndefinedObject>>DoIt
	Receiver: nil
	Arguments and temporary variables: 
x
	Receiver's instance variables: 
nil

OCReceiverDoItSemanticScope(OCDoItSemanticScope)>>evaluateDoIt:
	Receiver: an OCReceiverDoItSemanticScope
	Arguments and temporary variables: 
		doItMethod: 	UndefinedObject>>#DoIt
	Receiver's instance variables: 
		outerScope: 	nil
		targetReceiver: 	nil


OpalCompiler>>evaluate
	Receiver: an OpalCompiler
	Arguments and temporary variables: 
		value: 	nil
		doItMethod: 	UndefinedObject>>#DoIt
	Receiver's instance variables: 
		ast: 	DoIt

	(Object << #Ride)
		slots: { #rideID. #pickupLocation. #dropoff[..]
		source: 	'Object << #Ride
    slots: { #rideID . #pickupLocation . #dropoffL[..]
		compilationContext: 	an OCCompilationContext
		compilationContextClass: 	nil
		permitFaulty: 	false
		permitUndeclared: 	false
		failBlock: 	nil
		logged: 	true
		changeStamp: 	nil
		protocol: 	nil
		requestor: 	nil
		priorMethod: 	nil


DoItChunk>>importFor:logSource:
	Receiver: a DoItChunk(Object << #Ride
    slots: { #rideID . #pickupLocation . #dropoffLocation [..]
	Arguments and temporary variables: 
		requestor: 	nil
		logSource: 	true
		ast: 	OCSequenceNode((Object << #Ride)
	slots: { #rideID. #pickupLocation. #[..]
	Receiver's instance variables: 
		contents: 	'Object << #Ride
    slots: { #rideID . #pickupLocation . #dropof[..]


[ :declaration |
		value := declaration importFor: nil logSource: logSource  ] in CodeImporter>>evaluate
	Receiver: a CodeImporter
	Arguments and temporary variables: 
		value: 	nil
		declaration: 	a DoItChunk(Object << #Ride
    slots: { #rideID . #pickupLoca[..]
	Receiver's instance variables: 
		readStream: 	a ZnCharacterReadStream
		codeDeclarations: 	an OrderedCollection(a DoItChunk(Object << #Ride
    slot[..]
		parserClass: 	ChunkFileFormatParser
		logSource: 	true


OrderedCollection>>do:
	Receiver: an OrderedCollection(a DoItChunk(Object << #Ride
    slots: { #rideID . #pickupLocatio[..]
	Arguments and temporary variables: 
		aBlock: 	[ :declaration |
		value := declaration importFor: nil logSource: l[..]
		index: 	1
	Receiver's instance variables: 
		array: 	an Array(a DoItChunk(Object << #Ride
    slots: { #rideID . #pickupL[..]
		firstIndex: 	1
		lastIndex: 	1


CodeImporter>>evaluate
	Receiver: a CodeImporter
	Arguments and temporary variables: 
		value: 	nil
	Receiver's instance variables: 
		readStream: 	a ZnCharacterReadStream
		codeDeclarations: 	an OrderedCollection(a DoItChunk(Object << #Ride
    slot[..]
		parserClass: 	ChunkFileFormatParser
		logSource: 	true


[ codeImporter evaluate ] in STCommandLineHandler>>installSourceFile:
	Receiver: a STCommandLineHandler
	Arguments and temporary variables: 
		aReference: 	a File
		codeImporter: 	a CodeImporter
	Receiver's instance variables: 
		commandLine: 	a CommandLineArguments
		session: 	a WorkingSession
		stdout: 	a VTermOutputDriver
		stderr: 	a VTermOutputDriver
		sourceFiles: 	an OrderedCollection(a File a File a File a File)


FullBlockClosure(BlockClosure)>>on:do:
	Receiver: [ codeImporter evaluate ]
	Arguments and temporary variables: 
		exception: 	Error
		handlerAction: 	[ :e | self handleError: e reference: aReference ]
	Receiver's instance variables: 
		outerContext: 	STCommandLineHandler>>installSourceFile:
		compiledBlock: 	a CompiledBlock: [ codeImporter evaluate ]
		numArgs: 	0
		receiver: 	a STCommandLineHandler


STCommandLineHandler>>handleErrorsDuring:reference:
	Receiver: a STCommandLineHandler
	Arguments and temporary variables: 
		aBlock: 	[ codeImporter evaluate ]
		aReference: 	a File
	Receiver's instance variables: 
		commandLine: 	a CommandLineArguments
		session: 	a WorkingSession
		stdout: 	a VTermOutputDriver
		stderr: 	a VTermOutputDriver
		sourceFiles: 	an OrderedCollection(a File a File a File a File)


STCommandLineHandler>>installSourceFile:
	Receiver: a STCommandLineHandler
	Arguments and temporary variables: 
		codeImporter: 	a CodeImporter
		aReference: 	a File
	Receiver's instance variables: 
		commandLine: 	a CommandLineArguments
		session: 	a WorkingSession
		stdout: 	a VTermOutputDriver
		stderr: 	a VTermOutputDriver
		sourceFiles: 	an OrderedCollection(a File a File a File a File)


[ :reference |
		self installSourceFile: reference ] in [ sourceFiles do: [ :reference |
		self installSourceFile: reference ]
	] in STCommandLineHandler>>installSourceFiles
	Receiver: a STCommandLineHandler
	Arguments and temporary variables: 
		reference: 	a File
	Receiver's instance variables: 
		commandLine: 	a CommandLineArguments
		session: 	a WorkingSession
		stdout: 	a VTermOutputDriver
		stderr: 	a VTermOutputDriver
		sourceFiles: 	an OrderedCollection(a File a File a File a File)


OrderedCollection>>do:
	Receiver: an OrderedCollection(a File a File a File a File)
	Arguments and temporary variables: 
		aBlock: 	[ :reference |
		self installSourceFile: reference ]
		index: 	1
	Receiver's instance variables: 
		array: 	an Array(a File a File a File a File)
		firstIndex: 	1
		lastIndex: 	4


[ sourceFiles do: [ :reference |
		self installSourceFile: reference ]
	] in STCommandLineHandler>>installSourceFiles
	Receiver: a STCommandLineHandler
	Arguments and temporary variables: 
x
	Receiver's instance variables: 
		commandLine: 	a CommandLineArguments
		session: 	a WorkingSession
		stdout: 	a VTermOutputDriver
		stderr: 	a VTermOutputDriver
		sourceFiles: 	an OrderedCollection(a File a File a File a File)


FullBlockClosure(BlockClosure)>>ensure:
	Receiver: [ sourceFiles do: [ :reference |
		self installSourceFile: reference ]
	]
	Arguments and temporary variables: 
		aBlock: 	[ sourceFiles := nil ]
		handler: 	[ sourceFiles := nil ]
		complete: 	nil
		returnValue: 	nil
	Receiver's instance variables: 
		outerContext: 	STCommandLineHandler>>installSourceFiles
		compiledBlock: 	a CompiledBlock: [ sourceFiles do: [ :reference |
		self ins[..]
		numArgs: 	0
		receiver: 	a STCommandLineHandler


STCommandLineHandler>>installSourceFiles
	Receiver: a STCommandLineHandler
	Arguments and temporary variables: 
x
	Receiver's instance variables: 
		commandLine: 	a CommandLineArguments
		session: 	a WorkingSession
		stdout: 	a VTermOutputDriver
		stderr: 	a VTermOutputDriver
		sourceFiles: 	an OrderedCollection(a File a File a File a File)


STCommandLineHandler>>activate
	Receiver: a STCommandLineHandler
	Arguments and temporary variables: 
x
	Receiver's instance variables: 
		commandLine: 	a CommandLineArguments
		session: 	a WorkingSession
		stdout: 	a VTermOutputDriver
		stderr: 	a VTermOutputDriver
		sourceFiles: 	an OrderedCollection(a File a File a File a File)


STCommandLineHandler class(CommandLineHandler class)>>activateWith:
	Receiver: STCommandLineHandler
	Arguments and temporary variables: 
		aCommandLine: 	a CommandLineArguments
	Receiver's instance variables: 
		superclass: 	CommandLineHandler
		methodDict: 	a MethodDictionary(#activate->STCommandLineHandler>>#activate #[..]
		format: 	65541
		layout: 	a FixedLayout
		protocols: 	an Array(Protocol (private) - 3 selector(s) Protocol (installing[..]
		subclasses: 	{EvaluateCommandLineHandler}
		name: 	#STCommandLineHandler
		classPool: 	nil
		sharedPools: 	an OrderedCollection()
		environment: 	a SystemEnvironment(lots of globals)
		commentSourcePointer: 	60986524
		packageTag: 	a PackageTag(Base)


[ aCommandLinehandler activateWith: commandLine ] in PharoCommandLineHandler(BasicCommandLineHandler)>>activateSubCommand:
	Receiver: a PharoCommandLineHandler
	Arguments and temporary variables: 
		aCommandLinehandler: 	STCommandLineHandler
	Receiver's instance variables: 
		commandLine: 	a CommandLineArguments
		session: 	a WorkingSession
		stdout: 	a VTermOutputDriver
		stderr: 	a VTermOutputDriver


FullBlockClosure(BlockClosure)>>on:do:
	Receiver: [ aCommandLinehandler activateWith: commandLine ]
	Arguments and temporary variables: 
		exception: 	Exit
		handlerAction: 	[ :exit |
		^ self handleExit: exit for: aCommandLinehandler ]
	Receiver's instance variables: 
		outerContext: 	PharoCommandLineHandler(BasicCommandLineHandler)>>activateSub[..]
		compiledBlock: 	a CompiledBlock: [ aCommandLinehandler activateWith: command[..]
		numArgs: 	0
		receiver: 	a PharoCommandLineHandler


PharoCommandLineHandler(BasicCommandLineHandler)>>activateSubCommand:
	Receiver: a PharoCommandLineHandler
	Arguments and temporary variables: 
		aCommandLinehandler: 	STCommandLineHandler
	Receiver's instance variables: 
		commandLine: 	a CommandLineArguments
		session: 	a WorkingSession
		stdout: 	a VTermOutputDriver
		stderr: 	a VTermOutputDriver


PharoCommandLineHandler(BasicCommandLineHandler)>>handleSubcommand
	Receiver: a PharoCommandLineHandler
	Arguments and temporary variables: 
		handlers: 	an OrderedCollection(STCommandLineHandler)
	Receiver's instance variables: 
		commandLine: 	a CommandLineArguments
		session: 	a WorkingSession
		stdout: 	a VTermOutputDriver
		stderr: 	a VTermOutputDriver


PharoCommandLineHandler(BasicCommandLineHandler)>>handleArgument:
	Receiver: a PharoCommandLineHandler
	Arguments and temporary variables: 
		aString: 	'st'
	Receiver's instance variables: 
		commandLine: 	a CommandLineArguments
		session: 	a WorkingSession
		stdout: 	a VTermOutputDriver
		stderr: 	a VTermOutputDriver


[ self handleArgument: self firstArgument ] in [ [ self handleArgument: self firstArgument ]
		on: Exit
		do: [ :exit |
			"If the command line is protected by password, we just exit the image because in non-headless mode the handleExit will let the image open. If the password protection is enabled, it is to avoid to let the access to the image."
			self class commandLinePasswordManager hasPasswordSet
				ifTrue: [ Smalltalk snapshot: false andQuit: true ].
			self handleExit: exit ] ] in PharoCommandLineHandler(BasicCommandLineHandler)>>activate
	Receiver: a PharoCommandLineHandler
	Arguments and temporary variables: 
x
	Receiver's instance variables: 
		commandLine: 	a CommandLineArguments
		session: 	a WorkingSession
		stdout: 	a VTermOutputDriver
		stderr: 	a VTermOutputDriver


FullBlockClosure(BlockClosure)>>on:do:
	Receiver: [ self handleArgument: self firstArgument ]
	Arguments and temporary variables: 
		exception: 	Exit
		handlerAction: 	[ :exit |
			"If the command line is protected by password, [..]
	Receiver's instance variables: 
		outerContext: 	[ [ self handleArgument: self firstArgument ]
		on: Exit
		do[..]
		compiledBlock: 	a CompiledBlock: [ self handleArgument: self firstArgument ]
		numArgs: 	0
		receiver: 	a PharoCommandLineHandler


[ [ self handleArgument: self firstArgument ]
		on: Exit
		do: [ :exit |
			"If the command line is protected by password, we just exit the image because in non-headless mode the handleExit will let the image open. If the password protection is enabled, it is to avoid to let the access to the image."
			self class commandLinePasswordManager hasPasswordSet
				ifTrue: [ Smalltalk snapshot: false andQuit: true ].
			self handleExit: exit ] ] in PharoCommandLineHandler(BasicCommandLineHandler)>>activate
	Receiver: a PharoCommandLineHandler
	Arguments and temporary variables: 
x
	Receiver's instance variables: 
		commandLine: 	a CommandLineArguments
		session: 	a WorkingSession
		stdout: 	a VTermOutputDriver
		stderr: 	a VTermOutputDriver


[self value.
			"IMPORTANT: Do not step over next line of code. See method comments for details"
			Processor terminateRealActive] in FullBlockClosure(BlockClosure)>>newProcess
	Receiver: [ [ self handleArgument: self firstArgument ]
		on: Exit
		do: [ :exit |
			"If the co[..]
	Arguments and temporary variables: 
x
	Receiver's instance variables: 
		outerContext: 	PharoCommandLineHandler(BasicCommandLineHandler)>>activate
		compiledBlock: 	a CompiledBlock: [ [ self handleArgument: self firstArgument[..]
		numArgs: 	0
		receiver: 	a PharoCommandLineHandler



--- The full stack ---
SystemEnvironment(Dictionary)>>errorKeyNotFound:
[self errorKeyNotFound: key] in SystemEnvironment(Dictionary)>>at:
SystemEnvironment(Dictionary)>>at:ifAbsent:
SystemEnvironment(Dictionary)>>at:
UndefinedObject>>DoIt
OCReceiverDoItSemanticScope(OCDoItSemanticScope)>>evaluateDoIt:
OpalCompiler>>evaluate
DoItChunk>>importFor:logSource:
[ :declaration |
		value := declaration importFor: nil logSource: logSource  ] in CodeImporter>>evaluate
OrderedCollection>>do:
CodeImporter>>evaluate
[ codeImporter evaluate ] in STCommandLineHandler>>installSourceFile:
FullBlockClosure(BlockClosure)>>on:do:
STCommandLineHandler>>handleErrorsDuring:reference:
STCommandLineHandler>>installSourceFile:
[ :reference |
		self installSourceFile: reference ] in [ sourceFiles do: [ :reference |
		self installSourceFile: reference ]
	] in STCommandLineHandler>>installSourceFiles
OrderedCollection>>do:
[ sourceFiles do: [ :reference |
		self installSourceFile: reference ]
	] in STCommandLineHandler>>installSourceFiles
FullBlockClosure(BlockClosure)>>ensure:
STCommandLineHandler>>installSourceFiles
STCommandLineHandler>>activate
STCommandLineHandler class(CommandLineHandler class)>>activateWith:
[ aCommandLinehandler activateWith: commandLine ] in PharoCommandLineHandler(BasicCommandLineHandler)>>activateSubCommand:
FullBlockClosure(BlockClosure)>>on:do:
PharoCommandLineHandler(BasicCommandLineHandler)>>activateSubCommand:
PharoCommandLineHandler(BasicCommandLineHandler)>>handleSubcommand
PharoCommandLineHandler(BasicCommandLineHandler)>>handleArgument:
[ self handleArgument: self firstArgument ] in [ [ self handleArgument: self firstArgument ]
		on: Exit
		do: [ :exit |
			"If the command line is protected by password, we just exit the image because in non-headless mode the handleExit will let the image open. If the password protection is enabled, it is to avoid to let the access to the image."
			self class commandLinePasswordManager hasPasswordSet
				ifTrue: [ Smalltalk snapshot: false andQuit: true ].
			self handleExit: exit ] ] in PharoCommandLineHandler(BasicCommandLineHandler)>>activate
FullBlockClosure(BlockClosure)>>on:do:
[ [ self handleArgument: self firstArgument ]
		on: Exit
		do: [ :exit |
			"If the command line is protected by password, we just exit the image because in non-headless mode the handleExit will let the image open. If the password protection is enabled, it is to avoid to let the access to the image."
			self class commandLinePasswordManager hasPasswordSet
				ifTrue: [ Smalltalk snapshot: false andQuit: true ].
			self handleExit: exit ] ] in PharoCommandLineHandler(BasicCommandLineHandler)>>activate
[self value.
			"IMPORTANT: Do not step over next line of code. See method comments for details"
			Processor terminateRealActive] in FullBlockClosure(BlockClosure)>>newProcess
-------------------------------------------------------------------------------

Processes and their stacks: 
Process: a Process in AtomicSharedQueue>>waitForNewItems
  stack:

AtomicSharedQueue>>waitForNewItems
AtomicSharedQueue>>next
TKTWorkerProcess>>privateNextTask
TKTWorkerProcess>>workerLoop
MessageSend>>value
[ aValuable value ] in TKTPharoProcessProvider>>createProcessDoing:named:
[self value.
			"IMPORTANT: Do not step over next line of code. See method comments for details"
			Processor terminateRealActive] in FullBlockClosure(BlockClosure)>>newProcess
------------------------------

Process: a Process in AtomicSharedQueue>>waitForNewItems
  stack:

AtomicSharedQueue>>waitForNewItems
AtomicSharedQueue>>next
TKTWorkerProcess>>privateNextTask
TKTWorkerProcess>>workerLoop
MessageSend>>value
[ aValuable value ] in TKTPharoProcessProvider>>createProcessDoing:named:
[self value.
			"IMPORTANT: Do not step over next line of code. See method comments for details"
			Processor terminateRealActive] in FullBlockClosure(BlockClosure)>>newProcess
------------------------------

Process: a Process in DelayMicrosecondTicker>>waitForUserSignalled:orExpired:
  stack:

DelayMicrosecondTicker>>waitForUserSignalled:orExpired:
[  [runTimerEventLoop] whileTrue:
		[	|nowTick|
			"Warning! Stepping <Over> the following line may lock the Image. Use <Into> or <Proceed>."
		 	ticker waitForUserSignalled: timingSemaphore orExpired: activeDelay.

			"Invoke the api back-ends, which set the transfer-variable to nil"
			suspendSemaphore ifNotNil: [ self suspendAtTimingPriority    ].
			delayToStart     ifNotNil: [ self scheduleAtTimingPriority   ].
			delayToStop      ifNotNil: [ self unscheduleAtTimingPriority ].

			"Signal any expired delays"
			nowTick := ticker nowTick.
			[ 	activeDelay isNotNil and: [nowTick >= activeDelay resumptionTick] ]
					whileTrue: [
						activeDelay timingPrioritySignalExpired.
						activeDelay := suspendedDelays removeFirstOrNil ].
		]
	] in DelaySemaphoreScheduler(DelayBasicScheduler)>>runBackendLoopAtTimingPriority
FullBlockClosure(BlockClosure)>>ensure:
DelaySemaphoreScheduler(DelayBasicScheduler)>>runBackendLoopAtTimingPriority
[ self runBackendLoopAtTimingPriority ] in DelaySemaphoreScheduler(DelayBasicScheduler)>>startTimerEventLoopPriority:
[self value.
			"IMPORTANT: Do not step over next line of code. See method comments for details"
			Processor terminateRealActive] in FullBlockClosure(BlockClosure)>>newProcess
------------------------------

Process: a Process in MorphicRenderLoop>>doOneCycleWhile:
  stack:

MorphicRenderLoop>>doOneCycleWhile:
[ MorphicRenderLoop new doOneCycleWhile: [ true ] ] in MorphicUIManager>>spawnNewProcess
[self value.
			"IMPORTANT: Do not step over next line of code. See method comments for details"
			Processor terminateRealActive] in FullBlockClosure(BlockClosure)>>newProcess
------------------------------

Process: a Process in Process>>endProcess
  stack:

Process>>endProcess
------------------------------

Process: a Process in Process>>endProcess
  stack:

Process>>endProcess
------------------------------

Process: a Process in Process>>endProcess
  stack:

Process>>endProcess
------------------------------

Process: a Process in Process>>endProcess
  stack:

Process>>endProcess
------------------------------

Process: a Process in Process>>endProcess
  stack:

Process>>endProcess
------------------------------

Process: a Process in SmalltalkImage>>lowSpaceWatcher
  stack:

SmalltalkImage>>lowSpaceWatcher
[ self lowSpaceWatcher ] in SmalltalkImage>>installLowSpaceWatcher
[self value.
			"IMPORTANT: Do not step over next line of code. See method comments for details"
			Processor terminateRealActive] in FullBlockClosure(BlockClosure)>>newProcess
------------------------------

Process: a Process in [self value.
			"IMPORTANT: Do not step over next line of code. See method comments for details"
			Processor terminateRealActive] in FullBlockClosure(BlockClosure)>>newProcess
  stack:

[self value.
			"IMPORTANT: Do not step over next line of code. See method comments for details"
			Processor terminateRealActive] in FullBlockClosure(BlockClosure)>>newProcess
------------------------------

Process: a Process in FinalizationProcess class>>finalizationProcess
  stack:

FinalizationProcess class>>finalizationProcess
[self finalizationProcess] in FinalizationProcess class>>restartFinalizationProcess
[self value.
			"IMPORTANT: Do not step over next line of code. See method comments for details"
			Processor terminateRealActive] in FullBlockClosure(BlockClosure)>>newProcess
------------------------------

Process: a Process in nil
  stack:

Array(SequenceableCollection)>>do:
[:logger |
		logger nextPutAll: 'Processes and their stacks: ';cr.

		Process allInstances do: [:each | | ctx |
			logger nextPutAll: 'Process: '; print: each; cr; nextPutAll: '  stack:'; cr; cr.

			ctx := each isActive ifTrue: [ thisContext sender ] ifFalse: [ each suspendedContext ].
			ctx ifNotNil: [
				(ctx stackOfSize: 20) do: [:s | logger print: s; cr ]].
			logger nextPutAll: '------------------------------'; cr; cr.
		]] in [ Smalltalk
		logError: aString
		inContext: aContext.

	" Print stacks of all current processes "

	Smalltalk logDuring: [:logger |
		logger nextPutAll: 'Processes and their stacks: ';cr.

		Process allInstances do: [:each | | ctx |
			logger nextPutAll: 'Process: '; print: each; cr; nextPutAll: '  stack:'; cr; cr.

			ctx := each isActive ifTrue: [ thisContext sender ] ifFalse: [ each suspendedContext ].
			ctx ifNotNil: [
				(ctx stackOfSize: 20) do: [:s | logger print: s; cr ]].
			logger nextPutAll: '------------------------------'; cr; cr.
		]].
	] in NonInteractiveUIManager(CommandLineUIManager)>>quitFrom:withMessage:
[
		logStream := self openLog.
		aMonadicBlock value: logStream.
	] in SmalltalkImage>>logDuring:
FullBlockClosure(BlockClosure)>>ensure:
SmalltalkImage>>logDuring:
[ Smalltalk
		logError: aString
		inContext: aContext.

	" Print stacks of all current processes "

	Smalltalk logDuring: [:logger |
		logger nextPutAll: 'Processes and their stacks: ';cr.

		Process allInstances do: [:each | | ctx |
			logger nextPutAll: 'Process: '; print: each; cr; nextPutAll: '  stack:'; cr; cr.

			ctx := each isActive ifTrue: [ thisContext sender ] ifFalse: [ each suspendedContext ].
			ctx ifNotNil: [
				(ctx stackOfSize: 20) do: [:s | logger print: s; cr ]].
			logger nextPutAll: '------------------------------'; cr; cr.
		]].
	] in NonInteractiveUIManager(CommandLineUIManager)>>quitFrom:withMessage:
FullBlockClosure(BlockClosure)>>ensure:
NonInteractiveUIManager(CommandLineUIManager)>>quitFrom:withMessage:
NonInteractiveUIManager(CommandLineUIManager)>>handleError:log:
NonInteractiveUIManager(UIManager)>>handleError:
Process>>handleError:
KeyNotFound(Exception)>>unhandledErrorAction
UnhandledError>>defaultAction
UndefinedObject>>handleSignal:
Context>>handleSignal:
Context>>handleSignal:
Context>>handleSignal:
UnhandledError(Exception)>>signal
UnhandledError class>>signalForException:
KeyNotFound(Exception)>>raiseUnhandledError
------------------------------

Process: a Process in Process>>endProcess
  stack:

Process>>endProcess
------------------------------

Process: a Process in Process>>endProcess
  stack:

Process>>endProcess
------------------------------

Process: a Process in [
		[ true ] whileTrue: [
			semaphore wait.
			[self executeCallback: self nextPendingCallback]
				on: Exception fork:  [:ex | ex pass ] ] ] in TFCallbackQueue>>forkCallbackProcess
  stack:

[
		[ true ] whileTrue: [
			semaphore wait.
			[self executeCallback: self nextPendingCallback]
				on: Exception fork:  [:ex | ex pass ] ] ] in TFCallbackQueue>>forkCallbackProcess
[self value.
			"IMPORTANT: Do not step over next line of code. See method comments for details"
			Processor terminateRealActive] in FullBlockClosure(BlockClosure)>>newProcess
------------------------------

Process: a Process in Process>>endProcess
  stack:

Process>>endProcess
------------------------------


===============================================================================
Notice: Errors in script loaded from Ride.st
===============================================================================
THERE_BE_DRAGONS_HERE
KeyNotFound: key #Ride not found in SystemEnvironment
3 October 2026 6:24:36.2774 am

VM: Mac OS - arm64 - 1000 - CoInterpreter VMMaker-tonel.1 uuid: 80e43a52-2018-0e00-bce4-820906d86bc4 Sep 18 2026
StackToRegisterMappingCogit VMMaker-tonel.1 uuid: 80e43a52-2018-0e00-bce4-820906d86bc4 Sep 18 2026
v10.3.11+0.a585304b1 - Commit: a585304b1 - Date: 2026-09-16 09:19:54 +0200

Image: Pharo13.1.0SNAPSHOT [Build information: Pharo-13.1.0+SNAPSHOT.build.749.sha.d7c6f761d5445e8b04a0aa5137e0d546ad9bcd89 (64 Bit)]

SystemEnvironment(Dictionary)>>errorKeyNotFound:
	Receiver: a SystemEnvironment(lots of globals)
	Arguments and temporary variables: 
		aKey: 	#Ride
	Receiver's instance variables: 
		tally: 	10841
		array: 	an Array(#SpMockBackend->SpMockBackend #PragmaMenuBuilder->PragmaMen[..]
		cachedClassNames: 	an OrderedCollection(#AColorSelectorMorph #AIAstar #AIAst[..]
		cachedNonClassNames: 	an OrderedCollection(#ASTAbstractBlockVisitor #ASTAbst[..]
		cachedBehaviors: 	an OrderedCollection(AColorSelectorMorph AColorSelectorMor[..]
		pseudoVariables: 	a Dictionary(#self->self #super->super #thisContext->thisC[..]


[self errorKeyNotFound: key] in SystemEnvironment(Dictionary)>>at:
	Receiver: a SystemEnvironment(lots of globals)
	Arguments and temporary variables: 
		key: 	#Ride
	Receiver's instance variables: 
		tally: 	10841
		array: 	an Array(#SpMockBackend->SpMockBackend #PragmaMenuBuilder->PragmaMen[..]
		cachedClassNames: 	an OrderedCollection(#AColorSelectorMorph #AIAstar #AIAst[..]
		cachedNonClassNames: 	an OrderedCollection(#ASTAbstractBlockVisitor #ASTAbst[..]
		cachedBehaviors: 	an OrderedCollection(AColorSelectorMorph AColorSelectorMor[..]
		pseudoVariables: 	a Dictionary(#self->self #super->super #thisContext->thisC[..]


SystemEnvironment(Dictionary)>>at:ifAbsent:
	Receiver: a SystemEnvironment(lots of globals)
	Arguments and temporary variables: 
		key: 	#Ride
		aBlock: 	[self errorKeyNotFound: key]
	Receiver's instance variables: 
		tally: 	10841
		array: 	an Array(#SpMockBackend->SpMockBackend #PragmaMenuBuilder->PragmaMen[..]
		cachedClassNames: 	an OrderedCollection(#AColorSelectorMorph #AIAstar #AIAst[..]
		cachedNonClassNames: 	an OrderedCollection(#ASTAbstractBlockVisitor #ASTAbst[..]
		cachedBehaviors: 	an OrderedCollection(AColorSelectorMorph AColorSelectorMor[..]
		pseudoVariables: 	a Dictionary(#self->self #super->super #thisContext->thisC[..]


SystemEnvironment(Dictionary)>>at:
	Receiver: a SystemEnvironment(lots of globals)
	Arguments and temporary variables: 
		key: 	#Ride
	Receiver's instance variables: 
		tally: 	10841
		array: 	an Array(#SpMockBackend->SpMockBackend #PragmaMenuBuilder->PragmaMen[..]
		cachedClassNames: 	an OrderedCollection(#AColorSelectorMorph #AIAstar #AIAst[..]
		cachedNonClassNames: 	an OrderedCollection(#ASTAbstractBlockVisitor #ASTAbst[..]
		cachedBehaviors: 	an OrderedCollection(AColorSelectorMorph AColorSelectorMor[..]
		pseudoVariables: 	a Dictionary(#self->self #super->super #thisContext->thisC[..]


UndefinedObject>>DoIt
	Receiver: nil
	Arguments and temporary variables: 
x
	Receiver's instance variables: 
nil

OCReceiverDoItSemanticScope(OCDoItSemanticScope)>>evaluateDoIt:
	Receiver: an OCReceiverDoItSemanticScope
	Arguments and temporary variables: 
		doItMethod: 	UndefinedObject>>#DoIt
	Receiver's instance variables: 
		outerScope: 	nil
		targetReceiver: 	nil


OpalCompiler>>evaluate
	Receiver: an OpalCompiler
	Arguments and temporary variables: 
		value: 	nil
		doItMethod: 	UndefinedObject>>#DoIt
	Receiver's instance variables: 
		ast: 	DoIt

	(Object << #Ride)
		slots: { #rideID. #pickupLocation. #dropoff[..]
		source: 	'Object << #Ride
    slots: { #rideID . #pickupLocation . #dropoffL[..]
		compilationContext: 	an OCCompilationContext
		compilationContextClass: 	nil
		permitFaulty: 	false
		permitUndeclared: 	false
		failBlock: 	nil
		logged: 	true
		changeStamp: 	nil
		protocol: 	nil
		requestor: 	nil
		priorMethod: 	nil


DoItChunk>>importFor:logSource:
	Receiver: a DoItChunk(Object << #Ride
    slots: { #rideID . #pickupLocation . #dropoffLocation [..]
	Arguments and temporary variables: 
		requestor: 	nil
		logSource: 	true
		ast: 	OCSequenceNode((Object << #Ride)
	slots: { #rideID. #pickupLocation. #[..]
	Receiver's instance variables: 
		contents: 	'Object << #Ride
    slots: { #rideID . #pickupLocation . #dropof[..]


[ :declaration |
		value := declaration importFor: nil logSource: logSource  ] in CodeImporter>>evaluate
	Receiver: a CodeImporter
	Arguments and temporary variables: 
		value: 	nil
		declaration: 	a DoItChunk(Object << #Ride
    slots: { #rideID . #pickupLoca[..]
	Receiver's instance variables: 
		readStream: 	a ZnCharacterReadStream
		codeDeclarations: 	an OrderedCollection(a DoItChunk(Object << #Ride
    slot[..]
		parserClass: 	ChunkFileFormatParser
		logSource: 	true


OrderedCollection>>do:
	Receiver: an OrderedCollection(a DoItChunk(Object << #Ride
    slots: { #rideID . #pickupLocatio[..]
	Arguments and temporary variables: 
		aBlock: 	[ :declaration |
		value := declaration importFor: nil logSource: l[..]
		index: 	1
	Receiver's instance variables: 
		array: 	an Array(a DoItChunk(Object << #Ride
    slots: { #rideID . #pickupL[..]
		firstIndex: 	1
		lastIndex: 	1


CodeImporter>>evaluate
	Receiver: a CodeImporter
	Arguments and temporary variables: 
		value: 	nil
	Receiver's instance variables: 
		readStream: 	a ZnCharacterReadStream
		codeDeclarations: 	an OrderedCollection(a DoItChunk(Object << #Ride
    slot[..]
		parserClass: 	ChunkFileFormatParser
		logSource: 	true


[ codeImporter evaluate ] in STCommandLineHandler>>installSourceFile:
	Receiver: a STCommandLineHandler
	Arguments and temporary variables: 
		aReference: 	a File
		codeImporter: 	a CodeImporter
	Receiver's instance variables: 
		commandLine: 	a CommandLineArguments
		session: 	a WorkingSession
		stdout: 	a VTermOutputDriver
		stderr: 	a VTermOutputDriver
		sourceFiles: 	an OrderedCollection(a File a File a File a File)


FullBlockClosure(BlockClosure)>>on:do:
	Receiver: [ codeImporter evaluate ]
	Arguments and temporary variables: 
		exception: 	Error
		handlerAction: 	[ :e | self handleError: e reference: aReference ]
	Receiver's instance variables: 
		outerContext: 	STCommandLineHandler>>installSourceFile:
		compiledBlock: 	a CompiledBlock: [ codeImporter evaluate ]
		numArgs: 	0
		receiver: 	a STCommandLineHandler


STCommandLineHandler>>handleErrorsDuring:reference:
	Receiver: a STCommandLineHandler
	Arguments and temporary variables: 
		aBlock: 	[ codeImporter evaluate ]
		aReference: 	a File
	Receiver's instance variables: 
		commandLine: 	a CommandLineArguments
		session: 	a WorkingSession
		stdout: 	a VTermOutputDriver
		stderr: 	a VTermOutputDriver
		sourceFiles: 	an OrderedCollection(a File a File a File a File)


STCommandLineHandler>>installSourceFile:
	Receiver: a STCommandLineHandler
	Arguments and temporary variables: 
		codeImporter: 	a CodeImporter
		aReference: 	a File
	Receiver's instance variables: 
		commandLine: 	a CommandLineArguments
		session: 	a WorkingSession
		stdout: 	a VTermOutputDriver
		stderr: 	a VTermOutputDriver
		sourceFiles: 	an OrderedCollection(a File a File a File a File)


[ :reference |
		self installSourceFile: reference ] in [ sourceFiles do: [ :reference |
		self installSourceFile: reference ]
	] in STCommandLineHandler>>installSourceFiles
	Receiver: a STCommandLineHandler
	Arguments and temporary variables: 
		reference: 	a File
	Receiver's instance variables: 
		commandLine: 	a CommandLineArguments
		session: 	a WorkingSession
		stdout: 	a VTermOutputDriver
		stderr: 	a VTermOutputDriver
		sourceFiles: 	an OrderedCollection(a File a File a File a File)


OrderedCollection>>do:
	Receiver: an OrderedCollection(a File a File a File a File)
	Arguments and temporary variables: 
		aBlock: 	[ :reference |
		self installSourceFile: reference ]
		index: 	1
	Receiver's instance variables: 
		array: 	an Array(a File a File a File a File)
		firstIndex: 	1
		lastIndex: 	4


[ sourceFiles do: [ :reference |
		self installSourceFile: reference ]
	] in STCommandLineHandler>>installSourceFiles
	Receiver: a STCommandLineHandler
	Arguments and temporary variables: 
x
	Receiver's instance variables: 
		commandLine: 	a CommandLineArguments
		session: 	a WorkingSession
		stdout: 	a VTermOutputDriver
		stderr: 	a VTermOutputDriver
		sourceFiles: 	an OrderedCollection(a File a File a File a File)


FullBlockClosure(BlockClosure)>>ensure:
	Receiver: [ sourceFiles do: [ :reference |
		self installSourceFile: reference ]
	]
	Arguments and temporary variables: 
		aBlock: 	[ sourceFiles := nil ]
		handler: 	[ sourceFiles := nil ]
		complete: 	nil
		returnValue: 	nil
	Receiver's instance variables: 
		outerContext: 	STCommandLineHandler>>installSourceFiles
		compiledBlock: 	a CompiledBlock: [ sourceFiles do: [ :reference |
		self ins[..]
		numArgs: 	0
		receiver: 	a STCommandLineHandler


STCommandLineHandler>>installSourceFiles
	Receiver: a STCommandLineHandler
	Arguments and temporary variables: 
x
	Receiver's instance variables: 
		commandLine: 	a CommandLineArguments
		session: 	a WorkingSession
		stdout: 	a VTermOutputDriver
		stderr: 	a VTermOutputDriver
		sourceFiles: 	an OrderedCollection(a File a File a File a File)


STCommandLineHandler>>activate
	Receiver: a STCommandLineHandler
	Arguments and temporary variables: 
x
	Receiver's instance variables: 
		commandLine: 	a CommandLineArguments
		session: 	a WorkingSession
		stdout: 	a VTermOutputDriver
		stderr: 	a VTermOutputDriver
		sourceFiles: 	an OrderedCollection(a File a File a File a File)


STCommandLineHandler class(CommandLineHandler class)>>activateWith:
	Receiver: STCommandLineHandler
	Arguments and temporary variables: 
		aCommandLine: 	a CommandLineArguments
	Receiver's instance variables: 
		superclass: 	CommandLineHandler
		methodDict: 	a MethodDictionary(#activate->STCommandLineHandler>>#activate #[..]
		format: 	65541
		layout: 	a FixedLayout
		protocols: 	an Array(Protocol (private) - 3 selector(s) Protocol (installing[..]
		subclasses: 	{EvaluateCommandLineHandler}
		name: 	#STCommandLineHandler
		classPool: 	nil
		sharedPools: 	an OrderedCollection()
		environment: 	a SystemEnvironment(lots of globals)
		commentSourcePointer: 	60986524
		packageTag: 	a PackageTag(Base)


[ aCommandLinehandler activateWith: commandLine ] in PharoCommandLineHandler(BasicCommandLineHandler)>>activateSubCommand:
	Receiver: a PharoCommandLineHandler
	Arguments and temporary variables: 
		aCommandLinehandler: 	STCommandLineHandler
	Receiver's instance variables: 
		commandLine: 	a CommandLineArguments
		session: 	a WorkingSession
		stdout: 	a VTermOutputDriver
		stderr: 	a VTermOutputDriver


FullBlockClosure(BlockClosure)>>on:do:
	Receiver: [ aCommandLinehandler activateWith: commandLine ]
	Arguments and temporary variables: 
		exception: 	Exit
		handlerAction: 	[ :exit |
		^ self handleExit: exit for: aCommandLinehandler ]
	Receiver's instance variables: 
		outerContext: 	PharoCommandLineHandler(BasicCommandLineHandler)>>activateSub[..]
		compiledBlock: 	a CompiledBlock: [ aCommandLinehandler activateWith: command[..]
		numArgs: 	0
		receiver: 	a PharoCommandLineHandler


PharoCommandLineHandler(BasicCommandLineHandler)>>activateSubCommand:
	Receiver: a PharoCommandLineHandler
	Arguments and temporary variables: 
		aCommandLinehandler: 	STCommandLineHandler
	Receiver's instance variables: 
		commandLine: 	a CommandLineArguments
		session: 	a WorkingSession
		stdout: 	a VTermOutputDriver
		stderr: 	a VTermOutputDriver


PharoCommandLineHandler(BasicCommandLineHandler)>>handleSubcommand
	Receiver: a PharoCommandLineHandler
	Arguments and temporary variables: 
		handlers: 	an OrderedCollection(STCommandLineHandler)
	Receiver's instance variables: 
		commandLine: 	a CommandLineArguments
		session: 	a WorkingSession
		stdout: 	a VTermOutputDriver
		stderr: 	a VTermOutputDriver


PharoCommandLineHandler(BasicCommandLineHandler)>>handleArgument:
	Receiver: a PharoCommandLineHandler
	Arguments and temporary variables: 
		aString: 	'st'
	Receiver's instance variables: 
		commandLine: 	a CommandLineArguments
		session: 	a WorkingSession
		stdout: 	a VTermOutputDriver
		stderr: 	a VTermOutputDriver


[ self handleArgument: self firstArgument ] in [ [ self handleArgument: self firstArgument ]
		on: Exit
		do: [ :exit |
			"If the command line is protected by password, we just exit the image because in non-headless mode the handleExit will let the image open. If the password protection is enabled, it is to avoid to let the access to the image."
			self class commandLinePasswordManager hasPasswordSet
				ifTrue: [ Smalltalk snapshot: false andQuit: true ].
			self handleExit: exit ] ] in PharoCommandLineHandler(BasicCommandLineHandler)>>activate
	Receiver: a PharoCommandLineHandler
	Arguments and temporary variables: 
x
	Receiver's instance variables: 
		commandLine: 	a CommandLineArguments
		session: 	a WorkingSession
		stdout: 	a VTermOutputDriver
		stderr: 	a VTermOutputDriver


FullBlockClosure(BlockClosure)>>on:do:
	Receiver: [ self handleArgument: self firstArgument ]
	Arguments and temporary variables: 
		exception: 	Exit
		handlerAction: 	[ :exit |
			"If the command line is protected by password, [..]
	Receiver's instance variables: 
		outerContext: 	[ [ self handleArgument: self firstArgument ]
		on: Exit
		do[..]
		compiledBlock: 	a CompiledBlock: [ self handleArgument: self firstArgument ]
		numArgs: 	0
		receiver: 	a PharoCommandLineHandler


[ [ self handleArgument: self firstArgument ]
		on: Exit
		do: [ :exit |
			"If the command line is protected by password, we just exit the image because in non-headless mode the handleExit will let the image open. If the password protection is enabled, it is to avoid to let the access to the image."
			self class commandLinePasswordManager hasPasswordSet
				ifTrue: [ Smalltalk snapshot: false andQuit: true ].
			self handleExit: exit ] ] in PharoCommandLineHandler(BasicCommandLineHandler)>>activate
	Receiver: a PharoCommandLineHandler
	Arguments and temporary variables: 
x
	Receiver's instance variables: 
		commandLine: 	a CommandLineArguments
		session: 	a WorkingSession
		stdout: 	a VTermOutputDriver
		stderr: 	a VTermOutputDriver


[self value.
			"IMPORTANT: Do not step over next line of code. See method comments for details"
			Processor terminateRealActive] in FullBlockClosure(BlockClosure)>>newProcess
	Receiver: [ [ self handleArgument: self firstArgument ]
		on: Exit
		do: [ :exit |
			"If the co[..]
	Arguments and temporary variables: 
x
	Receiver's instance variables: 
		outerContext: 	PharoCommandLineHandler(BasicCommandLineHandler)>>activate
		compiledBlock: 	a CompiledBlock: [ [ self handleArgument: self firstArgument[..]
		numArgs: 	0
		receiver: 	a PharoCommandLineHandler



--- The full stack ---
SystemEnvironment(Dictionary)>>errorKeyNotFound:
[self errorKeyNotFound: key] in SystemEnvironment(Dictionary)>>at:
SystemEnvironment(Dictionary)>>at:ifAbsent:
SystemEnvironment(Dictionary)>>at:
UndefinedObject>>DoIt
OCReceiverDoItSemanticScope(OCDoItSemanticScope)>>evaluateDoIt:
OpalCompiler>>evaluate
DoItChunk>>importFor:logSource:
[ :declaration |
		value := declaration importFor: nil logSource: logSource  ] in CodeImporter>>evaluate
OrderedCollection>>do:
CodeImporter>>evaluate
[ codeImporter evaluate ] in STCommandLineHandler>>installSourceFile:
FullBlockClosure(BlockClosure)>>on:do:
STCommandLineHandler>>handleErrorsDuring:reference:
STCommandLineHandler>>installSourceFile:
[ :reference |
		self installSourceFile: reference ] in [ sourceFiles do: [ :reference |
		self installSourceFile: reference ]
	] in STCommandLineHandler>>installSourceFiles
OrderedCollection>>do:
[ sourceFiles do: [ :reference |
		self installSourceFile: reference ]
	] in STCommandLineHandler>>installSourceFiles
FullBlockClosure(BlockClosure)>>ensure:
STCommandLineHandler>>installSourceFiles
STCommandLineHandler>>activate
STCommandLineHandler class(CommandLineHandler class)>>activateWith:
[ aCommandLinehandler activateWith: commandLine ] in PharoCommandLineHandler(BasicCommandLineHandler)>>activateSubCommand:
FullBlockClosure(BlockClosure)>>on:do:
PharoCommandLineHandler(BasicCommandLineHandler)>>activateSubCommand:
PharoCommandLineHandler(BasicCommandLineHandler)>>handleSubcommand
PharoCommandLineHandler(BasicCommandLineHandler)>>handleArgument:
[ self handleArgument: self firstArgument ] in [ [ self handleArgument: self firstArgument ]
		on: Exit
		do: [ :exit |
			"If the command line is protected by password, we just exit the image because in non-headless mode the handleExit will let the image open. If the password protection is enabled, it is to avoid to let the access to the image."
			self class commandLinePasswordManager hasPasswordSet
				ifTrue: [ Smalltalk snapshot: false andQuit: true ].
			self handleExit: exit ] ] in PharoCommandLineHandler(BasicCommandLineHandler)>>activate
FullBlockClosure(BlockClosure)>>on:do:
[ [ self handleArgument: self firstArgument ]
		on: Exit
		do: [ :exit |
			"If the command line is protected by password, we just exit the image because in non-headless mode the handleExit will let the image open. If the password protection is enabled, it is to avoid to let the access to the image."
			self class commandLinePasswordManager hasPasswordSet
				ifTrue: [ Smalltalk snapshot: false andQuit: true ].
			self handleExit: exit ] ] in PharoCommandLineHandler(BasicCommandLineHandler)>>activate
[self value.
			"IMPORTANT: Do not step over next line of code. See method comments for details"
			Processor terminateRealActive] in FullBlockClosure(BlockClosure)>>newProcess
-------------------------------------------------------------------------------

Processes and their stacks: 
Process: a Process in AtomicSharedQueue>>waitForNewItems
  stack:

AtomicSharedQueue>>waitForNewItems
AtomicSharedQueue>>next
TKTWorkerProcess>>privateNextTask
TKTWorkerProcess>>workerLoop
MessageSend>>value
[ aValuable value ] in TKTPharoProcessProvider>>createProcessDoing:named:
[self value.
			"IMPORTANT: Do not step over next line of code. See method comments for details"
			Processor terminateRealActive] in FullBlockClosure(BlockClosure)>>newProcess
------------------------------

Process: a Process in AtomicSharedQueue>>waitForNewItems
  stack:

AtomicSharedQueue>>waitForNewItems
AtomicSharedQueue>>next
TKTWorkerProcess>>privateNextTask
TKTWorkerProcess>>workerLoop
MessageSend>>value
[ aValuable value ] in TKTPharoProcessProvider>>createProcessDoing:named:
[self value.
			"IMPORTANT: Do not step over next line of code. See method comments for details"
			Processor terminateRealActive] in FullBlockClosure(BlockClosure)>>newProcess
------------------------------

Process: a Process in DelayMicrosecondTicker>>waitForUserSignalled:orExpired:
  stack:

DelayMicrosecondTicker>>waitForUserSignalled:orExpired:
[  [runTimerEventLoop] whileTrue:
		[	|nowTick|
			"Warning! Stepping <Over> the following line may lock the Image. Use <Into> or <Proceed>."
		 	ticker waitForUserSignalled: timingSemaphore orExpired: activeDelay.

			"Invoke the api back-ends, which set the transfer-variable to nil"
			suspendSemaphore ifNotNil: [ self suspendAtTimingPriority    ].
			delayToStart     ifNotNil: [ self scheduleAtTimingPriority   ].
			delayToStop      ifNotNil: [ self unscheduleAtTimingPriority ].

			"Signal any expired delays"
			nowTick := ticker nowTick.
			[ 	activeDelay isNotNil and: [nowTick >= activeDelay resumptionTick] ]
					whileTrue: [
						activeDelay timingPrioritySignalExpired.
						activeDelay := suspendedDelays removeFirstOrNil ].
		]
	] in DelaySemaphoreScheduler(DelayBasicScheduler)>>runBackendLoopAtTimingPriority
FullBlockClosure(BlockClosure)>>ensure:
DelaySemaphoreScheduler(DelayBasicScheduler)>>runBackendLoopAtTimingPriority
[ self runBackendLoopAtTimingPriority ] in DelaySemaphoreScheduler(DelayBasicScheduler)>>startTimerEventLoopPriority:
[self value.
			"IMPORTANT: Do not step over next line of code. See method comments for details"
			Processor terminateRealActive] in FullBlockClosure(BlockClosure)>>newProcess
------------------------------

Process: a Process in MorphicRenderLoop>>doOneCycleWhile:
  stack:

MorphicRenderLoop>>doOneCycleWhile:
[ MorphicRenderLoop new doOneCycleWhile: [ true ] ] in MorphicUIManager>>spawnNewProcess
[self value.
			"IMPORTANT: Do not step over next line of code. See method comments for details"
			Processor terminateRealActive] in FullBlockClosure(BlockClosure)>>newProcess
------------------------------

Process: a Process in Process>>endProcess
  stack:

Process>>endProcess
------------------------------

Process: a Process in Process>>endProcess
  stack:

Process>>endProcess
------------------------------

Process: a Process in Process>>endProcess
  stack:

Process>>endProcess
------------------------------

Process: a Process in Process>>endProcess
  stack:

Process>>endProcess
------------------------------

Process: a Process in Process>>endProcess
  stack:

Process>>endProcess
------------------------------

Process: a Process in SmalltalkImage>>lowSpaceWatcher
  stack:

SmalltalkImage>>lowSpaceWatcher
[ self lowSpaceWatcher ] in SmalltalkImage>>installLowSpaceWatcher
[self value.
			"IMPORTANT: Do not step over next line of code. See method comments for details"
			Processor terminateRealActive] in FullBlockClosure(BlockClosure)>>newProcess
------------------------------

Process: a Process in [self value.
			"IMPORTANT: Do not step over next line of code. See method comments for details"
			Processor terminateRealActive] in FullBlockClosure(BlockClosure)>>newProcess
  stack:

[self value.
			"IMPORTANT: Do not step over next line of code. See method comments for details"
			Processor terminateRealActive] in FullBlockClosure(BlockClosure)>>newProcess
------------------------------

Process: a Process in FinalizationProcess class>>finalizationProcess
  stack:

FinalizationProcess class>>finalizationProcess
[self finalizationProcess] in FinalizationProcess class>>restartFinalizationProcess
[self value.
			"IMPORTANT: Do not step over next line of code. See method comments for details"
			Processor terminateRealActive] in FullBlockClosure(BlockClosure)>>newProcess
------------------------------

Process: a Process in nil
  stack:

Array(SequenceableCollection)>>do:
[:logger |
		logger nextPutAll: 'Processes and their stacks: ';cr.

		Process allInstances do: [:each | | ctx |
			logger nextPutAll: 'Process: '; print: each; cr; nextPutAll: '  stack:'; cr; cr.

			ctx := each isActive ifTrue: [ thisContext sender ] ifFalse: [ each suspendedContext ].
			ctx ifNotNil: [
				(ctx stackOfSize: 20) do: [:s | logger print: s; cr ]].
			logger nextPutAll: '------------------------------'; cr; cr.
		]] in [ Smalltalk
		logError: aString
		inContext: aContext.

	" Print stacks of all current processes "

	Smalltalk logDuring: [:logger |
		logger nextPutAll: 'Processes and their stacks: ';cr.

		Process allInstances do: [:each | | ctx |
			logger nextPutAll: 'Process: '; print: each; cr; nextPutAll: '  stack:'; cr; cr.

			ctx := each isActive ifTrue: [ thisContext sender ] ifFalse: [ each suspendedContext ].
			ctx ifNotNil: [
				(ctx stackOfSize: 20) do: [:s | logger print: s; cr ]].
			logger nextPutAll: '------------------------------'; cr; cr.
		]].
	] in NonInteractiveUIManager(CommandLineUIManager)>>quitFrom:withMessage:
[
		logStream := self openLog.
		aMonadicBlock value: logStream.
	] in SmalltalkImage>>logDuring:
FullBlockClosure(BlockClosure)>>ensure:
SmalltalkImage>>logDuring:
[ Smalltalk
		logError: aString
		inContext: aContext.

	" Print stacks of all current processes "

	Smalltalk logDuring: [:logger |
		logger nextPutAll: 'Processes and their stacks: ';cr.

		Process allInstances do: [:each | | ctx |
			logger nextPutAll: 'Process: '; print: each; cr; nextPutAll: '  stack:'; cr; cr.

			ctx := each isActive ifTrue: [ thisContext sender ] ifFalse: [ each suspendedContext ].
			ctx ifNotNil: [
				(ctx stackOfSize: 20) do: [:s | logger print: s; cr ]].
			logger nextPutAll: '------------------------------'; cr; cr.
		]].
	] in NonInteractiveUIManager(CommandLineUIManager)>>quitFrom:withMessage:
FullBlockClosure(BlockClosure)>>ensure:
NonInteractiveUIManager(CommandLineUIManager)>>quitFrom:withMessage:
NonInteractiveUIManager(CommandLineUIManager)>>handleError:log:
NonInteractiveUIManager(UIManager)>>handleError:
Process>>handleError:
KeyNotFound(Exception)>>unhandledErrorAction
UnhandledError>>defaultAction
UndefinedObject>>handleSignal:
Context>>handleSignal:
Context>>handleSignal:
Context>>handleSignal:
UnhandledError(Exception)>>signal
UnhandledError class>>signalForException:
KeyNotFound(Exception)>>raiseUnhandledError
------------------------------

Process: a Process in Process>>endProcess
  stack:

Process>>endProcess
------------------------------

Process: a Process in Process>>endProcess
  stack:

Process>>endProcess
------------------------------

Process: a Process in [
		[ true ] whileTrue: [
			semaphore wait.
			[self executeCallback: self nextPendingCallback]
				on: Exception fork:  [:ex | ex pass ] ] ] in TFCallbackQueue>>forkCallbackProcess
  stack:

[
		[ true ] whileTrue: [
			semaphore wait.
			[self executeCallback: self nextPendingCallback]
				on: Exception fork:  [:ex | ex pass ] ] ] in TFCallbackQueue>>forkCallbackProcess
[self value.
			"IMPORTANT: Do not step over next line of code. See method comments for details"
			Processor terminateRealActive] in FullBlockClosure(BlockClosure)>>newProcess
------------------------------

Process: a Process in Process>>endProcess
  stack:

Process>>endProcess
------------------------------


===============================================================================
Notice: Errors in script loaded from Ride.st
===============================================================================
THERE_BE_DRAGONS_HERE
KeyNotFound: key #Ride not found in SystemEnvironment
3 October 2026 6:27:00.045531 am

VM: Mac OS - arm64 - 1000 - CoInterpreter VMMaker-tonel.1 uuid: 80e43a52-2018-0e00-bce4-820906d86bc4 Sep 18 2026
StackToRegisterMappingCogit VMMaker-tonel.1 uuid: 80e43a52-2018-0e00-bce4-820906d86bc4 Sep 18 2026
v10.3.11+0.a585304b1 - Commit: a585304b1 - Date: 2026-09-16 09:19:54 +0200

Image: Pharo13.1.0SNAPSHOT [Build information: Pharo-13.1.0+SNAPSHOT.build.749.sha.d7c6f761d5445e8b04a0aa5137e0d546ad9bcd89 (64 Bit)]

SystemEnvironment(Dictionary)>>errorKeyNotFound:
	Receiver: a SystemEnvironment(lots of globals)
	Arguments and temporary variables: 
		aKey: 	#Ride
	Receiver's instance variables: 
		tally: 	10841
		array: 	an Array(#SpMockBackend->SpMockBackend #PragmaMenuBuilder->PragmaMen[..]
		cachedClassNames: 	an OrderedCollection(#AColorSelectorMorph #AIAstar #AIAst[..]
		cachedNonClassNames: 	an OrderedCollection(#ASTAbstractBlockVisitor #ASTAbst[..]
		cachedBehaviors: 	an OrderedCollection(AColorSelectorMorph AColorSelectorMor[..]
		pseudoVariables: 	a Dictionary(#self->self #super->super #thisContext->thisC[..]


[self errorKeyNotFound: key] in SystemEnvironment(Dictionary)>>at:
	Receiver: a SystemEnvironment(lots of globals)
	Arguments and temporary variables: 
		key: 	#Ride
	Receiver's instance variables: 
		tally: 	10841
		array: 	an Array(#SpMockBackend->SpMockBackend #PragmaMenuBuilder->PragmaMen[..]
		cachedClassNames: 	an OrderedCollection(#AColorSelectorMorph #AIAstar #AIAst[..]
		cachedNonClassNames: 	an OrderedCollection(#ASTAbstractBlockVisitor #ASTAbst[..]
		cachedBehaviors: 	an OrderedCollection(AColorSelectorMorph AColorSelectorMor[..]
		pseudoVariables: 	a Dictionary(#self->self #super->super #thisContext->thisC[..]


SystemEnvironment(Dictionary)>>at:ifAbsent:
	Receiver: a SystemEnvironment(lots of globals)
	Arguments and temporary variables: 
		key: 	#Ride
		aBlock: 	[self errorKeyNotFound: key]
	Receiver's instance variables: 
		tally: 	10841
		array: 	an Array(#SpMockBackend->SpMockBackend #PragmaMenuBuilder->PragmaMen[..]
		cachedClassNames: 	an OrderedCollection(#AColorSelectorMorph #AIAstar #AIAst[..]
		cachedNonClassNames: 	an OrderedCollection(#ASTAbstractBlockVisitor #ASTAbst[..]
		cachedBehaviors: 	an OrderedCollection(AColorSelectorMorph AColorSelectorMor[..]
		pseudoVariables: 	a Dictionary(#self->self #super->super #thisContext->thisC[..]


SystemEnvironment(Dictionary)>>at:
	Receiver: a SystemEnvironment(lots of globals)
	Arguments and temporary variables: 
		key: 	#Ride
	Receiver's instance variables: 
		tally: 	10841
		array: 	an Array(#SpMockBackend->SpMockBackend #PragmaMenuBuilder->PragmaMen[..]
		cachedClassNames: 	an OrderedCollection(#AColorSelectorMorph #AIAstar #AIAst[..]
		cachedNonClassNames: 	an OrderedCollection(#ASTAbstractBlockVisitor #ASTAbst[..]
		cachedBehaviors: 	an OrderedCollection(AColorSelectorMorph AColorSelectorMor[..]
		pseudoVariables: 	a Dictionary(#self->self #super->super #thisContext->thisC[..]


UndefinedObject>>DoIt
	Receiver: nil
	Arguments and temporary variables: 
x
	Receiver's instance variables: 
nil

OCReceiverDoItSemanticScope(OCDoItSemanticScope)>>evaluateDoIt:
	Receiver: an OCReceiverDoItSemanticScope
	Arguments and temporary variables: 
		doItMethod: 	UndefinedObject>>#DoIt
	Receiver's instance variables: 
		outerScope: 	nil
		targetReceiver: 	nil


OpalCompiler>>evaluate
	Receiver: an OpalCompiler
	Arguments and temporary variables: 
		value: 	nil
		doItMethod: 	UndefinedObject>>#DoIt
	Receiver's instance variables: 
		ast: 	DoIt

	Smalltalk compiler evaluate:
		'
Object << #Ride
    slots: { #[..]
		source: 	'Smalltalk compiler evaluate: ''
Object << #Ride
    slots: { #ride[..]
		compilationContext: 	an OCCompilationContext
		compilationContextClass: 	nil
		permitFaulty: 	false
		permitUndeclared: 	false
		failBlock: 	nil
		logged: 	true
		changeStamp: 	nil
		protocol: 	nil
		requestor: 	nil
		priorMethod: 	nil


DoItChunk>>importFor:logSource:
	Receiver: a DoItChunk(Smalltalk compiler evaluate: '
Object << #Ride
    slots: { #rideID . #pic[..]
	Arguments and temporary variables: 
		requestor: 	nil
		logSource: 	true
		ast: 	OCSequenceNode(Smalltalk compiler evaluate:
	'
Object << #Ride
    slo[..]
	Receiver's instance variables: 
		contents: 	'Smalltalk compiler evaluate: ''
Object << #Ride
    slots: { #ri[..]


[ :declaration |
		value := declaration importFor: nil logSource: logSource  ] in CodeImporter>>evaluate
	Receiver: a CodeImporter
	Arguments and temporary variables: 
		value: 	nil
		declaration: 	a DoItChunk(Smalltalk compiler evaluate: '
Object << #Ride
   [..]
	Receiver's instance variables: 
		readStream: 	a ZnCharacterReadStream
		codeDeclarations: 	an OrderedCollection(a DoItChunk(Smalltalk compiler evalu[..]
		parserClass: 	ChunkFileFormatParser
		logSource: 	true


OrderedCollection>>do:
	Receiver: an OrderedCollection(a DoItChunk(Smalltalk compiler evaluate: '
Object << #Ride
    sl[..]
	Arguments and temporary variables: 
		aBlock: 	[ :declaration |
		value := declaration importFor: nil logSource: l[..]
		index: 	1
	Receiver's instance variables: 
		array: 	an Array(a DoItChunk(Smalltalk compiler evaluate: '
Object << #Ride
[..]
		firstIndex: 	1
		lastIndex: 	1


CodeImporter>>evaluate
	Receiver: a CodeImporter
	Arguments and temporary variables: 
		value: 	nil
	Receiver's instance variables: 
		readStream: 	a ZnCharacterReadStream
		codeDeclarations: 	an OrderedCollection(a DoItChunk(Smalltalk compiler evalu[..]
		parserClass: 	ChunkFileFormatParser
		logSource: 	true


[ codeImporter evaluate ] in STCommandLineHandler>>installSourceFile:
	Receiver: a STCommandLineHandler
	Arguments and temporary variables: 
		aReference: 	a File
		codeImporter: 	a CodeImporter
	Receiver's instance variables: 
		commandLine: 	a CommandLineArguments
		session: 	a WorkingSession
		stdout: 	a VTermOutputDriver
		stderr: 	a VTermOutputDriver
		sourceFiles: 	an OrderedCollection(a File a File a File a File)


FullBlockClosure(BlockClosure)>>on:do:
	Receiver: [ codeImporter evaluate ]
	Arguments and temporary variables: 
		exception: 	Error
		handlerAction: 	[ :e | self handleError: e reference: aReference ]
	Receiver's instance variables: 
		outerContext: 	STCommandLineHandler>>installSourceFile:
		compiledBlock: 	a CompiledBlock: [ codeImporter evaluate ]
		numArgs: 	0
		receiver: 	a STCommandLineHandler


STCommandLineHandler>>handleErrorsDuring:reference:
	Receiver: a STCommandLineHandler
	Arguments and temporary variables: 
		aBlock: 	[ codeImporter evaluate ]
		aReference: 	a File
	Receiver's instance variables: 
		commandLine: 	a CommandLineArguments
		session: 	a WorkingSession
		stdout: 	a VTermOutputDriver
		stderr: 	a VTermOutputDriver
		sourceFiles: 	an OrderedCollection(a File a File a File a File)


STCommandLineHandler>>installSourceFile:
	Receiver: a STCommandLineHandler
	Arguments and temporary variables: 
		codeImporter: 	a CodeImporter
		aReference: 	a File
	Receiver's instance variables: 
		commandLine: 	a CommandLineArguments
		session: 	a WorkingSession
		stdout: 	a VTermOutputDriver
		stderr: 	a VTermOutputDriver
		sourceFiles: 	an OrderedCollection(a File a File a File a File)


[ :reference |
		self installSourceFile: reference ] in [ sourceFiles do: [ :reference |
		self installSourceFile: reference ]
	] in STCommandLineHandler>>installSourceFiles
	Receiver: a STCommandLineHandler
	Arguments and temporary variables: 
		reference: 	a File
	Receiver's instance variables: 
		commandLine: 	a CommandLineArguments
		session: 	a WorkingSession
		stdout: 	a VTermOutputDriver
		stderr: 	a VTermOutputDriver
		sourceFiles: 	an OrderedCollection(a File a File a File a File)


OrderedCollection>>do:
	Receiver: an OrderedCollection(a File a File a File a File)
	Arguments and temporary variables: 
		aBlock: 	[ :reference |
		self installSourceFile: reference ]
		index: 	1
	Receiver's instance variables: 
		array: 	an Array(a File a File a File a File)
		firstIndex: 	1
		lastIndex: 	4


[ sourceFiles do: [ :reference |
		self installSourceFile: reference ]
	] in STCommandLineHandler>>installSourceFiles
	Receiver: a STCommandLineHandler
	Arguments and temporary variables: 
x
	Receiver's instance variables: 
		commandLine: 	a CommandLineArguments
		session: 	a WorkingSession
		stdout: 	a VTermOutputDriver
		stderr: 	a VTermOutputDriver
		sourceFiles: 	an OrderedCollection(a File a File a File a File)


FullBlockClosure(BlockClosure)>>ensure:
	Receiver: [ sourceFiles do: [ :reference |
		self installSourceFile: reference ]
	]
	Arguments and temporary variables: 
		aBlock: 	[ sourceFiles := nil ]
		handler: 	[ sourceFiles := nil ]
		complete: 	nil
		returnValue: 	nil
	Receiver's instance variables: 
		outerContext: 	STCommandLineHandler>>installSourceFiles
		compiledBlock: 	a CompiledBlock: [ sourceFiles do: [ :reference |
		self ins[..]
		numArgs: 	0
		receiver: 	a STCommandLineHandler


STCommandLineHandler>>installSourceFiles
	Receiver: a STCommandLineHandler
	Arguments and temporary variables: 
x
	Receiver's instance variables: 
		commandLine: 	a CommandLineArguments
		session: 	a WorkingSession
		stdout: 	a VTermOutputDriver
		stderr: 	a VTermOutputDriver
		sourceFiles: 	an OrderedCollection(a File a File a File a File)


STCommandLineHandler>>activate
	Receiver: a STCommandLineHandler
	Arguments and temporary variables: 
x
	Receiver's instance variables: 
		commandLine: 	a CommandLineArguments
		session: 	a WorkingSession
		stdout: 	a VTermOutputDriver
		stderr: 	a VTermOutputDriver
		sourceFiles: 	an OrderedCollection(a File a File a File a File)


STCommandLineHandler class(CommandLineHandler class)>>activateWith:
	Receiver: STCommandLineHandler
	Arguments and temporary variables: 
		aCommandLine: 	a CommandLineArguments
	Receiver's instance variables: 
		superclass: 	CommandLineHandler
		methodDict: 	a MethodDictionary(#activate->STCommandLineHandler>>#activate #[..]
		format: 	65541
		layout: 	a FixedLayout
		protocols: 	an Array(Protocol (private) - 3 selector(s) Protocol (installing[..]
		subclasses: 	{EvaluateCommandLineHandler}
		name: 	#STCommandLineHandler
		classPool: 	nil
		sharedPools: 	an OrderedCollection()
		environment: 	a SystemEnvironment(lots of globals)
		commentSourcePointer: 	60986524
		packageTag: 	a PackageTag(Base)


[ aCommandLinehandler activateWith: commandLine ] in PharoCommandLineHandler(BasicCommandLineHandler)>>activateSubCommand:
	Receiver: a PharoCommandLineHandler
	Arguments and temporary variables: 
		aCommandLinehandler: 	STCommandLineHandler
	Receiver's instance variables: 
		commandLine: 	a CommandLineArguments
		session: 	a WorkingSession
		stdout: 	a VTermOutputDriver
		stderr: 	a VTermOutputDriver


FullBlockClosure(BlockClosure)>>on:do:
	Receiver: [ aCommandLinehandler activateWith: commandLine ]
	Arguments and temporary variables: 
		exception: 	Exit
		handlerAction: 	[ :exit |
		^ self handleExit: exit for: aCommandLinehandler ]
	Receiver's instance variables: 
		outerContext: 	PharoCommandLineHandler(BasicCommandLineHandler)>>activateSub[..]
		compiledBlock: 	a CompiledBlock: [ aCommandLinehandler activateWith: command[..]
		numArgs: 	0
		receiver: 	a PharoCommandLineHandler


PharoCommandLineHandler(BasicCommandLineHandler)>>activateSubCommand:
	Receiver: a PharoCommandLineHandler
	Arguments and temporary variables: 
		aCommandLinehandler: 	STCommandLineHandler
	Receiver's instance variables: 
		commandLine: 	a CommandLineArguments
		session: 	a WorkingSession
		stdout: 	a VTermOutputDriver
		stderr: 	a VTermOutputDriver


PharoCommandLineHandler(BasicCommandLineHandler)>>handleSubcommand
	Receiver: a PharoCommandLineHandler
	Arguments and temporary variables: 
		handlers: 	an OrderedCollection(STCommandLineHandler)
	Receiver's instance variables: 
		commandLine: 	a CommandLineArguments
		session: 	a WorkingSession
		stdout: 	a VTermOutputDriver
		stderr: 	a VTermOutputDriver


PharoCommandLineHandler(BasicCommandLineHandler)>>handleArgument:
	Receiver: a PharoCommandLineHandler
	Arguments and temporary variables: 
		aString: 	'st'
	Receiver's instance variables: 
		commandLine: 	a CommandLineArguments
		session: 	a WorkingSession
		stdout: 	a VTermOutputDriver
		stderr: 	a VTermOutputDriver


[ self handleArgument: self firstArgument ] in [ [ self handleArgument: self firstArgument ]
		on: Exit
		do: [ :exit |
			"If the command line is protected by password, we just exit the image because in non-headless mode the handleExit will let the image open. If the password protection is enabled, it is to avoid to let the access to the image."
			self class commandLinePasswordManager hasPasswordSet
				ifTrue: [ Smalltalk snapshot: false andQuit: true ].
			self handleExit: exit ] ] in PharoCommandLineHandler(BasicCommandLineHandler)>>activate
	Receiver: a PharoCommandLineHandler
	Arguments and temporary variables: 
x
	Receiver's instance variables: 
		commandLine: 	a CommandLineArguments
		session: 	a WorkingSession
		stdout: 	a VTermOutputDriver
		stderr: 	a VTermOutputDriver


FullBlockClosure(BlockClosure)>>on:do:
	Receiver: [ self handleArgument: self firstArgument ]
	Arguments and temporary variables: 
		exception: 	Exit
		handlerAction: 	[ :exit |
			"If the command line is protected by password, [..]
	Receiver's instance variables: 
		outerContext: 	[ [ self handleArgument: self firstArgument ]
		on: Exit
		do[..]
		compiledBlock: 	a CompiledBlock: [ self handleArgument: self firstArgument ]
		numArgs: 	0
		receiver: 	a PharoCommandLineHandler


[ [ self handleArgument: self firstArgument ]
		on: Exit
		do: [ :exit |
			"If the command line is protected by password, we just exit the image because in non-headless mode the handleExit will let the image open. If the password protection is enabled, it is to avoid to let the access to the image."
			self class commandLinePasswordManager hasPasswordSet
				ifTrue: [ Smalltalk snapshot: false andQuit: true ].
			self handleExit: exit ] ] in PharoCommandLineHandler(BasicCommandLineHandler)>>activate
	Receiver: a PharoCommandLineHandler
	Arguments and temporary variables: 
x
	Receiver's instance variables: 
		commandLine: 	a CommandLineArguments
		session: 	a WorkingSession
		stdout: 	a VTermOutputDriver
		stderr: 	a VTermOutputDriver


[self value.
			"IMPORTANT: Do not step over next line of code. See method comments for details"
			Processor terminateRealActive] in FullBlockClosure(BlockClosure)>>newProcess
	Receiver: [ [ self handleArgument: self firstArgument ]
		on: Exit
		do: [ :exit |
			"If the co[..]
	Arguments and temporary variables: 
x
	Receiver's instance variables: 
		outerContext: 	PharoCommandLineHandler(BasicCommandLineHandler)>>activate
		compiledBlock: 	a CompiledBlock: [ [ self handleArgument: self firstArgument[..]
		numArgs: 	0
		receiver: 	a PharoCommandLineHandler



--- The full stack ---
SystemEnvironment(Dictionary)>>errorKeyNotFound:
[self errorKeyNotFound: key] in SystemEnvironment(Dictionary)>>at:
SystemEnvironment(Dictionary)>>at:ifAbsent:
SystemEnvironment(Dictionary)>>at:
UndefinedObject>>DoIt
OCReceiverDoItSemanticScope(OCDoItSemanticScope)>>evaluateDoIt:
OpalCompiler>>evaluate
DoItChunk>>importFor:logSource:
[ :declaration |
		value := declaration importFor: nil logSource: logSource  ] in CodeImporter>>evaluate
OrderedCollection>>do:
CodeImporter>>evaluate
[ codeImporter evaluate ] in STCommandLineHandler>>installSourceFile:
FullBlockClosure(BlockClosure)>>on:do:
STCommandLineHandler>>handleErrorsDuring:reference:
STCommandLineHandler>>installSourceFile:
[ :reference |
		self installSourceFile: reference ] in [ sourceFiles do: [ :reference |
		self installSourceFile: reference ]
	] in STCommandLineHandler>>installSourceFiles
OrderedCollection>>do:
[ sourceFiles do: [ :reference |
		self installSourceFile: reference ]
	] in STCommandLineHandler>>installSourceFiles
FullBlockClosure(BlockClosure)>>ensure:
STCommandLineHandler>>installSourceFiles
STCommandLineHandler>>activate
STCommandLineHandler class(CommandLineHandler class)>>activateWith:
[ aCommandLinehandler activateWith: commandLine ] in PharoCommandLineHandler(BasicCommandLineHandler)>>activateSubCommand:
FullBlockClosure(BlockClosure)>>on:do:
PharoCommandLineHandler(BasicCommandLineHandler)>>activateSubCommand:
PharoCommandLineHandler(BasicCommandLineHandler)>>handleSubcommand
PharoCommandLineHandler(BasicCommandLineHandler)>>handleArgument:
[ self handleArgument: self firstArgument ] in [ [ self handleArgument: self firstArgument ]
		on: Exit
		do: [ :exit |
			"If the command line is protected by password, we just exit the image because in non-headless mode the handleExit will let the image open. If the password protection is enabled, it is to avoid to let the access to the image."
			self class commandLinePasswordManager hasPasswordSet
				ifTrue: [ Smalltalk snapshot: false andQuit: true ].
			self handleExit: exit ] ] in PharoCommandLineHandler(BasicCommandLineHandler)>>activate
FullBlockClosure(BlockClosure)>>on:do:
[ [ self handleArgument: self firstArgument ]
		on: Exit
		do: [ :exit |
			"If the command line is protected by password, we just exit the image because in non-headless mode the handleExit will let the image open. If the password protection is enabled, it is to avoid to let the access to the image."
			self class commandLinePasswordManager hasPasswordSet
				ifTrue: [ Smalltalk snapshot: false andQuit: true ].
			self handleExit: exit ] ] in PharoCommandLineHandler(BasicCommandLineHandler)>>activate
[self value.
			"IMPORTANT: Do not step over next line of code. See method comments for details"
			Processor terminateRealActive] in FullBlockClosure(BlockClosure)>>newProcess
-------------------------------------------------------------------------------

Processes and their stacks: 
Process: a Process in AtomicSharedQueue>>waitForNewItems
  stack:

AtomicSharedQueue>>waitForNewItems
AtomicSharedQueue>>next
TKTWorkerProcess>>privateNextTask
TKTWorkerProcess>>workerLoop
MessageSend>>value
[ aValuable value ] in TKTPharoProcessProvider>>createProcessDoing:named:
[self value.
			"IMPORTANT: Do not step over next line of code. See method comments for details"
			Processor terminateRealActive] in FullBlockClosure(BlockClosure)>>newProcess
------------------------------

Process: a Process in AtomicSharedQueue>>waitForNewItems
  stack:

AtomicSharedQueue>>waitForNewItems
AtomicSharedQueue>>next
TKTWorkerProcess>>privateNextTask
TKTWorkerProcess>>workerLoop
MessageSend>>value
[ aValuable value ] in TKTPharoProcessProvider>>createProcessDoing:named:
[self value.
			"IMPORTANT: Do not step over next line of code. See method comments for details"
			Processor terminateRealActive] in FullBlockClosure(BlockClosure)>>newProcess
------------------------------

Process: a Process in DelayMicrosecondTicker>>waitForUserSignalled:orExpired:
  stack:

DelayMicrosecondTicker>>waitForUserSignalled:orExpired:
[  [runTimerEventLoop] whileTrue:
		[	|nowTick|
			"Warning! Stepping <Over> the following line may lock the Image. Use <Into> or <Proceed>."
		 	ticker waitForUserSignalled: timingSemaphore orExpired: activeDelay.

			"Invoke the api back-ends, which set the transfer-variable to nil"
			suspendSemaphore ifNotNil: [ self suspendAtTimingPriority    ].
			delayToStart     ifNotNil: [ self scheduleAtTimingPriority   ].
			delayToStop      ifNotNil: [ self unscheduleAtTimingPriority ].

			"Signal any expired delays"
			nowTick := ticker nowTick.
			[ 	activeDelay isNotNil and: [nowTick >= activeDelay resumptionTick] ]
					whileTrue: [
						activeDelay timingPrioritySignalExpired.
						activeDelay := suspendedDelays removeFirstOrNil ].
		]
	] in DelaySemaphoreScheduler(DelayBasicScheduler)>>runBackendLoopAtTimingPriority
FullBlockClosure(BlockClosure)>>ensure:
DelaySemaphoreScheduler(DelayBasicScheduler)>>runBackendLoopAtTimingPriority
[ self runBackendLoopAtTimingPriority ] in DelaySemaphoreScheduler(DelayBasicScheduler)>>startTimerEventLoopPriority:
[self value.
			"IMPORTANT: Do not step over next line of code. See method comments for details"
			Processor terminateRealActive] in FullBlockClosure(BlockClosure)>>newProcess
------------------------------

Process: a Process in MorphicRenderLoop>>doOneCycleWhile:
  stack:

MorphicRenderLoop>>doOneCycleWhile:
[ MorphicRenderLoop new doOneCycleWhile: [ true ] ] in MorphicUIManager>>spawnNewProcess
[self value.
			"IMPORTANT: Do not step over next line of code. See method comments for details"
			Processor terminateRealActive] in FullBlockClosure(BlockClosure)>>newProcess
------------------------------

Process: a Process in Process>>endProcess
  stack:

Process>>endProcess
------------------------------

Process: a Process in Process>>endProcess
  stack:

Process>>endProcess
------------------------------

Process: a Process in Process>>endProcess
  stack:

Process>>endProcess
------------------------------

Process: a Process in Process>>endProcess
  stack:

Process>>endProcess
------------------------------

Process: a Process in Process>>endProcess
  stack:

Process>>endProcess
------------------------------

Process: a Process in SmalltalkImage>>lowSpaceWatcher
  stack:

SmalltalkImage>>lowSpaceWatcher
[ self lowSpaceWatcher ] in SmalltalkImage>>installLowSpaceWatcher
[self value.
			"IMPORTANT: Do not step over next line of code. See method comments for details"
			Processor terminateRealActive] in FullBlockClosure(BlockClosure)>>newProcess
------------------------------

Process: a Process in [self value.
			"IMPORTANT: Do not step over next line of code. See method comments for details"
			Processor terminateRealActive] in FullBlockClosure(BlockClosure)>>newProcess
  stack:

[self value.
			"IMPORTANT: Do not step over next line of code. See method comments for details"
			Processor terminateRealActive] in FullBlockClosure(BlockClosure)>>newProcess
------------------------------

Process: a Process in FinalizationProcess class>>finalizationProcess
  stack:

FinalizationProcess class>>finalizationProcess
[self finalizationProcess] in FinalizationProcess class>>restartFinalizationProcess
[self value.
			"IMPORTANT: Do not step over next line of code. See method comments for details"
			Processor terminateRealActive] in FullBlockClosure(BlockClosure)>>newProcess
------------------------------

Process: a Process in nil
  stack:

Array(SequenceableCollection)>>do:
[:logger |
		logger nextPutAll: 'Processes and their stacks: ';cr.

		Process allInstances do: [:each | | ctx |
			logger nextPutAll: 'Process: '; print: each; cr; nextPutAll: '  stack:'; cr; cr.

			ctx := each isActive ifTrue: [ thisContext sender ] ifFalse: [ each suspendedContext ].
			ctx ifNotNil: [
				(ctx stackOfSize: 20) do: [:s | logger print: s; cr ]].
			logger nextPutAll: '------------------------------'; cr; cr.
		]] in [ Smalltalk
		logError: aString
		inContext: aContext.

	" Print stacks of all current processes "

	Smalltalk logDuring: [:logger |
		logger nextPutAll: 'Processes and their stacks: ';cr.

		Process allInstances do: [:each | | ctx |
			logger nextPutAll: 'Process: '; print: each; cr; nextPutAll: '  stack:'; cr; cr.

			ctx := each isActive ifTrue: [ thisContext sender ] ifFalse: [ each suspendedContext ].
			ctx ifNotNil: [
				(ctx stackOfSize: 20) do: [:s | logger print: s; cr ]].
			logger nextPutAll: '------------------------------'; cr; cr.
		]].
	] in NonInteractiveUIManager(CommandLineUIManager)>>quitFrom:withMessage:
[
		logStream := self openLog.
		aMonadicBlock value: logStream.
	] in SmalltalkImage>>logDuring:
FullBlockClosure(BlockClosure)>>ensure:
SmalltalkImage>>logDuring:
[ Smalltalk
		logError: aString
		inContext: aContext.

	" Print stacks of all current processes "

	Smalltalk logDuring: [:logger |
		logger nextPutAll: 'Processes and their stacks: ';cr.

		Process allInstances do: [:each | | ctx |
			logger nextPutAll: 'Process: '; print: each; cr; nextPutAll: '  stack:'; cr; cr.

			ctx := each isActive ifTrue: [ thisContext sender ] ifFalse: [ each suspendedContext ].
			ctx ifNotNil: [
				(ctx stackOfSize: 20) do: [:s | logger print: s; cr ]].
			logger nextPutAll: '------------------------------'; cr; cr.
		]].
	] in NonInteractiveUIManager(CommandLineUIManager)>>quitFrom:withMessage:
FullBlockClosure(BlockClosure)>>ensure:
NonInteractiveUIManager(CommandLineUIManager)>>quitFrom:withMessage:
NonInteractiveUIManager(CommandLineUIManager)>>handleError:log:
NonInteractiveUIManager(UIManager)>>handleError:
Process>>handleError:
KeyNotFound(Exception)>>unhandledErrorAction
UnhandledError>>defaultAction
UndefinedObject>>handleSignal:
Context>>handleSignal:
Context>>handleSignal:
Context>>handleSignal:
UnhandledError(Exception)>>signal
UnhandledError class>>signalForException:
KeyNotFound(Exception)>>raiseUnhandledError
------------------------------

Process: a Process in Process>>endProcess
  stack:

Process>>endProcess
------------------------------

Process: a Process in Process>>endProcess
  stack:

Process>>endProcess
------------------------------

Process: a Process in [
		[ true ] whileTrue: [
			semaphore wait.
			[self executeCallback: self nextPendingCallback]
				on: Exception fork:  [:ex | ex pass ] ] ] in TFCallbackQueue>>forkCallbackProcess
  stack:

[
		[ true ] whileTrue: [
			semaphore wait.
			[self executeCallback: self nextPendingCallback]
				on: Exception fork:  [:ex | ex pass ] ] ] in TFCallbackQueue>>forkCallbackProcess
[self value.
			"IMPORTANT: Do not step over next line of code. See method comments for details"
			Processor terminateRealActive] in FullBlockClosure(BlockClosure)>>newProcess
------------------------------

Process: a Process in Process>>endProcess
  stack:

Process>>endProcess
------------------------------

THERE_BE_DRAGONS_HERE
KeyNotFound: key #Ride not found in SystemEnvironment
3 October 2026 6:30:11.550582 am

VM: Mac OS - arm64 - 1000 - CoInterpreter VMMaker-tonel.1 uuid: 80e43a52-2018-0e00-bce4-820906d86bc4 Sep 18 2026
StackToRegisterMappingCogit VMMaker-tonel.1 uuid: 80e43a52-2018-0e00-bce4-820906d86bc4 Sep 18 2026
v10.3.11+0.a585304b1 - Commit: a585304b1 - Date: 2026-09-16 09:19:54 +0200

Image: Pharo13.1.0SNAPSHOT [Build information: Pharo-13.1.0+SNAPSHOT.build.749.sha.d7c6f761d5445e8b04a0aa5137e0d546ad9bcd89 (64 Bit)]

SystemEnvironment(Dictionary)>>errorKeyNotFound:
	Receiver: a SystemEnvironment(lots of globals)
	Arguments and temporary variables: 
		aKey: 	#Ride
	Receiver's instance variables: 
		tally: 	10841
		array: 	an Array(#SpMockBackend->SpMockBackend #PragmaMenuBuilder->PragmaMen[..]
		cachedClassNames: 	an OrderedCollection(#AColorSelectorMorph #AIAstar #AIAst[..]
		cachedNonClassNames: 	an OrderedCollection(#ASTAbstractBlockVisitor #ASTAbst[..]
		cachedBehaviors: 	an OrderedCollection(AColorSelectorMorph AColorSelectorMor[..]
		pseudoVariables: 	a Dictionary(#self->self #super->super #thisContext->thisC[..]


[self errorKeyNotFound: key] in SystemEnvironment(Dictionary)>>at:
	Receiver: a SystemEnvironment(lots of globals)
	Arguments and temporary variables: 
		key: 	#Ride
	Receiver's instance variables: 
		tally: 	10841
		array: 	an Array(#SpMockBackend->SpMockBackend #PragmaMenuBuilder->PragmaMen[..]
		cachedClassNames: 	an OrderedCollection(#AColorSelectorMorph #AIAstar #AIAst[..]
		cachedNonClassNames: 	an OrderedCollection(#ASTAbstractBlockVisitor #ASTAbst[..]
		cachedBehaviors: 	an OrderedCollection(AColorSelectorMorph AColorSelectorMor[..]
		pseudoVariables: 	a Dictionary(#self->self #super->super #thisContext->thisC[..]


SystemEnvironment(Dictionary)>>at:ifAbsent:
	Receiver: a SystemEnvironment(lots of globals)
	Arguments and temporary variables: 
		key: 	#Ride
		aBlock: 	[self errorKeyNotFound: key]
	Receiver's instance variables: 
		tally: 	10841
		array: 	an Array(#SpMockBackend->SpMockBackend #PragmaMenuBuilder->PragmaMen[..]
		cachedClassNames: 	an OrderedCollection(#AColorSelectorMorph #AIAstar #AIAst[..]
		cachedNonClassNames: 	an OrderedCollection(#ASTAbstractBlockVisitor #ASTAbst[..]
		cachedBehaviors: 	an OrderedCollection(AColorSelectorMorph AColorSelectorMor[..]
		pseudoVariables: 	a Dictionary(#self->self #super->super #thisContext->thisC[..]


SystemEnvironment(Dictionary)>>at:
	Receiver: a SystemEnvironment(lots of globals)
	Arguments and temporary variables: 
		key: 	#Ride
	Receiver's instance variables: 
		tally: 	10841
		array: 	an Array(#SpMockBackend->SpMockBackend #PragmaMenuBuilder->PragmaMen[..]
		cachedClassNames: 	an OrderedCollection(#AColorSelectorMorph #AIAstar #AIAst[..]
		cachedNonClassNames: 	an OrderedCollection(#ASTAbstractBlockVisitor #ASTAbst[..]
		cachedBehaviors: 	an OrderedCollection(AColorSelectorMorph AColorSelectorMor[..]
		pseudoVariables: 	a Dictionary(#self->self #super->super #thisContext->thisC[..]


UndefinedObject>>DoIt
	Receiver: nil
	Arguments and temporary variables: 
		rideClass: 	nil
		standardClass: 	nil
		premiumClass: 	nil
		ride1: 	nil
		ride2: 	nil
	Receiver's instance variables: 
nil

OCReceiverDoItSemanticScope(OCDoItSemanticScope)>>evaluateDoIt:
	Receiver: an OCReceiverDoItSemanticScope
	Arguments and temporary variables: 
		doItMethod: 	UndefinedObject>>#DoIt
	Receiver's instance variables: 
		outerScope: 	nil
		targetReceiver: 	nil


OpalCompiler>>evaluate
	Receiver: an OpalCompiler
	Arguments and temporary variables: 
		value: 	nil
		doItMethod: 	UndefinedObject>>#DoIt
	Receiver's instance variables: 
		ast: 	DoIt

	| rideClass standardClass premiumClass ride1 ride2 |
	(Object <[..]
		source: 	'| rideClass standardClass premiumClass ride1 ride2 |

Object << #R[..]
		compilationContext: 	an OCCompilationContext
		compilationContextClass: 	nil
		permitFaulty: 	false
		permitUndeclared: 	false
		failBlock: 	nil
		logged: 	nil
		changeStamp: 	nil
		protocol: 	nil
		requestor: 	nil
		priorMethod: 	nil


OpalCompiler>>evaluate:
	Receiver: an OpalCompiler
	Arguments and temporary variables: 
		textOrString: 	'| rideClass standardClass premiumClass ride1 ride2 |

Object[..]
	Receiver's instance variables: 
		ast: 	DoIt

	| rideClass standardClass premiumClass ride1 ride2 |
	(Object <[..]
		source: 	'| rideClass standardClass premiumClass ride1 ride2 |

Object << #R[..]
		compilationContext: 	an OCCompilationContext
		compilationContextClass: 	nil
		permitFaulty: 	false
		permitUndeclared: 	false
		failBlock: 	nil
		logged: 	nil
		changeStamp: 	nil
		protocol: 	nil
		requestor: 	nil
		priorMethod: 	nil


[
	result := Smalltalk compiler evaluate: aStream.
	self hasSessionChanged
		ifFalse: [
			self stdout
				print: result;
				lf ] ] in EvaluateCommandLineHandler>>evaluate:
	Receiver: an EvaluateCommandLineHandler
	Arguments and temporary variables: 
		aStream: 	'| rideClass standardClass premiumClass ride1 ride2 |

Object << #[..]
		result: 	nil
	Receiver's instance variables: 
		commandLine: 	a CommandLineArguments
		session: 	a WorkingSession
		stdout: 	a VTermOutputDriver
		stderr: 	a VTermOutputDriver
		sourceFiles: 	nil


FullBlockClosure(BlockClosure)>>on:do:
	Receiver: [
	result := Smalltalk compiler evaluate: aStream.
	self hasSessionChanged
		ifFalse: [..]
	Arguments and temporary variables: 
		exception: 	Error
		handlerAction: 	[ :error | self handleError: error ]
	Receiver's instance variables: 
		outerContext: 	EvaluateCommandLineHandler>>evaluate:
		compiledBlock: 	a CompiledBlock: [
	result := Smalltalk compiler evaluate: a[..]
		numArgs: 	0
		receiver: 	an EvaluateCommandLineHandler


EvaluateCommandLineHandler>>evaluate:
	Receiver: an EvaluateCommandLineHandler
	Arguments and temporary variables: 
		result: 	nil
		aStream: 	'| rideClass standardClass premiumClass ride1 ride2 |

Object << #[..]
	Receiver's instance variables: 
		commandLine: 	a CommandLineArguments
		session: 	a WorkingSession
		stdout: 	a VTermOutputDriver
		stderr: 	a VTermOutputDriver
		sourceFiles: 	nil


EvaluateCommandLineHandler>>evaluateArguments
	Receiver: an EvaluateCommandLineHandler
	Arguments and temporary variables: 
		argumentString: 	'| rideClass standardClass premiumClass ride1 ride2 |

Obje[..]
	Receiver's instance variables: 
		commandLine: 	a CommandLineArguments
		session: 	a WorkingSession
		stdout: 	a VTermOutputDriver
		stderr: 	a VTermOutputDriver
		sourceFiles: 	nil


EvaluateCommandLineHandler>>activate
	Receiver: an EvaluateCommandLineHandler
	Arguments and temporary variables: 
x
	Receiver's instance variables: 
		commandLine: 	a CommandLineArguments
		session: 	a WorkingSession
		stdout: 	a VTermOutputDriver
		stderr: 	a VTermOutputDriver
		sourceFiles: 	nil


EvaluateCommandLineHandler class(CommandLineHandler class)>>activateWith:
	Receiver: EvaluateCommandLineHandler
	Arguments and temporary variables: 
		aCommandLine: 	a CommandLineArguments
	Receiver's instance variables: 
		superclass: 	STCommandLineHandler
		methodDict: 	a MethodDictionary(#activate->EvaluateCommandLineHandler>>#acti[..]
		format: 	65541
		layout: 	a FixedLayout
		protocols: 	an Array(Protocol (activation) - 4 selector(s) Protocol (command[..]
		subclasses: 	nil
		name: 	#EvaluateCommandLineHandler
		classPool: 	nil
		sharedPools: 	an OrderedCollection()
		environment: 	a SystemEnvironment(lots of globals)
		commentSourcePointer: 	16992060
		packageTag: 	a PackageTag(Base)


[ aCommandLinehandler activateWith: commandLine ] in PharoCommandLineHandler(BasicCommandLineHandler)>>activateSubCommand:
	Receiver: a PharoCommandLineHandler
	Arguments and temporary variables: 
		aCommandLinehandler: 	EvaluateCommandLineHandler
	Receiver's instance variables: 
		commandLine: 	a CommandLineArguments
		session: 	a WorkingSession
		stdout: 	a VTermOutputDriver
		stderr: 	a VTermOutputDriver


FullBlockClosure(BlockClosure)>>on:do:
	Receiver: [ aCommandLinehandler activateWith: commandLine ]
	Arguments and temporary variables: 
		exception: 	Exit
		handlerAction: 	[ :exit |
		^ self handleExit: exit for: aCommandLinehandler ]
	Receiver's instance variables: 
		outerContext: 	PharoCommandLineHandler(BasicCommandLineHandler)>>activateSub[..]
		compiledBlock: 	a CompiledBlock: [ aCommandLinehandler activateWith: command[..]
		numArgs: 	0
		receiver: 	a PharoCommandLineHandler


PharoCommandLineHandler(BasicCommandLineHandler)>>activateSubCommand:
	Receiver: a PharoCommandLineHandler
	Arguments and temporary variables: 
		aCommandLinehandler: 	EvaluateCommandLineHandler
	Receiver's instance variables: 
		commandLine: 	a CommandLineArguments
		session: 	a WorkingSession
		stdout: 	a VTermOutputDriver
		stderr: 	a VTermOutputDriver


PharoCommandLineHandler(BasicCommandLineHandler)>>handleSubcommand
	Receiver: a PharoCommandLineHandler
	Arguments and temporary variables: 
		handlers: 	an OrderedCollection(EvaluateCommandLineHandler)
	Receiver's instance variables: 
		commandLine: 	a CommandLineArguments
		session: 	a WorkingSession
		stdout: 	a VTermOutputDriver
		stderr: 	a VTermOutputDriver


PharoCommandLineHandler(BasicCommandLineHandler)>>handleArgument:
	Receiver: a PharoCommandLineHandler
	Arguments and temporary variables: 
		aString: 	'eval'
	Receiver's instance variables: 
		commandLine: 	a CommandLineArguments
		session: 	a WorkingSession
		stdout: 	a VTermOutputDriver
		stderr: 	a VTermOutputDriver


[ self handleArgument: self firstArgument ] in [ [ self handleArgument: self firstArgument ]
		on: Exit
		do: [ :exit |
			"If the command line is protected by password, we just exit the image because in non-headless mode the handleExit will let the image open. If the password protection is enabled, it is to avoid to let the access to the image."
			self class commandLinePasswordManager hasPasswordSet
				ifTrue: [ Smalltalk snapshot: false andQuit: true ].
			self handleExit: exit ] ] in PharoCommandLineHandler(BasicCommandLineHandler)>>activate
	Receiver: a PharoCommandLineHandler
	Arguments and temporary variables: 
x
	Receiver's instance variables: 
		commandLine: 	a CommandLineArguments
		session: 	a WorkingSession
		stdout: 	a VTermOutputDriver
		stderr: 	a VTermOutputDriver


FullBlockClosure(BlockClosure)>>on:do:
	Receiver: [ self handleArgument: self firstArgument ]
	Arguments and temporary variables: 
		exception: 	Exit
		handlerAction: 	[ :exit |
			"If the command line is protected by password, [..]
	Receiver's instance variables: 
		outerContext: 	[ [ self handleArgument: self firstArgument ]
		on: Exit
		do[..]
		compiledBlock: 	a CompiledBlock: [ self handleArgument: self firstArgument ]
		numArgs: 	0
		receiver: 	a PharoCommandLineHandler


[ [ self handleArgument: self firstArgument ]
		on: Exit
		do: [ :exit |
			"If the command line is protected by password, we just exit the image because in non-headless mode the handleExit will let the image open. If the password protection is enabled, it is to avoid to let the access to the image."
			self class commandLinePasswordManager hasPasswordSet
				ifTrue: [ Smalltalk snapshot: false andQuit: true ].
			self handleExit: exit ] ] in PharoCommandLineHandler(BasicCommandLineHandler)>>activate
	Receiver: a PharoCommandLineHandler
	Arguments and temporary variables: 
x
	Receiver's instance variables: 
		commandLine: 	a CommandLineArguments
		session: 	a WorkingSession
		stdout: 	a VTermOutputDriver
		stderr: 	a VTermOutputDriver


[self value.
			"IMPORTANT: Do not step over next line of code. See method comments for details"
			Processor terminateRealActive] in FullBlockClosure(BlockClosure)>>newProcess
	Receiver: [ [ self handleArgument: self firstArgument ]
		on: Exit
		do: [ :exit |
			"If the co[..]
	Arguments and temporary variables: 
x
	Receiver's instance variables: 
		outerContext: 	PharoCommandLineHandler(BasicCommandLineHandler)>>activate
		compiledBlock: 	a CompiledBlock: [ [ self handleArgument: self firstArgument[..]
		numArgs: 	0
		receiver: 	a PharoCommandLineHandler



--- The full stack ---
SystemEnvironment(Dictionary)>>errorKeyNotFound:
[self errorKeyNotFound: key] in SystemEnvironment(Dictionary)>>at:
SystemEnvironment(Dictionary)>>at:ifAbsent:
SystemEnvironment(Dictionary)>>at:
UndefinedObject>>DoIt
OCReceiverDoItSemanticScope(OCDoItSemanticScope)>>evaluateDoIt:
OpalCompiler>>evaluate
OpalCompiler>>evaluate:
[
	result := Smalltalk compiler evaluate: aStream.
	self hasSessionChanged
		ifFalse: [
			self stdout
				print: result;
				lf ] ] in EvaluateCommandLineHandler>>evaluate:
FullBlockClosure(BlockClosure)>>on:do:
EvaluateCommandLineHandler>>evaluate:
EvaluateCommandLineHandler>>evaluateArguments
EvaluateCommandLineHandler>>activate
EvaluateCommandLineHandler class(CommandLineHandler class)>>activateWith:
[ aCommandLinehandler activateWith: commandLine ] in PharoCommandLineHandler(BasicCommandLineHandler)>>activateSubCommand:
FullBlockClosure(BlockClosure)>>on:do:
PharoCommandLineHandler(BasicCommandLineHandler)>>activateSubCommand:
PharoCommandLineHandler(BasicCommandLineHandler)>>handleSubcommand
PharoCommandLineHandler(BasicCommandLineHandler)>>handleArgument:
[ self handleArgument: self firstArgument ] in [ [ self handleArgument: self firstArgument ]
		on: Exit
		do: [ :exit |
			"If the command line is protected by password, we just exit the image because in non-headless mode the handleExit will let the image open. If the password protection is enabled, it is to avoid to let the access to the image."
			self class commandLinePasswordManager hasPasswordSet
				ifTrue: [ Smalltalk snapshot: false andQuit: true ].
			self handleExit: exit ] ] in PharoCommandLineHandler(BasicCommandLineHandler)>>activate
FullBlockClosure(BlockClosure)>>on:do:
[ [ self handleArgument: self firstArgument ]
		on: Exit
		do: [ :exit |
			"If the command line is protected by password, we just exit the image because in non-headless mode the handleExit will let the image open. If the password protection is enabled, it is to avoid to let the access to the image."
			self class commandLinePasswordManager hasPasswordSet
				ifTrue: [ Smalltalk snapshot: false andQuit: true ].
			self handleExit: exit ] ] in PharoCommandLineHandler(BasicCommandLineHandler)>>activate
[self value.
			"IMPORTANT: Do not step over next line of code. See method comments for details"
			Processor terminateRealActive] in FullBlockClosure(BlockClosure)>>newProcess
-------------------------------------------------------------------------------

Processes and their stacks: 
Process: a Process in AtomicSharedQueue>>waitForNewItems
  stack:

AtomicSharedQueue>>waitForNewItems
AtomicSharedQueue>>next
TKTWorkerProcess>>privateNextTask
TKTWorkerProcess>>workerLoop
MessageSend>>value
[ aValuable value ] in TKTPharoProcessProvider>>createProcessDoing:named:
[self value.
			"IMPORTANT: Do not step over next line of code. See method comments for details"
			Processor terminateRealActive] in FullBlockClosure(BlockClosure)>>newProcess
------------------------------

Process: a Process in AtomicSharedQueue>>waitForNewItems
  stack:

AtomicSharedQueue>>waitForNewItems
AtomicSharedQueue>>next
TKTWorkerProcess>>privateNextTask
TKTWorkerProcess>>workerLoop
MessageSend>>value
[ aValuable value ] in TKTPharoProcessProvider>>createProcessDoing:named:
[self value.
			"IMPORTANT: Do not step over next line of code. See method comments for details"
			Processor terminateRealActive] in FullBlockClosure(BlockClosure)>>newProcess
------------------------------

Process: a Process in DelayMicrosecondTicker>>waitForUserSignalled:orExpired:
  stack:

DelayMicrosecondTicker>>waitForUserSignalled:orExpired:
[  [runTimerEventLoop] whileTrue:
		[	|nowTick|
			"Warning! Stepping <Over> the following line may lock the Image. Use <Into> or <Proceed>."
		 	ticker waitForUserSignalled: timingSemaphore orExpired: activeDelay.

			"Invoke the api back-ends, which set the transfer-variable to nil"
			suspendSemaphore ifNotNil: [ self suspendAtTimingPriority    ].
			delayToStart     ifNotNil: [ self scheduleAtTimingPriority   ].
			delayToStop      ifNotNil: [ self unscheduleAtTimingPriority ].

			"Signal any expired delays"
			nowTick := ticker nowTick.
			[ 	activeDelay isNotNil and: [nowTick >= activeDelay resumptionTick] ]
					whileTrue: [
						activeDelay timingPrioritySignalExpired.
						activeDelay := suspendedDelays removeFirstOrNil ].
		]
	] in DelaySemaphoreScheduler(DelayBasicScheduler)>>runBackendLoopAtTimingPriority
FullBlockClosure(BlockClosure)>>ensure:
DelaySemaphoreScheduler(DelayBasicScheduler)>>runBackendLoopAtTimingPriority
[ self runBackendLoopAtTimingPriority ] in DelaySemaphoreScheduler(DelayBasicScheduler)>>startTimerEventLoopPriority:
[self value.
			"IMPORTANT: Do not step over next line of code. See method comments for details"
			Processor terminateRealActive] in FullBlockClosure(BlockClosure)>>newProcess
------------------------------

Process: a Process in MorphicRenderLoop>>doOneCycleWhile:
  stack:

MorphicRenderLoop>>doOneCycleWhile:
[ MorphicRenderLoop new doOneCycleWhile: [ true ] ] in MorphicUIManager>>spawnNewProcess
[self value.
			"IMPORTANT: Do not step over next line of code. See method comments for details"
			Processor terminateRealActive] in FullBlockClosure(BlockClosure)>>newProcess
------------------------------

Process: a Process in Process>>endProcess
  stack:

Process>>endProcess
------------------------------

Process: a Process in Process>>endProcess
  stack:

Process>>endProcess
------------------------------

Process: a Process in Process>>endProcess
  stack:

Process>>endProcess
------------------------------

Process: a Process in Process>>endProcess
  stack:

Process>>endProcess
------------------------------

Process: a Process in Process>>endProcess
  stack:

Process>>endProcess
------------------------------

Process: a Process in SmalltalkImage>>lowSpaceWatcher
  stack:

SmalltalkImage>>lowSpaceWatcher
[ self lowSpaceWatcher ] in SmalltalkImage>>installLowSpaceWatcher
[self value.
			"IMPORTANT: Do not step over next line of code. See method comments for details"
			Processor terminateRealActive] in FullBlockClosure(BlockClosure)>>newProcess
------------------------------

Process: a Process in [self value.
			"IMPORTANT: Do not step over next line of code. See method comments for details"
			Processor terminateRealActive] in FullBlockClosure(BlockClosure)>>newProcess
  stack:

[self value.
			"IMPORTANT: Do not step over next line of code. See method comments for details"
			Processor terminateRealActive] in FullBlockClosure(BlockClosure)>>newProcess
------------------------------

Process: a Process in FinalizationProcess class>>finalizationProcess
  stack:

FinalizationProcess class>>finalizationProcess
[self finalizationProcess] in FinalizationProcess class>>restartFinalizationProcess
[self value.
			"IMPORTANT: Do not step over next line of code. See method comments for details"
			Processor terminateRealActive] in FullBlockClosure(BlockClosure)>>newProcess
------------------------------

Process: a Process in nil
  stack:

Array(SequenceableCollection)>>do:
[:logger |
		logger nextPutAll: 'Processes and their stacks: ';cr.

		Process allInstances do: [:each | | ctx |
			logger nextPutAll: 'Process: '; print: each; cr; nextPutAll: '  stack:'; cr; cr.

			ctx := each isActive ifTrue: [ thisContext sender ] ifFalse: [ each suspendedContext ].
			ctx ifNotNil: [
				(ctx stackOfSize: 20) do: [:s | logger print: s; cr ]].
			logger nextPutAll: '------------------------------'; cr; cr.
		]] in [ Smalltalk
		logError: aString
		inContext: aContext.

	" Print stacks of all current processes "

	Smalltalk logDuring: [:logger |
		logger nextPutAll: 'Processes and their stacks: ';cr.

		Process allInstances do: [:each | | ctx |
			logger nextPutAll: 'Process: '; print: each; cr; nextPutAll: '  stack:'; cr; cr.

			ctx := each isActive ifTrue: [ thisContext sender ] ifFalse: [ each suspendedContext ].
			ctx ifNotNil: [
				(ctx stackOfSize: 20) do: [:s | logger print: s; cr ]].
			logger nextPutAll: '------------------------------'; cr; cr.
		]].
	] in NonInteractiveUIManager(CommandLineUIManager)>>quitFrom:withMessage:
[
		logStream := self openLog.
		aMonadicBlock value: logStream.
	] in SmalltalkImage>>logDuring:
FullBlockClosure(BlockClosure)>>ensure:
SmalltalkImage>>logDuring:
[ Smalltalk
		logError: aString
		inContext: aContext.

	" Print stacks of all current processes "

	Smalltalk logDuring: [:logger |
		logger nextPutAll: 'Processes and their stacks: ';cr.

		Process allInstances do: [:each | | ctx |
			logger nextPutAll: 'Process: '; print: each; cr; nextPutAll: '  stack:'; cr; cr.

			ctx := each isActive ifTrue: [ thisContext sender ] ifFalse: [ each suspendedContext ].
			ctx ifNotNil: [
				(ctx stackOfSize: 20) do: [:s | logger print: s; cr ]].
			logger nextPutAll: '------------------------------'; cr; cr.
		]].
	] in NonInteractiveUIManager(CommandLineUIManager)>>quitFrom:withMessage:
FullBlockClosure(BlockClosure)>>ensure:
NonInteractiveUIManager(CommandLineUIManager)>>quitFrom:withMessage:
NonInteractiveUIManager(CommandLineUIManager)>>handleError:log:
NonInteractiveUIManager(UIManager)>>handleError:
Process>>handleError:
KeyNotFound(Exception)>>unhandledErrorAction
UnhandledError>>defaultAction
UndefinedObject>>handleSignal:
Context>>handleSignal:
Context>>handleSignal:
Context>>handleSignal:
UnhandledError(Exception)>>signal
UnhandledError class>>signalForException:
KeyNotFound(Exception)>>raiseUnhandledError
------------------------------

Process: a Process in Process>>endProcess
  stack:

Process>>endProcess
------------------------------

Process: a Process in Process>>endProcess
  stack:

Process>>endProcess
------------------------------

Process: a Process in [
		[ true ] whileTrue: [
			semaphore wait.
			[self executeCallback: self nextPendingCallback]
				on: Exception fork:  [:ex | ex pass ] ] ] in TFCallbackQueue>>forkCallbackProcess
  stack:

[
		[ true ] whileTrue: [
			semaphore wait.
			[self executeCallback: self nextPendingCallback]
				on: Exception fork:  [:ex | ex pass ] ] ] in TFCallbackQueue>>forkCallbackProcess
[self value.
			"IMPORTANT: Do not step over next line of code. See method comments for details"
			Processor terminateRealActive] in FullBlockClosure(BlockClosure)>>newProcess
------------------------------

Process: a Process in Process>>endProcess
  stack:

Process>>endProcess
------------------------------

THERE_BE_DRAGONS_HERE
OCCodeError:OCSyntaxErrorNotice UndefinedObject>>#DoIt 728:Variable or expression expected->
3 October 2026 6:40:00.58009 am

VM: Mac OS - arm64 - 1000 - CoInterpreter VMMaker-tonel.1 uuid: 80e43a52-2018-0e00-bce4-820906d86bc4 Sep 18 2026
StackToRegisterMappingCogit VMMaker-tonel.1 uuid: 80e43a52-2018-0e00-bce4-820906d86bc4 Sep 18 2026
v10.3.11+0.a585304b1 - Commit: a585304b1 - Date: 2026-09-16 09:19:54 +0200

Image: Pharo13.1.0SNAPSHOT [Build information: Pharo-13.1.0+SNAPSHOT.build.749.sha.d7c6f761d5445e8b04a0aa5137e0d546ad9bcd89 (64 Bit)]

OCSyntaxErrorNotice(OCNotice)>>signalError
	Receiver: OCSyntaxErrorNotice(728:Variable or expression expected)
	Arguments and temporary variables: 
x
	Receiver's instance variables: 
		messageText: 	nil
		node: 	OCParseErrorNode()


OpalCompiler>>checkNotice:
	Receiver: an OpalCompiler
	Arguments and temporary variables: 
		aNotice: 	OCSyntaxErrorNotice(728:Variable or expression expected)
	Receiver's instance variables: 
		ast: 	DoIt

	| rideClass |
	rideClass := ((Object << #Ride)
		              [..]
		source: 	'| rideClass |

rideClass := (Object << #Ride
    slots: { #rideID [..]
		compilationContext: 	an OCCompilationContext
		compilationContextClass: 	nil
		permitFaulty: 	false
		permitUndeclared: 	false
		failBlock: 	nil
		logged: 	nil
		changeStamp: 	nil
		protocol: 	nil
		requestor: 	nil
		priorMethod: 	nil


[ :n |
			| check |
			check := self checkNotice: n.
			check ifNil: [ ^ ast ].
			check ifFalse: [
				ast := nil.
				^ self failBlock ifNotNil: [ :block | block cull: n ] ifNil: [ nil ].
				] ] in OpalCompiler>>parse
	Receiver: an OpalCompiler
	Arguments and temporary variables: 
		parser: 	an OCParser
		n: 	OCSyntaxErrorNotice(728:Variable or expression expected)
		check: 	nil
	Receiver's instance variables: 
		ast: 	DoIt

	| rideClass |
	rideClass := ((Object << #Ride)
		              [..]
		source: 	'| rideClass |

rideClass := (Object << #Ride
    slots: { #rideID [..]
		compilationContext: 	an OCCompilationContext
		compilationContextClass: 	nil
		permitFaulty: 	false
		permitUndeclared: 	false
		failBlock: 	nil
		logged: 	nil
		changeStamp: 	nil
		protocol: 	nil
		requestor: 	nil
		priorMethod: 	nil


OrderedCollection>>do:
	Receiver: an OrderedCollection(OCSyntaxErrorNotice(728:Variable or expression expected) OCSyntax[..]
	Arguments and temporary variables: 
		aBlock: 	[ :n |
			| check |
			check := self checkNotice: n.
			check ifNil[..]
		index: 	1
	Receiver's instance variables: 
		array: 	an Array(OCSyntaxErrorNotice(728:Variable or expression expected) OC[..]
		firstIndex: 	1
		lastIndex: 	61


OpalCompiler>>parse
	Receiver: an OpalCompiler
	Arguments and temporary variables: 
		parser: 	an OCParser
	Receiver's instance variables: 
		ast: 	DoIt

	| rideClass |
	rideClass := ((Object << #Ride)
		              [..]
		source: 	'| rideClass |

rideClass := (Object << #Ride
    slots: { #rideID [..]
		compilationContext: 	an OCCompilationContext
		compilationContextClass: 	nil
		permitFaulty: 	false
		permitUndeclared: 	false
		failBlock: 	nil
		logged: 	nil
		changeStamp: 	nil
		protocol: 	nil
		requestor: 	nil
		priorMethod: 	nil


OpalCompiler>>compile
	Receiver: an OpalCompiler
	Arguments and temporary variables: 
		result: 	nil
	Receiver's instance variables: 
		ast: 	DoIt

	| rideClass |
	rideClass := ((Object << #Ride)
		              [..]
		source: 	'| rideClass |

rideClass := (Object << #Ride
    slots: { #rideID [..]
		compilationContext: 	an OCCompilationContext
		compilationContextClass: 	nil
		permitFaulty: 	false
		permitUndeclared: 	false
		failBlock: 	nil
		logged: 	nil
		changeStamp: 	nil
		protocol: 	nil
		requestor: 	nil
		priorMethod: 	nil


OpalCompiler>>evaluate
	Receiver: an OpalCompiler
	Arguments and temporary variables: 
		value: 	nil
		doItMethod: 	nil
	Receiver's instance variables: 
		ast: 	DoIt

	| rideClass |
	rideClass := ((Object << #Ride)
		              [..]
		source: 	'| rideClass |

rideClass := (Object << #Ride
    slots: { #rideID [..]
		compilationContext: 	an OCCompilationContext
		compilationContextClass: 	nil
		permitFaulty: 	false
		permitUndeclared: 	false
		failBlock: 	nil
		logged: 	nil
		changeStamp: 	nil
		protocol: 	nil
		requestor: 	nil
		priorMethod: 	nil


OpalCompiler>>evaluate:
	Receiver: an OpalCompiler
	Arguments and temporary variables: 
		textOrString: 	'| rideClass |

rideClass := (Object << #Ride
    slots: { #r[..]
	Receiver's instance variables: 
		ast: 	DoIt

	| rideClass |
	rideClass := ((Object << #Ride)
		              [..]
		source: 	'| rideClass |

rideClass := (Object << #Ride
    slots: { #rideID [..]
		compilationContext: 	an OCCompilationContext
		compilationContextClass: 	nil
		permitFaulty: 	false
		permitUndeclared: 	false
		failBlock: 	nil
		logged: 	nil
		changeStamp: 	nil
		protocol: 	nil
		requestor: 	nil
		priorMethod: 	nil


[
	result := Smalltalk compiler evaluate: aStream.
	self hasSessionChanged
		ifFalse: [
			self stdout
				print: result;
				lf ] ] in EvaluateCommandLineHandler>>evaluate:
	Receiver: an EvaluateCommandLineHandler
	Arguments and temporary variables: 
		aStream: 	'| rideClass |

rideClass := (Object << #Ride
    slots: { #rideID[..]
		result: 	nil
	Receiver's instance variables: 
		commandLine: 	a CommandLineArguments
		session: 	a WorkingSession
		stdout: 	a VTermOutputDriver
		stderr: 	a VTermOutputDriver
		sourceFiles: 	nil


FullBlockClosure(BlockClosure)>>on:do:
	Receiver: [
	result := Smalltalk compiler evaluate: aStream.
	self hasSessionChanged
		ifFalse: [..]
	Arguments and temporary variables: 
		exception: 	Error
		handlerAction: 	[ :error | self handleError: error ]
	Receiver's instance variables: 
		outerContext: 	EvaluateCommandLineHandler>>evaluate:
		compiledBlock: 	a CompiledBlock: [
	result := Smalltalk compiler evaluate: a[..]
		numArgs: 	0
		receiver: 	an EvaluateCommandLineHandler


EvaluateCommandLineHandler>>evaluate:
	Receiver: an EvaluateCommandLineHandler
	Arguments and temporary variables: 
		result: 	nil
		aStream: 	'| rideClass |

rideClass := (Object << #Ride
    slots: { #rideID[..]
	Receiver's instance variables: 
		commandLine: 	a CommandLineArguments
		session: 	a WorkingSession
		stdout: 	a VTermOutputDriver
		stderr: 	a VTermOutputDriver
		sourceFiles: 	nil


EvaluateCommandLineHandler>>evaluateArguments
	Receiver: an EvaluateCommandLineHandler
	Arguments and temporary variables: 
		argumentString: 	'| rideClass |

rideClass := (Object << #Ride
    slots: { [..]
	Receiver's instance variables: 
		commandLine: 	a CommandLineArguments
		session: 	a WorkingSession
		stdout: 	a VTermOutputDriver
		stderr: 	a VTermOutputDriver
		sourceFiles: 	nil


EvaluateCommandLineHandler>>activate
	Receiver: an EvaluateCommandLineHandler
	Arguments and temporary variables: 
x
	Receiver's instance variables: 
		commandLine: 	a CommandLineArguments
		session: 	a WorkingSession
		stdout: 	a VTermOutputDriver
		stderr: 	a VTermOutputDriver
		sourceFiles: 	nil


EvaluateCommandLineHandler class(CommandLineHandler class)>>activateWith:
	Receiver: EvaluateCommandLineHandler
	Arguments and temporary variables: 
		aCommandLine: 	a CommandLineArguments
	Receiver's instance variables: 
		superclass: 	STCommandLineHandler
		methodDict: 	a MethodDictionary(#activate->EvaluateCommandLineHandler>>#acti[..]
		format: 	65541
		layout: 	a FixedLayout
		protocols: 	an Array(Protocol (activation) - 4 selector(s) Protocol (command[..]
		subclasses: 	nil
		name: 	#EvaluateCommandLineHandler
		classPool: 	nil
		sharedPools: 	an OrderedCollection()
		environment: 	a SystemEnvironment(lots of globals)
		commentSourcePointer: 	16992060
		packageTag: 	a PackageTag(Base)


[ aCommandLinehandler activateWith: commandLine ] in PharoCommandLineHandler(BasicCommandLineHandler)>>activateSubCommand:
	Receiver: a PharoCommandLineHandler
	Arguments and temporary variables: 
		aCommandLinehandler: 	EvaluateCommandLineHandler
	Receiver's instance variables: 
		commandLine: 	a CommandLineArguments
		session: 	a WorkingSession
		stdout: 	a VTermOutputDriver
		stderr: 	a VTermOutputDriver


FullBlockClosure(BlockClosure)>>on:do:
	Receiver: [ aCommandLinehandler activateWith: commandLine ]
	Arguments and temporary variables: 
		exception: 	Exit
		handlerAction: 	[ :exit |
		^ self handleExit: exit for: aCommandLinehandler ]
	Receiver's instance variables: 
		outerContext: 	PharoCommandLineHandler(BasicCommandLineHandler)>>activateSub[..]
		compiledBlock: 	a CompiledBlock: [ aCommandLinehandler activateWith: command[..]
		numArgs: 	0
		receiver: 	a PharoCommandLineHandler


PharoCommandLineHandler(BasicCommandLineHandler)>>activateSubCommand:
	Receiver: a PharoCommandLineHandler
	Arguments and temporary variables: 
		aCommandLinehandler: 	EvaluateCommandLineHandler
	Receiver's instance variables: 
		commandLine: 	a CommandLineArguments
		session: 	a WorkingSession
		stdout: 	a VTermOutputDriver
		stderr: 	a VTermOutputDriver


PharoCommandLineHandler(BasicCommandLineHandler)>>handleSubcommand
	Receiver: a PharoCommandLineHandler
	Arguments and temporary variables: 
		handlers: 	an OrderedCollection(EvaluateCommandLineHandler)
	Receiver's instance variables: 
		commandLine: 	a CommandLineArguments
		session: 	a WorkingSession
		stdout: 	a VTermOutputDriver
		stderr: 	a VTermOutputDriver


PharoCommandLineHandler(BasicCommandLineHandler)>>handleArgument:
	Receiver: a PharoCommandLineHandler
	Arguments and temporary variables: 
		aString: 	'eval'
	Receiver's instance variables: 
		commandLine: 	a CommandLineArguments
		session: 	a WorkingSession
		stdout: 	a VTermOutputDriver
		stderr: 	a VTermOutputDriver


[ self handleArgument: self firstArgument ] in [ [ self handleArgument: self firstArgument ]
		on: Exit
		do: [ :exit |
			"If the command line is protected by password, we just exit the image because in non-headless mode the handleExit will let the image open. If the password protection is enabled, it is to avoid to let the access to the image."
			self class commandLinePasswordManager hasPasswordSet
				ifTrue: [ Smalltalk snapshot: false andQuit: true ].
			self handleExit: exit ] ] in PharoCommandLineHandler(BasicCommandLineHandler)>>activate
	Receiver: a PharoCommandLineHandler
	Arguments and temporary variables: 
x
	Receiver's instance variables: 
		commandLine: 	a CommandLineArguments
		session: 	a WorkingSession
		stdout: 	a VTermOutputDriver
		stderr: 	a VTermOutputDriver


FullBlockClosure(BlockClosure)>>on:do:
	Receiver: [ self handleArgument: self firstArgument ]
	Arguments and temporary variables: 
		exception: 	Exit
		handlerAction: 	[ :exit |
			"If the command line is protected by password, [..]
	Receiver's instance variables: 
		outerContext: 	[ [ self handleArgument: self firstArgument ]
		on: Exit
		do[..]
		compiledBlock: 	a CompiledBlock: [ self handleArgument: self firstArgument ]
		numArgs: 	0
		receiver: 	a PharoCommandLineHandler


[ [ self handleArgument: self firstArgument ]
		on: Exit
		do: [ :exit |
			"If the command line is protected by password, we just exit the image because in non-headless mode the handleExit will let the image open. If the password protection is enabled, it is to avoid to let the access to the image."
			self class commandLinePasswordManager hasPasswordSet
				ifTrue: [ Smalltalk snapshot: false andQuit: true ].
			self handleExit: exit ] ] in PharoCommandLineHandler(BasicCommandLineHandler)>>activate
	Receiver: a PharoCommandLineHandler
	Arguments and temporary variables: 
x
	Receiver's instance variables: 
		commandLine: 	a CommandLineArguments
		session: 	a WorkingSession
		stdout: 	a VTermOutputDriver
		stderr: 	a VTermOutputDriver


[self value.
			"IMPORTANT: Do not step over next line of code. See method comments for details"
			Processor terminateRealActive] in FullBlockClosure(BlockClosure)>>newProcess
	Receiver: [ [ self handleArgument: self firstArgument ]
		on: Exit
		do: [ :exit |
			"If the co[..]
	Arguments and temporary variables: 
x
	Receiver's instance variables: 
		outerContext: 	PharoCommandLineHandler(BasicCommandLineHandler)>>activate
		compiledBlock: 	a CompiledBlock: [ [ self handleArgument: self firstArgument[..]
		numArgs: 	0
		receiver: 	a PharoCommandLineHandler



--- The full stack ---
OCSyntaxErrorNotice(OCNotice)>>signalError
OpalCompiler>>checkNotice:
[ :n |
			| check |
			check := self checkNotice: n.
			check ifNil: [ ^ ast ].
			check ifFalse: [
				ast := nil.
				^ self failBlock ifNotNil: [ :block | block cull: n ] ifNil: [ nil ].
				] ] in OpalCompiler>>parse
OrderedCollection>>do:
OpalCompiler>>parse
OpalCompiler>>compile
OpalCompiler>>evaluate
OpalCompiler>>evaluate:
[
	result := Smalltalk compiler evaluate: aStream.
	self hasSessionChanged
		ifFalse: [
			self stdout
				print: result;
				lf ] ] in EvaluateCommandLineHandler>>evaluate:
FullBlockClosure(BlockClosure)>>on:do:
EvaluateCommandLineHandler>>evaluate:
EvaluateCommandLineHandler>>evaluateArguments
EvaluateCommandLineHandler>>activate
EvaluateCommandLineHandler class(CommandLineHandler class)>>activateWith:
[ aCommandLinehandler activateWith: commandLine ] in PharoCommandLineHandler(BasicCommandLineHandler)>>activateSubCommand:
FullBlockClosure(BlockClosure)>>on:do:
PharoCommandLineHandler(BasicCommandLineHandler)>>activateSubCommand:
PharoCommandLineHandler(BasicCommandLineHandler)>>handleSubcommand
PharoCommandLineHandler(BasicCommandLineHandler)>>handleArgument:
[ self handleArgument: self firstArgument ] in [ [ self handleArgument: self firstArgument ]
		on: Exit
		do: [ :exit |
			"If the command line is protected by password, we just exit the image because in non-headless mode the handleExit will let the image open. If the password protection is enabled, it is to avoid to let the access to the image."
			self class commandLinePasswordManager hasPasswordSet
				ifTrue: [ Smalltalk snapshot: false andQuit: true ].
			self handleExit: exit ] ] in PharoCommandLineHandler(BasicCommandLineHandler)>>activate
FullBlockClosure(BlockClosure)>>on:do:
[ [ self handleArgument: self firstArgument ]
		on: Exit
		do: [ :exit |
			"If the command line is protected by password, we just exit the image because in non-headless mode the handleExit will let the image open. If the password protection is enabled, it is to avoid to let the access to the image."
			self class commandLinePasswordManager hasPasswordSet
				ifTrue: [ Smalltalk snapshot: false andQuit: true ].
			self handleExit: exit ] ] in PharoCommandLineHandler(BasicCommandLineHandler)>>activate
[self value.
			"IMPORTANT: Do not step over next line of code. See method comments for details"
			Processor terminateRealActive] in FullBlockClosure(BlockClosure)>>newProcess
-------------------------------------------------------------------------------

Processes and their stacks: 
Process: a Process in AtomicSharedQueue>>waitForNewItems
  stack:

AtomicSharedQueue>>waitForNewItems
AtomicSharedQueue>>next
TKTWorkerProcess>>privateNextTask
TKTWorkerProcess>>workerLoop
MessageSend>>value
[ aValuable value ] in TKTPharoProcessProvider>>createProcessDoing:named:
[self value.
			"IMPORTANT: Do not step over next line of code. See method comments for details"
			Processor terminateRealActive] in FullBlockClosure(BlockClosure)>>newProcess
------------------------------

Process: a Process in AtomicSharedQueue>>waitForNewItems
  stack:

AtomicSharedQueue>>waitForNewItems
AtomicSharedQueue>>next
TKTWorkerProcess>>privateNextTask
TKTWorkerProcess>>workerLoop
MessageSend>>value
[ aValuable value ] in TKTPharoProcessProvider>>createProcessDoing:named:
[self value.
			"IMPORTANT: Do not step over next line of code. See method comments for details"
			Processor terminateRealActive] in FullBlockClosure(BlockClosure)>>newProcess
------------------------------

Process: a Process in DelayMicrosecondTicker>>waitForUserSignalled:orExpired:
  stack:

DelayMicrosecondTicker>>waitForUserSignalled:orExpired:
[  [runTimerEventLoop] whileTrue:
		[	|nowTick|
			"Warning! Stepping <Over> the following line may lock the Image. Use <Into> or <Proceed>."
		 	ticker waitForUserSignalled: timingSemaphore orExpired: activeDelay.

			"Invoke the api back-ends, which set the transfer-variable to nil"
			suspendSemaphore ifNotNil: [ self suspendAtTimingPriority    ].
			delayToStart     ifNotNil: [ self scheduleAtTimingPriority   ].
			delayToStop      ifNotNil: [ self unscheduleAtTimingPriority ].

			"Signal any expired delays"
			nowTick := ticker nowTick.
			[ 	activeDelay isNotNil and: [nowTick >= activeDelay resumptionTick] ]
					whileTrue: [
						activeDelay timingPrioritySignalExpired.
						activeDelay := suspendedDelays removeFirstOrNil ].
		]
	] in DelaySemaphoreScheduler(DelayBasicScheduler)>>runBackendLoopAtTimingPriority
FullBlockClosure(BlockClosure)>>ensure:
DelaySemaphoreScheduler(DelayBasicScheduler)>>runBackendLoopAtTimingPriority
[ self runBackendLoopAtTimingPriority ] in DelaySemaphoreScheduler(DelayBasicScheduler)>>startTimerEventLoopPriority:
[self value.
			"IMPORTANT: Do not step over next line of code. See method comments for details"
			Processor terminateRealActive] in FullBlockClosure(BlockClosure)>>newProcess
------------------------------

Process: a Process in MorphicRenderLoop>>doOneCycleWhile:
  stack:

MorphicRenderLoop>>doOneCycleWhile:
[ MorphicRenderLoop new doOneCycleWhile: [ true ] ] in MorphicUIManager>>spawnNewProcess
[self value.
			"IMPORTANT: Do not step over next line of code. See method comments for details"
			Processor terminateRealActive] in FullBlockClosure(BlockClosure)>>newProcess
------------------------------

Process: a Process in Process>>endProcess
  stack:

Process>>endProcess
------------------------------

Process: a Process in Process>>endProcess
  stack:

Process>>endProcess
------------------------------

Process: a Process in Process>>endProcess
  stack:

Process>>endProcess
------------------------------

Process: a Process in Process>>endProcess
  stack:

Process>>endProcess
------------------------------

Process: a Process in Process>>endProcess
  stack:

Process>>endProcess
------------------------------

Process: a Process in SmalltalkImage>>lowSpaceWatcher
  stack:

SmalltalkImage>>lowSpaceWatcher
[ self lowSpaceWatcher ] in SmalltalkImage>>installLowSpaceWatcher
[self value.
			"IMPORTANT: Do not step over next line of code. See method comments for details"
			Processor terminateRealActive] in FullBlockClosure(BlockClosure)>>newProcess
------------------------------

Process: a Process in [self value.
			"IMPORTANT: Do not step over next line of code. See method comments for details"
			Processor terminateRealActive] in FullBlockClosure(BlockClosure)>>newProcess
  stack:

[self value.
			"IMPORTANT: Do not step over next line of code. See method comments for details"
			Processor terminateRealActive] in FullBlockClosure(BlockClosure)>>newProcess
------------------------------

Process: a Process in FinalizationProcess class>>finalizationProcess
  stack:

FinalizationProcess class>>finalizationProcess
[self finalizationProcess] in FinalizationProcess class>>restartFinalizationProcess
[self value.
			"IMPORTANT: Do not step over next line of code. See method comments for details"
			Processor terminateRealActive] in FullBlockClosure(BlockClosure)>>newProcess
------------------------------

Process: a Process in nil
  stack:

Array(SequenceableCollection)>>do:
[:logger |
		logger nextPutAll: 'Processes and their stacks: ';cr.

		Process allInstances do: [:each | | ctx |
			logger nextPutAll: 'Process: '; print: each; cr; nextPutAll: '  stack:'; cr; cr.

			ctx := each isActive ifTrue: [ thisContext sender ] ifFalse: [ each suspendedContext ].
			ctx ifNotNil: [
				(ctx stackOfSize: 20) do: [:s | logger print: s; cr ]].
			logger nextPutAll: '------------------------------'; cr; cr.
		]] in [ Smalltalk
		logError: aString
		inContext: aContext.

	" Print stacks of all current processes "

	Smalltalk logDuring: [:logger |
		logger nextPutAll: 'Processes and their stacks: ';cr.

		Process allInstances do: [:each | | ctx |
			logger nextPutAll: 'Process: '; print: each; cr; nextPutAll: '  stack:'; cr; cr.

			ctx := each isActive ifTrue: [ thisContext sender ] ifFalse: [ each suspendedContext ].
			ctx ifNotNil: [
				(ctx stackOfSize: 20) do: [:s | logger print: s; cr ]].
			logger nextPutAll: '------------------------------'; cr; cr.
		]].
	] in NonInteractiveUIManager(CommandLineUIManager)>>quitFrom:withMessage:
[
		logStream := self openLog.
		aMonadicBlock value: logStream.
	] in SmalltalkImage>>logDuring:
FullBlockClosure(BlockClosure)>>ensure:
SmalltalkImage>>logDuring:
[ Smalltalk
		logError: aString
		inContext: aContext.

	" Print stacks of all current processes "

	Smalltalk logDuring: [:logger |
		logger nextPutAll: 'Processes and their stacks: ';cr.

		Process allInstances do: [:each | | ctx |
			logger nextPutAll: 'Process: '; print: each; cr; nextPutAll: '  stack:'; cr; cr.

			ctx := each isActive ifTrue: [ thisContext sender ] ifFalse: [ each suspendedContext ].
			ctx ifNotNil: [
				(ctx stackOfSize: 20) do: [:s | logger print: s; cr ]].
			logger nextPutAll: '------------------------------'; cr; cr.
		]].
	] in NonInteractiveUIManager(CommandLineUIManager)>>quitFrom:withMessage:
FullBlockClosure(BlockClosure)>>ensure:
NonInteractiveUIManager(CommandLineUIManager)>>quitFrom:withMessage:
NonInteractiveUIManager(CommandLineUIManager)>>handleError:log:
NonInteractiveUIManager(UIManager)>>handleError:
Process>>handleError:
OCCodeError(Exception)>>unhandledErrorAction
UnhandledError>>defaultAction
UndefinedObject>>handleSignal:
Context>>handleSignal:
Context>>handleSignal:
Context>>handleSignal:
UnhandledError(Exception)>>signal
UnhandledError class>>signalForException:
OCCodeError(Exception)>>raiseUnhandledError
------------------------------

Process: a Process in Process>>endProcess
  stack:

Process>>endProcess
------------------------------

Process: a Process in Process>>endProcess
  stack:

Process>>endProcess
------------------------------

Process: a Process in Process>>endProcess
  stack:

Process>>endProcess
------------------------------

Process: a Process in [
		[ true ] whileTrue: [
			semaphore wait.
			[self executeCallback: self nextPendingCallback]
				on: Exception fork:  [:ex | ex pass ] ] ] in TFCallbackQueue>>forkCallbackProcess
  stack:

[
		[ true ] whileTrue: [
			semaphore wait.
			[self executeCallback: self nextPendingCallback]
				on: Exception fork:  [:ex | ex pass ] ] ] in TFCallbackQueue>>forkCallbackProcess
[self value.
			"IMPORTANT: Do not step over next line of code. See method comments for details"
			Processor terminateRealActive] in FullBlockClosure(BlockClosure)>>newProcess
------------------------------

Process: a Process in Process>>endProcess
  stack:

Process>>endProcess
------------------------------

THERE_BE_DRAGONS_HERE
OCCodeError:OCSyntaxErrorNotice UndefinedObject>>#DoIt 728:Variable or expression expected->
3 October 2026 6:44:15.97371 am

VM: Mac OS - arm64 - 1000 - CoInterpreter VMMaker-tonel.1 uuid: 80e43a52-2018-0e00-bce4-820906d86bc4 Sep 18 2026
StackToRegisterMappingCogit VMMaker-tonel.1 uuid: 80e43a52-2018-0e00-bce4-820906d86bc4 Sep 18 2026
v10.3.11+0.a585304b1 - Commit: a585304b1 - Date: 2026-09-16 09:19:54 +0200

Image: Pharo13.1.0SNAPSHOT [Build information: Pharo-13.1.0+SNAPSHOT.build.749.sha.d7c6f761d5445e8b04a0aa5137e0d546ad9bcd89 (64 Bit)]

OCSyntaxErrorNotice(OCNotice)>>signalError
	Receiver: OCSyntaxErrorNotice(728:Variable or expression expected)
	Arguments and temporary variables: 
x
	Receiver's instance variables: 
		messageText: 	nil
		node: 	OCParseErrorNode()


OpalCompiler>>checkNotice:
	Receiver: an OpalCompiler
	Arguments and temporary variables: 
		aNotice: 	OCSyntaxErrorNotice(728:Variable or expression expected)
	Receiver's instance variables: 
		ast: 	DoIt

	| rideClass |
	rideClass := ((Object << #Ride)
		              [..]
		source: 	'| rideClass |

rideClass := (Object << #Ride
    slots: { #rideID [..]
		compilationContext: 	an OCCompilationContext
		compilationContextClass: 	nil
		permitFaulty: 	false
		permitUndeclared: 	false
		failBlock: 	nil
		logged: 	nil
		changeStamp: 	nil
		protocol: 	nil
		requestor: 	nil
		priorMethod: 	nil


[ :n |
			| check |
			check := self checkNotice: n.
			check ifNil: [ ^ ast ].
			check ifFalse: [
				ast := nil.
				^ self failBlock ifNotNil: [ :block | block cull: n ] ifNil: [ nil ].
				] ] in OpalCompiler>>parse
	Receiver: an OpalCompiler
	Arguments and temporary variables: 
		parser: 	an OCParser
		n: 	OCSyntaxErrorNotice(728:Variable or expression expected)
		check: 	nil
	Receiver's instance variables: 
		ast: 	DoIt

	| rideClass |
	rideClass := ((Object << #Ride)
		              [..]
		source: 	'| rideClass |

rideClass := (Object << #Ride
    slots: { #rideID [..]
		compilationContext: 	an OCCompilationContext
		compilationContextClass: 	nil
		permitFaulty: 	false
		permitUndeclared: 	false
		failBlock: 	nil
		logged: 	nil
		changeStamp: 	nil
		protocol: 	nil
		requestor: 	nil
		priorMethod: 	nil


OrderedCollection>>do:
	Receiver: an OrderedCollection(OCSyntaxErrorNotice(728:Variable or expression expected) OCSyntax[..]
	Arguments and temporary variables: 
		aBlock: 	[ :n |
			| check |
			check := self checkNotice: n.
			check ifNil[..]
		index: 	1
	Receiver's instance variables: 
		array: 	an Array(OCSyntaxErrorNotice(728:Variable or expression expected) OC[..]
		firstIndex: 	1
		lastIndex: 	61


OpalCompiler>>parse
	Receiver: an OpalCompiler
	Arguments and temporary variables: 
		parser: 	an OCParser
	Receiver's instance variables: 
		ast: 	DoIt

	| rideClass |
	rideClass := ((Object << #Ride)
		              [..]
		source: 	'| rideClass |

rideClass := (Object << #Ride
    slots: { #rideID [..]
		compilationContext: 	an OCCompilationContext
		compilationContextClass: 	nil
		permitFaulty: 	false
		permitUndeclared: 	false
		failBlock: 	nil
		logged: 	nil
		changeStamp: 	nil
		protocol: 	nil
		requestor: 	nil
		priorMethod: 	nil


OpalCompiler>>compile
	Receiver: an OpalCompiler
	Arguments and temporary variables: 
		result: 	nil
	Receiver's instance variables: 
		ast: 	DoIt

	| rideClass |
	rideClass := ((Object << #Ride)
		              [..]
		source: 	'| rideClass |

rideClass := (Object << #Ride
    slots: { #rideID [..]
		compilationContext: 	an OCCompilationContext
		compilationContextClass: 	nil
		permitFaulty: 	false
		permitUndeclared: 	false
		failBlock: 	nil
		logged: 	nil
		changeStamp: 	nil
		protocol: 	nil
		requestor: 	nil
		priorMethod: 	nil


OpalCompiler>>evaluate
	Receiver: an OpalCompiler
	Arguments and temporary variables: 
		value: 	nil
		doItMethod: 	nil
	Receiver's instance variables: 
		ast: 	DoIt

	| rideClass |
	rideClass := ((Object << #Ride)
		              [..]
		source: 	'| rideClass |

rideClass := (Object << #Ride
    slots: { #rideID [..]
		compilationContext: 	an OCCompilationContext
		compilationContextClass: 	nil
		permitFaulty: 	false
		permitUndeclared: 	false
		failBlock: 	nil
		logged: 	nil
		changeStamp: 	nil
		protocol: 	nil
		requestor: 	nil
		priorMethod: 	nil


OpalCompiler>>evaluate:
	Receiver: an OpalCompiler
	Arguments and temporary variables: 
		textOrString: 	'| rideClass |

rideClass := (Object << #Ride
    slots: { #r[..]
	Receiver's instance variables: 
		ast: 	DoIt

	| rideClass |
	rideClass := ((Object << #Ride)
		              [..]
		source: 	'| rideClass |

rideClass := (Object << #Ride
    slots: { #rideID [..]
		compilationContext: 	an OCCompilationContext
		compilationContextClass: 	nil
		permitFaulty: 	false
		permitUndeclared: 	false
		failBlock: 	nil
		logged: 	nil
		changeStamp: 	nil
		protocol: 	nil
		requestor: 	nil
		priorMethod: 	nil


[
	result := Smalltalk compiler evaluate: aStream.
	self hasSessionChanged
		ifFalse: [
			self stdout
				print: result;
				lf ] ] in EvaluateCommandLineHandler>>evaluate:
	Receiver: an EvaluateCommandLineHandler
	Arguments and temporary variables: 
		aStream: 	'| rideClass |

rideClass := (Object << #Ride
    slots: { #rideID[..]
		result: 	nil
	Receiver's instance variables: 
		commandLine: 	a CommandLineArguments
		session: 	a WorkingSession
		stdout: 	a VTermOutputDriver
		stderr: 	a VTermOutputDriver
		sourceFiles: 	nil


FullBlockClosure(BlockClosure)>>on:do:
	Receiver: [
	result := Smalltalk compiler evaluate: aStream.
	self hasSessionChanged
		ifFalse: [..]
	Arguments and temporary variables: 
		exception: 	Error
		handlerAction: 	[ :error | self handleError: error ]
	Receiver's instance variables: 
		outerContext: 	EvaluateCommandLineHandler>>evaluate:
		compiledBlock: 	a CompiledBlock: [
	result := Smalltalk compiler evaluate: a[..]
		numArgs: 	0
		receiver: 	an EvaluateCommandLineHandler


EvaluateCommandLineHandler>>evaluate:
	Receiver: an EvaluateCommandLineHandler
	Arguments and temporary variables: 
		result: 	nil
		aStream: 	'| rideClass |

rideClass := (Object << #Ride
    slots: { #rideID[..]
	Receiver's instance variables: 
		commandLine: 	a CommandLineArguments
		session: 	a WorkingSession
		stdout: 	a VTermOutputDriver
		stderr: 	a VTermOutputDriver
		sourceFiles: 	nil


EvaluateCommandLineHandler>>evaluateArguments
	Receiver: an EvaluateCommandLineHandler
	Arguments and temporary variables: 
		argumentString: 	'| rideClass |

rideClass := (Object << #Ride
    slots: { [..]
	Receiver's instance variables: 
		commandLine: 	a CommandLineArguments
		session: 	a WorkingSession
		stdout: 	a VTermOutputDriver
		stderr: 	a VTermOutputDriver
		sourceFiles: 	nil


EvaluateCommandLineHandler>>activate
	Receiver: an EvaluateCommandLineHandler
	Arguments and temporary variables: 
x
	Receiver's instance variables: 
		commandLine: 	a CommandLineArguments
		session: 	a WorkingSession
		stdout: 	a VTermOutputDriver
		stderr: 	a VTermOutputDriver
		sourceFiles: 	nil


EvaluateCommandLineHandler class(CommandLineHandler class)>>activateWith:
	Receiver: EvaluateCommandLineHandler
	Arguments and temporary variables: 
		aCommandLine: 	a CommandLineArguments
	Receiver's instance variables: 
		superclass: 	STCommandLineHandler
		methodDict: 	a MethodDictionary(#activate->EvaluateCommandLineHandler>>#acti[..]
		format: 	65541
		layout: 	a FixedLayout
		protocols: 	an Array(Protocol (activation) - 4 selector(s) Protocol (command[..]
		subclasses: 	nil
		name: 	#EvaluateCommandLineHandler
		classPool: 	nil
		sharedPools: 	an OrderedCollection()
		environment: 	a SystemEnvironment(lots of globals)
		commentSourcePointer: 	16992060
		packageTag: 	a PackageTag(Base)


[ aCommandLinehandler activateWith: commandLine ] in PharoCommandLineHandler(BasicCommandLineHandler)>>activateSubCommand:
	Receiver: a PharoCommandLineHandler
	Arguments and temporary variables: 
		aCommandLinehandler: 	EvaluateCommandLineHandler
	Receiver's instance variables: 
		commandLine: 	a CommandLineArguments
		session: 	a WorkingSession
		stdout: 	a VTermOutputDriver
		stderr: 	a VTermOutputDriver


FullBlockClosure(BlockClosure)>>on:do:
	Receiver: [ aCommandLinehandler activateWith: commandLine ]
	Arguments and temporary variables: 
		exception: 	Exit
		handlerAction: 	[ :exit |
		^ self handleExit: exit for: aCommandLinehandler ]
	Receiver's instance variables: 
		outerContext: 	PharoCommandLineHandler(BasicCommandLineHandler)>>activateSub[..]
		compiledBlock: 	a CompiledBlock: [ aCommandLinehandler activateWith: command[..]
		numArgs: 	0
		receiver: 	a PharoCommandLineHandler


PharoCommandLineHandler(BasicCommandLineHandler)>>activateSubCommand:
	Receiver: a PharoCommandLineHandler
	Arguments and temporary variables: 
		aCommandLinehandler: 	EvaluateCommandLineHandler
	Receiver's instance variables: 
		commandLine: 	a CommandLineArguments
		session: 	a WorkingSession
		stdout: 	a VTermOutputDriver
		stderr: 	a VTermOutputDriver


PharoCommandLineHandler(BasicCommandLineHandler)>>handleSubcommand
	Receiver: a PharoCommandLineHandler
	Arguments and temporary variables: 
		handlers: 	an OrderedCollection(EvaluateCommandLineHandler)
	Receiver's instance variables: 
		commandLine: 	a CommandLineArguments
		session: 	a WorkingSession
		stdout: 	a VTermOutputDriver
		stderr: 	a VTermOutputDriver


PharoCommandLineHandler(BasicCommandLineHandler)>>handleArgument:
	Receiver: a PharoCommandLineHandler
	Arguments and temporary variables: 
		aString: 	'eval'
	Receiver's instance variables: 
		commandLine: 	a CommandLineArguments
		session: 	a WorkingSession
		stdout: 	a VTermOutputDriver
		stderr: 	a VTermOutputDriver


[ self handleArgument: self firstArgument ] in [ [ self handleArgument: self firstArgument ]
		on: Exit
		do: [ :exit |
			"If the command line is protected by password, we just exit the image because in non-headless mode the handleExit will let the image open. If the password protection is enabled, it is to avoid to let the access to the image."
			self class commandLinePasswordManager hasPasswordSet
				ifTrue: [ Smalltalk snapshot: false andQuit: true ].
			self handleExit: exit ] ] in PharoCommandLineHandler(BasicCommandLineHandler)>>activate
	Receiver: a PharoCommandLineHandler
	Arguments and temporary variables: 
x
	Receiver's instance variables: 
		commandLine: 	a CommandLineArguments
		session: 	a WorkingSession
		stdout: 	a VTermOutputDriver
		stderr: 	a VTermOutputDriver


FullBlockClosure(BlockClosure)>>on:do:
	Receiver: [ self handleArgument: self firstArgument ]
	Arguments and temporary variables: 
		exception: 	Exit
		handlerAction: 	[ :exit |
			"If the command line is protected by password, [..]
	Receiver's instance variables: 
		outerContext: 	[ [ self handleArgument: self firstArgument ]
		on: Exit
		do[..]
		compiledBlock: 	a CompiledBlock: [ self handleArgument: self firstArgument ]
		numArgs: 	0
		receiver: 	a PharoCommandLineHandler


[ [ self handleArgument: self firstArgument ]
		on: Exit
		do: [ :exit |
			"If the command line is protected by password, we just exit the image because in non-headless mode the handleExit will let the image open. If the password protection is enabled, it is to avoid to let the access to the image."
			self class commandLinePasswordManager hasPasswordSet
				ifTrue: [ Smalltalk snapshot: false andQuit: true ].
			self handleExit: exit ] ] in PharoCommandLineHandler(BasicCommandLineHandler)>>activate
	Receiver: a PharoCommandLineHandler
	Arguments and temporary variables: 
x
	Receiver's instance variables: 
		commandLine: 	a CommandLineArguments
		session: 	a WorkingSession
		stdout: 	a VTermOutputDriver
		stderr: 	a VTermOutputDriver


[self value.
			"IMPORTANT: Do not step over next line of code. See method comments for details"
			Processor terminateRealActive] in FullBlockClosure(BlockClosure)>>newProcess
	Receiver: [ [ self handleArgument: self firstArgument ]
		on: Exit
		do: [ :exit |
			"If the co[..]
	Arguments and temporary variables: 
x
	Receiver's instance variables: 
		outerContext: 	PharoCommandLineHandler(BasicCommandLineHandler)>>activate
		compiledBlock: 	a CompiledBlock: [ [ self handleArgument: self firstArgument[..]
		numArgs: 	0
		receiver: 	a PharoCommandLineHandler



--- The full stack ---
OCSyntaxErrorNotice(OCNotice)>>signalError
OpalCompiler>>checkNotice:
[ :n |
			| check |
			check := self checkNotice: n.
			check ifNil: [ ^ ast ].
			check ifFalse: [
				ast := nil.
				^ self failBlock ifNotNil: [ :block | block cull: n ] ifNil: [ nil ].
				] ] in OpalCompiler>>parse
OrderedCollection>>do:
OpalCompiler>>parse
OpalCompiler>>compile
OpalCompiler>>evaluate
OpalCompiler>>evaluate:
[
	result := Smalltalk compiler evaluate: aStream.
	self hasSessionChanged
		ifFalse: [
			self stdout
				print: result;
				lf ] ] in EvaluateCommandLineHandler>>evaluate:
FullBlockClosure(BlockClosure)>>on:do:
EvaluateCommandLineHandler>>evaluate:
EvaluateCommandLineHandler>>evaluateArguments
EvaluateCommandLineHandler>>activate
EvaluateCommandLineHandler class(CommandLineHandler class)>>activateWith:
[ aCommandLinehandler activateWith: commandLine ] in PharoCommandLineHandler(BasicCommandLineHandler)>>activateSubCommand:
FullBlockClosure(BlockClosure)>>on:do:
PharoCommandLineHandler(BasicCommandLineHandler)>>activateSubCommand:
PharoCommandLineHandler(BasicCommandLineHandler)>>handleSubcommand
PharoCommandLineHandler(BasicCommandLineHandler)>>handleArgument:
[ self handleArgument: self firstArgument ] in [ [ self handleArgument: self firstArgument ]
		on: Exit
		do: [ :exit |
			"If the command line is protected by password, we just exit the image because in non-headless mode the handleExit will let the image open. If the password protection is enabled, it is to avoid to let the access to the image."
			self class commandLinePasswordManager hasPasswordSet
				ifTrue: [ Smalltalk snapshot: false andQuit: true ].
			self handleExit: exit ] ] in PharoCommandLineHandler(BasicCommandLineHandler)>>activate
FullBlockClosure(BlockClosure)>>on:do:
[ [ self handleArgument: self firstArgument ]
		on: Exit
		do: [ :exit |
			"If the command line is protected by password, we just exit the image because in non-headless mode the handleExit will let the image open. If the password protection is enabled, it is to avoid to let the access to the image."
			self class commandLinePasswordManager hasPasswordSet
				ifTrue: [ Smalltalk snapshot: false andQuit: true ].
			self handleExit: exit ] ] in PharoCommandLineHandler(BasicCommandLineHandler)>>activate
[self value.
			"IMPORTANT: Do not step over next line of code. See method comments for details"
			Processor terminateRealActive] in FullBlockClosure(BlockClosure)>>newProcess
-------------------------------------------------------------------------------

Processes and their stacks: 
Process: a Process in AtomicSharedQueue>>waitForNewItems
  stack:

AtomicSharedQueue>>waitForNewItems
AtomicSharedQueue>>next
TKTWorkerProcess>>privateNextTask
TKTWorkerProcess>>workerLoop
MessageSend>>value
[ aValuable value ] in TKTPharoProcessProvider>>createProcessDoing:named:
[self value.
			"IMPORTANT: Do not step over next line of code. See method comments for details"
			Processor terminateRealActive] in FullBlockClosure(BlockClosure)>>newProcess
------------------------------

Process: a Process in AtomicSharedQueue>>waitForNewItems
  stack:

AtomicSharedQueue>>waitForNewItems
AtomicSharedQueue>>next
TKTWorkerProcess>>privateNextTask
TKTWorkerProcess>>workerLoop
MessageSend>>value
[ aValuable value ] in TKTPharoProcessProvider>>createProcessDoing:named:
[self value.
			"IMPORTANT: Do not step over next line of code. See method comments for details"
			Processor terminateRealActive] in FullBlockClosure(BlockClosure)>>newProcess
------------------------------

Process: a Process in DelayMicrosecondTicker>>waitForUserSignalled:orExpired:
  stack:

DelayMicrosecondTicker>>waitForUserSignalled:orExpired:
[  [runTimerEventLoop] whileTrue:
		[	|nowTick|
			"Warning! Stepping <Over> the following line may lock the Image. Use <Into> or <Proceed>."
		 	ticker waitForUserSignalled: timingSemaphore orExpired: activeDelay.

			"Invoke the api back-ends, which set the transfer-variable to nil"
			suspendSemaphore ifNotNil: [ self suspendAtTimingPriority    ].
			delayToStart     ifNotNil: [ self scheduleAtTimingPriority   ].
			delayToStop      ifNotNil: [ self unscheduleAtTimingPriority ].

			"Signal any expired delays"
			nowTick := ticker nowTick.
			[ 	activeDelay isNotNil and: [nowTick >= activeDelay resumptionTick] ]
					whileTrue: [
						activeDelay timingPrioritySignalExpired.
						activeDelay := suspendedDelays removeFirstOrNil ].
		]
	] in DelaySemaphoreScheduler(DelayBasicScheduler)>>runBackendLoopAtTimingPriority
FullBlockClosure(BlockClosure)>>ensure:
DelaySemaphoreScheduler(DelayBasicScheduler)>>runBackendLoopAtTimingPriority
[ self runBackendLoopAtTimingPriority ] in DelaySemaphoreScheduler(DelayBasicScheduler)>>startTimerEventLoopPriority:
[self value.
			"IMPORTANT: Do not step over next line of code. See method comments for details"
			Processor terminateRealActive] in FullBlockClosure(BlockClosure)>>newProcess
------------------------------

Process: a Process in MorphicRenderLoop>>doOneCycleWhile:
  stack:

MorphicRenderLoop>>doOneCycleWhile:
[ MorphicRenderLoop new doOneCycleWhile: [ true ] ] in MorphicUIManager>>spawnNewProcess
[self value.
			"IMPORTANT: Do not step over next line of code. See method comments for details"
			Processor terminateRealActive] in FullBlockClosure(BlockClosure)>>newProcess
------------------------------

Process: a Process in Process>>endProcess
  stack:

Process>>endProcess
------------------------------

Process: a Process in Process>>endProcess
  stack:

Process>>endProcess
------------------------------

Process: a Process in Process>>endProcess
  stack:

Process>>endProcess
------------------------------

Process: a Process in Process>>endProcess
  stack:

Process>>endProcess
------------------------------

Process: a Process in Process>>endProcess
  stack:

Process>>endProcess
------------------------------

Process: a Process in SmalltalkImage>>lowSpaceWatcher
  stack:

SmalltalkImage>>lowSpaceWatcher
[ self lowSpaceWatcher ] in SmalltalkImage>>installLowSpaceWatcher
[self value.
			"IMPORTANT: Do not step over next line of code. See method comments for details"
			Processor terminateRealActive] in FullBlockClosure(BlockClosure)>>newProcess
------------------------------

Process: a Process in [self value.
			"IMPORTANT: Do not step over next line of code. See method comments for details"
			Processor terminateRealActive] in FullBlockClosure(BlockClosure)>>newProcess
  stack:

[self value.
			"IMPORTANT: Do not step over next line of code. See method comments for details"
			Processor terminateRealActive] in FullBlockClosure(BlockClosure)>>newProcess
------------------------------

Process: a Process in FinalizationProcess class>>finalizationProcess
  stack:

FinalizationProcess class>>finalizationProcess
[self finalizationProcess] in FinalizationProcess class>>restartFinalizationProcess
[self value.
			"IMPORTANT: Do not step over next line of code. See method comments for details"
			Processor terminateRealActive] in FullBlockClosure(BlockClosure)>>newProcess
------------------------------

Process: a Process in nil
  stack:

Array(SequenceableCollection)>>do:
[:logger |
		logger nextPutAll: 'Processes and their stacks: ';cr.

		Process allInstances do: [:each | | ctx |
			logger nextPutAll: 'Process: '; print: each; cr; nextPutAll: '  stack:'; cr; cr.

			ctx := each isActive ifTrue: [ thisContext sender ] ifFalse: [ each suspendedContext ].
			ctx ifNotNil: [
				(ctx stackOfSize: 20) do: [:s | logger print: s; cr ]].
			logger nextPutAll: '------------------------------'; cr; cr.
		]] in [ Smalltalk
		logError: aString
		inContext: aContext.

	" Print stacks of all current processes "

	Smalltalk logDuring: [:logger |
		logger nextPutAll: 'Processes and their stacks: ';cr.

		Process allInstances do: [:each | | ctx |
			logger nextPutAll: 'Process: '; print: each; cr; nextPutAll: '  stack:'; cr; cr.

			ctx := each isActive ifTrue: [ thisContext sender ] ifFalse: [ each suspendedContext ].
			ctx ifNotNil: [
				(ctx stackOfSize: 20) do: [:s | logger print: s; cr ]].
			logger nextPutAll: '------------------------------'; cr; cr.
		]].
	] in NonInteractiveUIManager(CommandLineUIManager)>>quitFrom:withMessage:
[
		logStream := self openLog.
		aMonadicBlock value: logStream.
	] in SmalltalkImage>>logDuring:
FullBlockClosure(BlockClosure)>>ensure:
SmalltalkImage>>logDuring:
[ Smalltalk
		logError: aString
		inContext: aContext.

	" Print stacks of all current processes "

	Smalltalk logDuring: [:logger |
		logger nextPutAll: 'Processes and their stacks: ';cr.

		Process allInstances do: [:each | | ctx |
			logger nextPutAll: 'Process: '; print: each; cr; nextPutAll: '  stack:'; cr; cr.

			ctx := each isActive ifTrue: [ thisContext sender ] ifFalse: [ each suspendedContext ].
			ctx ifNotNil: [
				(ctx stackOfSize: 20) do: [:s | logger print: s; cr ]].
			logger nextPutAll: '------------------------------'; cr; cr.
		]].
	] in NonInteractiveUIManager(CommandLineUIManager)>>quitFrom:withMessage:
FullBlockClosure(BlockClosure)>>ensure:
NonInteractiveUIManager(CommandLineUIManager)>>quitFrom:withMessage:
NonInteractiveUIManager(CommandLineUIManager)>>handleError:log:
NonInteractiveUIManager(UIManager)>>handleError:
Process>>handleError:
OCCodeError(Exception)>>unhandledErrorAction
UnhandledError>>defaultAction
UndefinedObject>>handleSignal:
Context>>handleSignal:
Context>>handleSignal:
Context>>handleSignal:
UnhandledError(Exception)>>signal
UnhandledError class>>signalForException:
OCCodeError(Exception)>>raiseUnhandledError
------------------------------

Process: a Process in Process>>endProcess
  stack:

Process>>endProcess
------------------------------

Process: a Process in Process>>endProcess
  stack:

Process>>endProcess
------------------------------

Process: a Process in Process>>endProcess
  stack:

Process>>endProcess
------------------------------

Process: a Process in [
		[ true ] whileTrue: [
			semaphore wait.
			[self executeCallback: self nextPendingCallback]
				on: Exception fork:  [:ex | ex pass ] ] ] in TFCallbackQueue>>forkCallbackProcess
  stack:

[
		[ true ] whileTrue: [
			semaphore wait.
			[self executeCallback: self nextPendingCallback]
				on: Exception fork:  [:ex | ex pass ] ] ] in TFCallbackQueue>>forkCallbackProcess
[self value.
			"IMPORTANT: Do not step over next line of code. See method comments for details"
			Processor terminateRealActive] in FullBlockClosure(BlockClosure)>>newProcess
------------------------------

Process: a Process in Process>>endProcess
  stack:

Process>>endProcess
------------------------------

